[2026-05-01T13:24:26.338+0000] {processor.py:161} INFO - Started process (PID=63) to work on /home/airflow/.local/lib/python3.12/site-packages/airflow/example_dags/example_subdag_operator.py
[2026-05-01T13:24:26.347+0000] {processor.py:830} INFO - Processing file /home/airflow/.local/lib/python3.12/site-packages/airflow/example_dags/example_subdag_operator.py for tasks to queue
[2026-05-01T13:24:26.365+0000] {logging_mixin.py:188} INFO - [2026-05-01T13:24:26.364+0000] {dagbag.py:545} INFO - Filling up the DagBag from /home/airflow/.local/lib/python3.12/site-packages/airflow/example_dags/example_subdag_operator.py
[2026-05-01T13:24:26.661+0000] {processor.py:840} INFO - DAG(s) 'example_subdag_operator.section-1', 'example_subdag_operator.section-2', 'example_subdag_operator' retrieved from /home/airflow/.local/lib/python3.12/site-packages/airflow/example_dags/example_subdag_operator.py
[2026-05-01T13:24:27.295+0000] {logging_mixin.py:188} INFO - [2026-05-01T13:24:27.294+0000] {override.py:1858} INFO - Created Permission View: can delete on DAG:example_subdag_operator
[2026-05-01T13:24:27.359+0000] {logging_mixin.py:188} INFO - [2026-05-01T13:24:27.358+0000] {override.py:1858} INFO - Created Permission View: can edit on DAG:example_subdag_operator
[2026-05-01T13:24:27.403+0000] {logging_mixin.py:188} INFO - [2026-05-01T13:24:27.403+0000] {override.py:1858} INFO - Created Permission View: can read on DAG:example_subdag_operator
[2026-05-01T13:24:27.405+0000] {logging_mixin.py:188} INFO - [2026-05-01T13:24:27.405+0000] {dag.py:3089} INFO - Sync 3 DAGs
[2026-05-01T13:24:27.459+0000] {logging_mixin.py:188} INFO - [2026-05-01T13:24:27.459+0000] {dag.py:3111} INFO - Creating ORM DAG for example_subdag_operator.section-1
[2026-05-01T13:24:27.471+0000] {logging_mixin.py:188} INFO - [2026-05-01T13:24:27.470+0000] {dag.py:3111} INFO - Creating ORM DAG for example_subdag_operator.section-2
[2026-05-01T13:24:27.480+0000] {logging_mixin.py:188} INFO - [2026-05-01T13:24:27.477+0000] {dag.py:3111} INFO - Creating ORM DAG for example_subdag_operator
[2026-05-01T13:24:27.531+0000] {logging_mixin.py:188} INFO - [2026-05-01T13:24:27.531+0000] {dag.py:3947} INFO - Setting next_dagrun for example_subdag_operator to 2022-01-01 00:00:00+00:00, run_after=2022-01-01 00:00:00+00:00
[2026-05-01T13:24:27.540+0000] {logging_mixin.py:188} INFO - [2026-05-01T13:24:27.538+0000] {dag.py:3947} INFO - Setting next_dagrun for example_subdag_operator.section-1 to None, run_after=None
[2026-05-01T13:24:27.546+0000] {logging_mixin.py:188} INFO - [2026-05-01T13:24:27.545+0000] {dag.py:3947} INFO - Setting next_dagrun for example_subdag_operator.section-2 to None, run_after=None
[2026-05-01T13:24:27.606+0000] {logging_mixin.py:188} INFO - [2026-05-01T13:24:27.606+0000] {dag.py:3089} INFO - Sync 2 DAGs
[2026-05-01T13:24:27.639+0000] {logging_mixin.py:188} INFO - [2026-05-01T13:24:27.638+0000] {dag.py:3947} INFO - Setting next_dagrun for example_subdag_operator.section-1 to None, run_after=None
[2026-05-01T13:24:27.655+0000] {logging_mixin.py:188} INFO - [2026-05-01T13:24:27.655+0000] {dag.py:3947} INFO - Setting next_dagrun for example_subdag_operator.section-2 to None, run_after=None
[2026-05-01T13:24:27.722+0000] {processor.py:183} INFO - Processing /home/airflow/.local/lib/python3.12/site-packages/airflow/example_dags/example_subdag_operator.py took 1.413 seconds
[2026-05-01T13:25:21.231+0000] {processor.py:161} INFO - Started process (PID=126) to work on /home/airflow/.local/lib/python3.12/site-packages/airflow/example_dags/example_subdag_operator.py
[2026-05-01T13:25:21.252+0000] {processor.py:830} INFO - Processing file /home/airflow/.local/lib/python3.12/site-packages/airflow/example_dags/example_subdag_operator.py for tasks to queue
[2026-05-01T13:25:21.274+0000] {logging_mixin.py:188} INFO - [2026-05-01T13:25:21.270+0000] {dagbag.py:545} INFO - Filling up the DagBag from /home/airflow/.local/lib/python3.12/site-packages/airflow/example_dags/example_subdag_operator.py
[2026-05-01T13:25:21.703+0000] {processor.py:840} INFO - DAG(s) 'example_subdag_operator.section-1', 'example_subdag_operator.section-2', 'example_subdag_operator' retrieved from /home/airflow/.local/lib/python3.12/site-packages/airflow/example_dags/example_subdag_operator.py
[2026-05-01T13:25:21.727+0000] {logging_mixin.py:188} INFO - [2026-05-01T13:25:21.726+0000] {dag.py:3089} INFO - Sync 3 DAGs
[2026-05-01T13:25:21.914+0000] {logging_mixin.py:188} INFO - [2026-05-01T13:25:21.914+0000] {dag.py:3947} INFO - Setting next_dagrun for example_subdag_operator to 2022-01-01 00:00:00+00:00, run_after=2022-01-01 00:00:00+00:00
[2026-05-01T13:25:21.956+0000] {logging_mixin.py:188} INFO - [2026-05-01T13:25:21.956+0000] {dag.py:3947} INFO - Setting next_dagrun for example_subdag_operator.section-1 to None, run_after=None
[2026-05-01T13:25:21.979+0000] {logging_mixin.py:188} INFO - [2026-05-01T13:25:21.979+0000] {dag.py:3947} INFO - Setting next_dagrun for example_subdag_operator.section-2 to None, run_after=None
[2026-05-01T13:25:22.042+0000] {logging_mixin.py:188} INFO - [2026-05-01T13:25:22.042+0000] {dag.py:3089} INFO - Sync 2 DAGs
[2026-05-01T13:25:22.086+0000] {logging_mixin.py:188} INFO - [2026-05-01T13:25:22.086+0000] {dag.py:3947} INFO - Setting next_dagrun for example_subdag_operator.section-1 to None, run_after=None
[2026-05-01T13:25:22.099+0000] {logging_mixin.py:188} INFO - [2026-05-01T13:25:22.096+0000] {dag.py:3947} INFO - Setting next_dagrun for example_subdag_operator.section-2 to None, run_after=None
[2026-05-01T13:25:22.181+0000] {processor.py:183} INFO - Processing /home/airflow/.local/lib/python3.12/site-packages/airflow/example_dags/example_subdag_operator.py took 1.020 seconds
[2026-05-01T13:25:52.385+0000] {processor.py:161} INFO - Started process (PID=184) to work on /home/airflow/.local/lib/python3.12/site-packages/airflow/example_dags/example_subdag_operator.py
[2026-05-01T13:25:52.389+0000] {processor.py:830} INFO - Processing file /home/airflow/.local/lib/python3.12/site-packages/airflow/example_dags/example_subdag_operator.py for tasks to queue
[2026-05-01T13:25:52.398+0000] {logging_mixin.py:188} INFO - [2026-05-01T13:25:52.398+0000] {dagbag.py:545} INFO - Filling up the DagBag from /home/airflow/.local/lib/python3.12/site-packages/airflow/example_dags/example_subdag_operator.py
[2026-05-01T13:25:52.455+0000] {processor.py:840} INFO - DAG(s) 'example_subdag_operator.section-1', 'example_subdag_operator.section-2', 'example_subdag_operator' retrieved from /home/airflow/.local/lib/python3.12/site-packages/airflow/example_dags/example_subdag_operator.py
[2026-05-01T13:25:52.715+0000] {logging_mixin.py:188} INFO - [2026-05-01T13:25:52.714+0000] {dag.py:3089} INFO - Sync 3 DAGs
[2026-05-01T13:25:52.920+0000] {logging_mixin.py:188} INFO - [2026-05-01T13:25:52.920+0000] {dag.py:3947} INFO - Setting next_dagrun for example_subdag_operator to 2022-01-01 00:00:00+00:00, run_after=2022-01-01 00:00:00+00:00
[2026-05-01T13:25:52.933+0000] {logging_mixin.py:188} INFO - [2026-05-01T13:25:52.932+0000] {dag.py:3947} INFO - Setting next_dagrun for example_subdag_operator.section-1 to None, run_after=None
[2026-05-01T13:25:52.943+0000] {logging_mixin.py:188} INFO - [2026-05-01T13:25:52.943+0000] {dag.py:3947} INFO - Setting next_dagrun for example_subdag_operator.section-2 to None, run_after=None
[2026-05-01T13:25:52.979+0000] {logging_mixin.py:188} INFO - [2026-05-01T13:25:52.978+0000] {dag.py:3089} INFO - Sync 2 DAGs
[2026-05-01T13:25:52.994+0000] {logging_mixin.py:188} INFO - [2026-05-01T13:25:52.994+0000] {dag.py:3947} INFO - Setting next_dagrun for example_subdag_operator.section-1 to None, run_after=None
[2026-05-01T13:25:52.999+0000] {logging_mixin.py:188} INFO - [2026-05-01T13:25:52.997+0000] {dag.py:3947} INFO - Setting next_dagrun for example_subdag_operator.section-2 to None, run_after=None
[2026-05-01T13:25:53.024+0000] {processor.py:183} INFO - Processing /home/airflow/.local/lib/python3.12/site-packages/airflow/example_dags/example_subdag_operator.py took 0.656 seconds
[2026-05-01T13:26:23.217+0000] {processor.py:161} INFO - Started process (PID=242) to work on /home/airflow/.local/lib/python3.12/site-packages/airflow/example_dags/example_subdag_operator.py
[2026-05-01T13:26:23.222+0000] {processor.py:830} INFO - Processing file /home/airflow/.local/lib/python3.12/site-packages/airflow/example_dags/example_subdag_operator.py for tasks to queue
[2026-05-01T13:26:23.230+0000] {logging_mixin.py:188} INFO - [2026-05-01T13:26:23.229+0000] {dagbag.py:545} INFO - Filling up the DagBag from /home/airflow/.local/lib/python3.12/site-packages/airflow/example_dags/example_subdag_operator.py
[2026-05-01T13:26:23.266+0000] {processor.py:840} INFO - DAG(s) 'example_subdag_operator.section-1', 'example_subdag_operator.section-2', 'example_subdag_operator' retrieved from /home/airflow/.local/lib/python3.12/site-packages/airflow/example_dags/example_subdag_operator.py
[2026-05-01T13:26:23.312+0000] {logging_mixin.py:188} INFO - [2026-05-01T13:26:23.312+0000] {dag.py:3089} INFO - Sync 3 DAGs
[2026-05-01T13:26:23.348+0000] {logging_mixin.py:188} INFO - [2026-05-01T13:26:23.348+0000] {dag.py:3947} INFO - Setting next_dagrun for example_subdag_operator to 2022-01-01 00:00:00+00:00, run_after=2022-01-01 00:00:00+00:00
[2026-05-01T13:26:23.354+0000] {logging_mixin.py:188} INFO - [2026-05-01T13:26:23.354+0000] {dag.py:3947} INFO - Setting next_dagrun for example_subdag_operator.section-1 to None, run_after=None
[2026-05-01T13:26:23.358+0000] {logging_mixin.py:188} INFO - [2026-05-01T13:26:23.358+0000] {dag.py:3947} INFO - Setting next_dagrun for example_subdag_operator.section-2 to None, run_after=None
[2026-05-01T13:26:23.369+0000] {logging_mixin.py:188} INFO - [2026-05-01T13:26:23.369+0000] {dag.py:3089} INFO - Sync 2 DAGs
[2026-05-01T13:26:23.381+0000] {logging_mixin.py:188} INFO - [2026-05-01T13:26:23.381+0000] {dag.py:3947} INFO - Setting next_dagrun for example_subdag_operator.section-1 to None, run_after=None
[2026-05-01T13:26:23.384+0000] {logging_mixin.py:188} INFO - [2026-05-01T13:26:23.384+0000] {dag.py:3947} INFO - Setting next_dagrun for example_subdag_operator.section-2 to None, run_after=None
[2026-05-01T13:26:23.403+0000] {processor.py:183} INFO - Processing /home/airflow/.local/lib/python3.12/site-packages/airflow/example_dags/example_subdag_operator.py took 0.195 seconds
[2026-05-01T13:26:53.573+0000] {processor.py:161} INFO - Started process (PID=300) to work on /home/airflow/.local/lib/python3.12/site-packages/airflow/example_dags/example_subdag_operator.py
[2026-05-01T13:26:53.578+0000] {processor.py:830} INFO - Processing file /home/airflow/.local/lib/python3.12/site-packages/airflow/example_dags/example_subdag_operator.py for tasks to queue
[2026-05-01T13:26:53.587+0000] {logging_mixin.py:188} INFO - [2026-05-01T13:26:53.585+0000] {dagbag.py:545} INFO - Filling up the DagBag from /home/airflow/.local/lib/python3.12/site-packages/airflow/example_dags/example_subdag_operator.py
[2026-05-01T13:26:53.656+0000] {processor.py:840} INFO - DAG(s) 'example_subdag_operator.section-1', 'example_subdag_operator.section-2', 'example_subdag_operator' retrieved from /home/airflow/.local/lib/python3.12/site-packages/airflow/example_dags/example_subdag_operator.py
[2026-05-01T13:26:53.677+0000] {logging_mixin.py:188} INFO - [2026-05-01T13:26:53.677+0000] {dag.py:3089} INFO - Sync 3 DAGs
[2026-05-01T13:26:53.708+0000] {logging_mixin.py:188} INFO - [2026-05-01T13:26:53.708+0000] {dag.py:3947} INFO - Setting next_dagrun for example_subdag_operator to 2022-01-01 00:00:00+00:00, run_after=2022-01-01 00:00:00+00:00
[2026-05-01T13:26:53.714+0000] {logging_mixin.py:188} INFO - [2026-05-01T13:26:53.714+0000] {dag.py:3947} INFO - Setting next_dagrun for example_subdag_operator.section-1 to None, run_after=None
[2026-05-01T13:26:53.717+0000] {logging_mixin.py:188} INFO - [2026-05-01T13:26:53.717+0000] {dag.py:3947} INFO - Setting next_dagrun for example_subdag_operator.section-2 to None, run_after=None
[2026-05-01T13:26:53.728+0000] {logging_mixin.py:188} INFO - [2026-05-01T13:26:53.728+0000] {dag.py:3089} INFO - Sync 2 DAGs
[2026-05-01T13:26:53.737+0000] {logging_mixin.py:188} INFO - [2026-05-01T13:26:53.737+0000] {dag.py:3947} INFO - Setting next_dagrun for example_subdag_operator.section-1 to None, run_after=None
[2026-05-01T13:26:53.740+0000] {logging_mixin.py:188} INFO - [2026-05-01T13:26:53.740+0000] {dag.py:3947} INFO - Setting next_dagrun for example_subdag_operator.section-2 to None, run_after=None
[2026-05-01T13:26:53.756+0000] {processor.py:183} INFO - Processing /home/airflow/.local/lib/python3.12/site-packages/airflow/example_dags/example_subdag_operator.py took 0.195 seconds
[2026-05-01T13:27:23.916+0000] {processor.py:161} INFO - Started process (PID=358) to work on /home/airflow/.local/lib/python3.12/site-packages/airflow/example_dags/example_subdag_operator.py
[2026-05-01T13:27:23.920+0000] {processor.py:830} INFO - Processing file /home/airflow/.local/lib/python3.12/site-packages/airflow/example_dags/example_subdag_operator.py for tasks to queue
[2026-05-01T13:27:23.929+0000] {logging_mixin.py:188} INFO - [2026-05-01T13:27:23.928+0000] {dagbag.py:545} INFO - Filling up the DagBag from /home/airflow/.local/lib/python3.12/site-packages/airflow/example_dags/example_subdag_operator.py
[2026-05-01T13:27:23.969+0000] {processor.py:840} INFO - DAG(s) 'example_subdag_operator.section-1', 'example_subdag_operator.section-2', 'example_subdag_operator' retrieved from /home/airflow/.local/lib/python3.12/site-packages/airflow/example_dags/example_subdag_operator.py
[2026-05-01T13:27:24.004+0000] {logging_mixin.py:188} INFO - [2026-05-01T13:27:24.003+0000] {dag.py:3089} INFO - Sync 3 DAGs
[2026-05-01T13:27:24.047+0000] {logging_mixin.py:188} INFO - [2026-05-01T13:27:24.046+0000] {dag.py:3947} INFO - Setting next_dagrun for example_subdag_operator to 2022-01-01 00:00:00+00:00, run_after=2022-01-01 00:00:00+00:00
[2026-05-01T13:27:24.053+0000] {logging_mixin.py:188} INFO - [2026-05-01T13:27:24.053+0000] {dag.py:3947} INFO - Setting next_dagrun for example_subdag_operator.section-1 to None, run_after=None
[2026-05-01T13:27:24.064+0000] {logging_mixin.py:188} INFO - [2026-05-01T13:27:24.064+0000] {dag.py:3947} INFO - Setting next_dagrun for example_subdag_operator.section-2 to None, run_after=None
[2026-05-01T13:27:24.088+0000] {logging_mixin.py:188} INFO - [2026-05-01T13:27:24.087+0000] {dag.py:3089} INFO - Sync 2 DAGs
[2026-05-01T13:27:24.101+0000] {logging_mixin.py:188} INFO - [2026-05-01T13:27:24.100+0000] {dag.py:3947} INFO - Setting next_dagrun for example_subdag_operator.section-1 to None, run_after=None
[2026-05-01T13:27:24.103+0000] {logging_mixin.py:188} INFO - [2026-05-01T13:27:24.102+0000] {dag.py:3947} INFO - Setting next_dagrun for example_subdag_operator.section-2 to None, run_after=None
[2026-05-01T13:27:24.125+0000] {processor.py:183} INFO - Processing /home/airflow/.local/lib/python3.12/site-packages/airflow/example_dags/example_subdag_operator.py took 0.227 seconds
[2026-05-01T13:27:54.687+0000] {processor.py:161} INFO - Started process (PID=417) to work on /home/airflow/.local/lib/python3.12/site-packages/airflow/example_dags/example_subdag_operator.py
[2026-05-01T13:27:54.690+0000] {processor.py:830} INFO - Processing file /home/airflow/.local/lib/python3.12/site-packages/airflow/example_dags/example_subdag_operator.py for tasks to queue
[2026-05-01T13:27:54.695+0000] {logging_mixin.py:188} INFO - [2026-05-01T13:27:54.694+0000] {dagbag.py:545} INFO - Filling up the DagBag from /home/airflow/.local/lib/python3.12/site-packages/airflow/example_dags/example_subdag_operator.py
[2026-05-01T13:27:54.741+0000] {processor.py:840} INFO - DAG(s) 'example_subdag_operator.section-1', 'example_subdag_operator.section-2', 'example_subdag_operator' retrieved from /home/airflow/.local/lib/python3.12/site-packages/airflow/example_dags/example_subdag_operator.py
[2026-05-01T13:27:54.766+0000] {logging_mixin.py:188} INFO - [2026-05-01T13:27:54.766+0000] {dag.py:3089} INFO - Sync 3 DAGs
[2026-05-01T13:27:54.802+0000] {logging_mixin.py:188} INFO - [2026-05-01T13:27:54.802+0000] {dag.py:3947} INFO - Setting next_dagrun for example_subdag_operator to 2022-01-01 00:00:00+00:00, run_after=2022-01-01 00:00:00+00:00
[2026-05-01T13:27:54.810+0000] {logging_mixin.py:188} INFO - [2026-05-01T13:27:54.809+0000] {dag.py:3947} INFO - Setting next_dagrun for example_subdag_operator.section-1 to None, run_after=None
[2026-05-01T13:27:54.815+0000] {logging_mixin.py:188} INFO - [2026-05-01T13:27:54.814+0000] {dag.py:3947} INFO - Setting next_dagrun for example_subdag_operator.section-2 to None, run_after=None
[2026-05-01T13:27:54.828+0000] {logging_mixin.py:188} INFO - [2026-05-01T13:27:54.828+0000] {dag.py:3089} INFO - Sync 2 DAGs
[2026-05-01T13:27:54.846+0000] {logging_mixin.py:188} INFO - [2026-05-01T13:27:54.845+0000] {dag.py:3947} INFO - Setting next_dagrun for example_subdag_operator.section-1 to None, run_after=None
[2026-05-01T13:27:54.850+0000] {logging_mixin.py:188} INFO - [2026-05-01T13:27:54.849+0000] {dag.py:3947} INFO - Setting next_dagrun for example_subdag_operator.section-2 to None, run_after=None
[2026-05-01T13:27:54.875+0000] {processor.py:183} INFO - Processing /home/airflow/.local/lib/python3.12/site-packages/airflow/example_dags/example_subdag_operator.py took 0.199 seconds
[2026-05-01T13:28:26.049+0000] {processor.py:161} INFO - Started process (PID=475) to work on /home/airflow/.local/lib/python3.12/site-packages/airflow/example_dags/example_subdag_operator.py
[2026-05-01T13:28:26.062+0000] {processor.py:830} INFO - Processing file /home/airflow/.local/lib/python3.12/site-packages/airflow/example_dags/example_subdag_operator.py for tasks to queue
[2026-05-01T13:28:26.074+0000] {logging_mixin.py:188} INFO - [2026-05-01T13:28:26.070+0000] {dagbag.py:545} INFO - Filling up the DagBag from /home/airflow/.local/lib/python3.12/site-packages/airflow/example_dags/example_subdag_operator.py
[2026-05-01T13:28:26.161+0000] {processor.py:840} INFO - DAG(s) 'example_subdag_operator.section-1', 'example_subdag_operator.section-2', 'example_subdag_operator' retrieved from /home/airflow/.local/lib/python3.12/site-packages/airflow/example_dags/example_subdag_operator.py
[2026-05-01T13:28:26.254+0000] {logging_mixin.py:188} INFO - [2026-05-01T13:28:26.253+0000] {dag.py:3089} INFO - Sync 3 DAGs
[2026-05-01T13:28:26.497+0000] {logging_mixin.py:188} INFO - [2026-05-01T13:28:26.496+0000] {dag.py:3947} INFO - Setting next_dagrun for example_subdag_operator to 2022-01-01 00:00:00+00:00, run_after=2022-01-01 00:00:00+00:00
[2026-05-01T13:28:26.579+0000] {logging_mixin.py:188} INFO - [2026-05-01T13:28:26.561+0000] {dag.py:3947} INFO - Setting next_dagrun for example_subdag_operator.section-1 to None, run_after=None
[2026-05-01T13:28:26.624+0000] {logging_mixin.py:188} INFO - [2026-05-01T13:28:26.621+0000] {dag.py:3947} INFO - Setting next_dagrun for example_subdag_operator.section-2 to None, run_after=None
[2026-05-01T13:28:26.679+0000] {logging_mixin.py:188} INFO - [2026-05-01T13:28:26.679+0000] {dag.py:3089} INFO - Sync 2 DAGs
[2026-05-01T13:28:26.734+0000] {logging_mixin.py:188} INFO - [2026-05-01T13:28:26.728+0000] {dag.py:3947} INFO - Setting next_dagrun for example_subdag_operator.section-1 to None, run_after=None
[2026-05-01T13:28:26.744+0000] {logging_mixin.py:188} INFO - [2026-05-01T13:28:26.743+0000] {dag.py:3947} INFO - Setting next_dagrun for example_subdag_operator.section-2 to None, run_after=None
[2026-05-01T13:28:26.817+0000] {processor.py:183} INFO - Processing /home/airflow/.local/lib/python3.12/site-packages/airflow/example_dags/example_subdag_operator.py took 0.802 seconds
[2026-05-01T13:28:57.227+0000] {processor.py:161} INFO - Started process (PID=531) to work on /home/airflow/.local/lib/python3.12/site-packages/airflow/example_dags/example_subdag_operator.py
[2026-05-01T13:28:57.232+0000] {processor.py:830} INFO - Processing file /home/airflow/.local/lib/python3.12/site-packages/airflow/example_dags/example_subdag_operator.py for tasks to queue
[2026-05-01T13:28:57.238+0000] {logging_mixin.py:188} INFO - [2026-05-01T13:28:57.237+0000] {dagbag.py:545} INFO - Filling up the DagBag from /home/airflow/.local/lib/python3.12/site-packages/airflow/example_dags/example_subdag_operator.py
[2026-05-01T13:28:57.277+0000] {processor.py:840} INFO - DAG(s) 'example_subdag_operator.section-1', 'example_subdag_operator.section-2', 'example_subdag_operator' retrieved from /home/airflow/.local/lib/python3.12/site-packages/airflow/example_dags/example_subdag_operator.py
[2026-05-01T13:28:57.304+0000] {logging_mixin.py:188} INFO - [2026-05-01T13:28:57.304+0000] {dag.py:3089} INFO - Sync 3 DAGs
[2026-05-01T13:28:57.341+0000] {logging_mixin.py:188} INFO - [2026-05-01T13:28:57.341+0000] {dag.py:3947} INFO - Setting next_dagrun for example_subdag_operator to 2022-01-01 00:00:00+00:00, run_after=2022-01-01 00:00:00+00:00
[2026-05-01T13:28:57.351+0000] {logging_mixin.py:188} INFO - [2026-05-01T13:28:57.351+0000] {dag.py:3947} INFO - Setting next_dagrun for example_subdag_operator.section-1 to None, run_after=None
[2026-05-01T13:28:57.355+0000] {logging_mixin.py:188} INFO - [2026-05-01T13:28:57.355+0000] {dag.py:3947} INFO - Setting next_dagrun for example_subdag_operator.section-2 to None, run_after=None
[2026-05-01T13:28:57.371+0000] {logging_mixin.py:188} INFO - [2026-05-01T13:28:57.370+0000] {dag.py:3089} INFO - Sync 2 DAGs
[2026-05-01T13:28:57.383+0000] {logging_mixin.py:188} INFO - [2026-05-01T13:28:57.383+0000] {dag.py:3947} INFO - Setting next_dagrun for example_subdag_operator.section-1 to None, run_after=None
[2026-05-01T13:28:57.385+0000] {logging_mixin.py:188} INFO - [2026-05-01T13:28:57.385+0000] {dag.py:3947} INFO - Setting next_dagrun for example_subdag_operator.section-2 to None, run_after=None
[2026-05-01T13:28:57.402+0000] {processor.py:183} INFO - Processing /home/airflow/.local/lib/python3.12/site-packages/airflow/example_dags/example_subdag_operator.py took 0.195 seconds
[2026-05-01T13:29:28.037+0000] {processor.py:161} INFO - Started process (PID=589) to work on /home/airflow/.local/lib/python3.12/site-packages/airflow/example_dags/example_subdag_operator.py
[2026-05-01T13:29:28.041+0000] {processor.py:830} INFO - Processing file /home/airflow/.local/lib/python3.12/site-packages/airflow/example_dags/example_subdag_operator.py for tasks to queue
[2026-05-01T13:29:28.049+0000] {logging_mixin.py:188} INFO - [2026-05-01T13:29:28.048+0000] {dagbag.py:545} INFO - Filling up the DagBag from /home/airflow/.local/lib/python3.12/site-packages/airflow/example_dags/example_subdag_operator.py
[2026-05-01T13:29:28.103+0000] {processor.py:840} INFO - DAG(s) 'example_subdag_operator.section-1', 'example_subdag_operator.section-2', 'example_subdag_operator' retrieved from /home/airflow/.local/lib/python3.12/site-packages/airflow/example_dags/example_subdag_operator.py
[2026-05-01T13:29:28.136+0000] {logging_mixin.py:188} INFO - [2026-05-01T13:29:28.136+0000] {dag.py:3089} INFO - Sync 3 DAGs
[2026-05-01T13:29:28.172+0000] {logging_mixin.py:188} INFO - [2026-05-01T13:29:28.172+0000] {dag.py:3947} INFO - Setting next_dagrun for example_subdag_operator to 2022-01-01 00:00:00+00:00, run_after=2022-01-01 00:00:00+00:00
[2026-05-01T13:29:28.183+0000] {logging_mixin.py:188} INFO - [2026-05-01T13:29:28.183+0000] {dag.py:3947} INFO - Setting next_dagrun for example_subdag_operator.section-1 to None, run_after=None
[2026-05-01T13:29:28.187+0000] {logging_mixin.py:188} INFO - [2026-05-01T13:29:28.187+0000] {dag.py:3947} INFO - Setting next_dagrun for example_subdag_operator.section-2 to None, run_after=None
[2026-05-01T13:29:28.202+0000] {logging_mixin.py:188} INFO - [2026-05-01T13:29:28.201+0000] {dag.py:3089} INFO - Sync 2 DAGs
[2026-05-01T13:29:28.215+0000] {logging_mixin.py:188} INFO - [2026-05-01T13:29:28.214+0000] {dag.py:3947} INFO - Setting next_dagrun for example_subdag_operator.section-1 to None, run_after=None
[2026-05-01T13:29:28.217+0000] {logging_mixin.py:188} INFO - [2026-05-01T13:29:28.217+0000] {dag.py:3947} INFO - Setting next_dagrun for example_subdag_operator.section-2 to None, run_after=None
[2026-05-01T13:29:28.244+0000] {processor.py:183} INFO - Processing /home/airflow/.local/lib/python3.12/site-packages/airflow/example_dags/example_subdag_operator.py took 0.228 seconds
[2026-05-01T13:29:58.355+0000] {processor.py:161} INFO - Started process (PID=647) to work on /home/airflow/.local/lib/python3.12/site-packages/airflow/example_dags/example_subdag_operator.py
[2026-05-01T13:29:58.360+0000] {processor.py:830} INFO - Processing file /home/airflow/.local/lib/python3.12/site-packages/airflow/example_dags/example_subdag_operator.py for tasks to queue
[2026-05-01T13:29:58.365+0000] {logging_mixin.py:188} INFO - [2026-05-01T13:29:58.365+0000] {dagbag.py:545} INFO - Filling up the DagBag from /home/airflow/.local/lib/python3.12/site-packages/airflow/example_dags/example_subdag_operator.py
[2026-05-01T13:29:58.402+0000] {processor.py:840} INFO - DAG(s) 'example_subdag_operator.section-1', 'example_subdag_operator.section-2', 'example_subdag_operator' retrieved from /home/airflow/.local/lib/python3.12/site-packages/airflow/example_dags/example_subdag_operator.py
[2026-05-01T13:29:58.425+0000] {logging_mixin.py:188} INFO - [2026-05-01T13:29:58.425+0000] {dag.py:3089} INFO - Sync 3 DAGs
[2026-05-01T13:29:58.457+0000] {logging_mixin.py:188} INFO - [2026-05-01T13:29:58.457+0000] {dag.py:3947} INFO - Setting next_dagrun for example_subdag_operator to 2022-01-01 00:00:00+00:00, run_after=2022-01-01 00:00:00+00:00
[2026-05-01T13:29:58.464+0000] {logging_mixin.py:188} INFO - [2026-05-01T13:29:58.464+0000] {dag.py:3947} INFO - Setting next_dagrun for example_subdag_operator.section-1 to None, run_after=None
[2026-05-01T13:29:58.468+0000] {logging_mixin.py:188} INFO - [2026-05-01T13:29:58.467+0000] {dag.py:3947} INFO - Setting next_dagrun for example_subdag_operator.section-2 to None, run_after=None
[2026-05-01T13:29:58.483+0000] {logging_mixin.py:188} INFO - [2026-05-01T13:29:58.482+0000] {dag.py:3089} INFO - Sync 2 DAGs
[2026-05-01T13:29:58.492+0000] {logging_mixin.py:188} INFO - [2026-05-01T13:29:58.492+0000] {dag.py:3947} INFO - Setting next_dagrun for example_subdag_operator.section-1 to None, run_after=None
[2026-05-01T13:29:58.494+0000] {logging_mixin.py:188} INFO - [2026-05-01T13:29:58.494+0000] {dag.py:3947} INFO - Setting next_dagrun for example_subdag_operator.section-2 to None, run_after=None
[2026-05-01T13:29:58.511+0000] {processor.py:183} INFO - Processing /home/airflow/.local/lib/python3.12/site-packages/airflow/example_dags/example_subdag_operator.py took 0.168 seconds
[2026-05-01T13:30:29.299+0000] {processor.py:161} INFO - Started process (PID=705) to work on /home/airflow/.local/lib/python3.12/site-packages/airflow/example_dags/example_subdag_operator.py
[2026-05-01T13:30:29.304+0000] {processor.py:830} INFO - Processing file /home/airflow/.local/lib/python3.12/site-packages/airflow/example_dags/example_subdag_operator.py for tasks to queue
[2026-05-01T13:30:29.310+0000] {logging_mixin.py:188} INFO - [2026-05-01T13:30:29.309+0000] {dagbag.py:545} INFO - Filling up the DagBag from /home/airflow/.local/lib/python3.12/site-packages/airflow/example_dags/example_subdag_operator.py
[2026-05-01T13:30:29.360+0000] {processor.py:840} INFO - DAG(s) 'example_subdag_operator.section-1', 'example_subdag_operator.section-2', 'example_subdag_operator' retrieved from /home/airflow/.local/lib/python3.12/site-packages/airflow/example_dags/example_subdag_operator.py
[2026-05-01T13:30:29.441+0000] {logging_mixin.py:188} INFO - [2026-05-01T13:30:29.441+0000] {dag.py:3089} INFO - Sync 3 DAGs
[2026-05-01T13:30:29.471+0000] {logging_mixin.py:188} INFO - [2026-05-01T13:30:29.471+0000] {dag.py:3947} INFO - Setting next_dagrun for example_subdag_operator to 2022-01-01 00:00:00+00:00, run_after=2022-01-01 00:00:00+00:00
[2026-05-01T13:30:29.482+0000] {logging_mixin.py:188} INFO - [2026-05-01T13:30:29.480+0000] {dag.py:3947} INFO - Setting next_dagrun for example_subdag_operator.section-1 to None, run_after=None
[2026-05-01T13:30:29.486+0000] {logging_mixin.py:188} INFO - [2026-05-01T13:30:29.486+0000] {dag.py:3947} INFO - Setting next_dagrun for example_subdag_operator.section-2 to None, run_after=None
[2026-05-01T13:30:29.502+0000] {logging_mixin.py:188} INFO - [2026-05-01T13:30:29.501+0000] {dag.py:3089} INFO - Sync 2 DAGs
[2026-05-01T13:30:29.512+0000] {logging_mixin.py:188} INFO - [2026-05-01T13:30:29.512+0000] {dag.py:3947} INFO - Setting next_dagrun for example_subdag_operator.section-1 to None, run_after=None
[2026-05-01T13:30:29.515+0000] {logging_mixin.py:188} INFO - [2026-05-01T13:30:29.515+0000] {dag.py:3947} INFO - Setting next_dagrun for example_subdag_operator.section-2 to None, run_after=None
[2026-05-01T13:30:29.545+0000] {processor.py:183} INFO - Processing /home/airflow/.local/lib/python3.12/site-packages/airflow/example_dags/example_subdag_operator.py took 0.264 seconds
[2026-05-01T13:30:59.839+0000] {processor.py:161} INFO - Started process (PID=763) to work on /home/airflow/.local/lib/python3.12/site-packages/airflow/example_dags/example_subdag_operator.py
[2026-05-01T13:30:59.843+0000] {processor.py:830} INFO - Processing file /home/airflow/.local/lib/python3.12/site-packages/airflow/example_dags/example_subdag_operator.py for tasks to queue
[2026-05-01T13:30:59.849+0000] {logging_mixin.py:188} INFO - [2026-05-01T13:30:59.848+0000] {dagbag.py:545} INFO - Filling up the DagBag from /home/airflow/.local/lib/python3.12/site-packages/airflow/example_dags/example_subdag_operator.py
[2026-05-01T13:30:59.882+0000] {processor.py:840} INFO - DAG(s) 'example_subdag_operator.section-1', 'example_subdag_operator.section-2', 'example_subdag_operator' retrieved from /home/airflow/.local/lib/python3.12/site-packages/airflow/example_dags/example_subdag_operator.py
[2026-05-01T13:30:59.906+0000] {logging_mixin.py:188} INFO - [2026-05-01T13:30:59.906+0000] {dag.py:3089} INFO - Sync 3 DAGs
[2026-05-01T13:30:59.939+0000] {logging_mixin.py:188} INFO - [2026-05-01T13:30:59.939+0000] {dag.py:3947} INFO - Setting next_dagrun for example_subdag_operator to 2022-01-01 00:00:00+00:00, run_after=2022-01-01 00:00:00+00:00
[2026-05-01T13:30:59.948+0000] {logging_mixin.py:188} INFO - [2026-05-01T13:30:59.948+0000] {dag.py:3947} INFO - Setting next_dagrun for example_subdag_operator.section-1 to None, run_after=None
[2026-05-01T13:30:59.952+0000] {logging_mixin.py:188} INFO - [2026-05-01T13:30:59.952+0000] {dag.py:3947} INFO - Setting next_dagrun for example_subdag_operator.section-2 to None, run_after=None
[2026-05-01T13:30:59.966+0000] {logging_mixin.py:188} INFO - [2026-05-01T13:30:59.965+0000] {dag.py:3089} INFO - Sync 2 DAGs
[2026-05-01T13:30:59.975+0000] {logging_mixin.py:188} INFO - [2026-05-01T13:30:59.975+0000] {dag.py:3947} INFO - Setting next_dagrun for example_subdag_operator.section-1 to None, run_after=None
[2026-05-01T13:30:59.978+0000] {logging_mixin.py:188} INFO - [2026-05-01T13:30:59.977+0000] {dag.py:3947} INFO - Setting next_dagrun for example_subdag_operator.section-2 to None, run_after=None
[2026-05-01T13:31:00.000+0000] {processor.py:183} INFO - Processing /home/airflow/.local/lib/python3.12/site-packages/airflow/example_dags/example_subdag_operator.py took 0.177 seconds
[2026-05-01T13:31:30.521+0000] {processor.py:161} INFO - Started process (PID=821) to work on /home/airflow/.local/lib/python3.12/site-packages/airflow/example_dags/example_subdag_operator.py
[2026-05-01T13:31:30.545+0000] {processor.py:830} INFO - Processing file /home/airflow/.local/lib/python3.12/site-packages/airflow/example_dags/example_subdag_operator.py for tasks to queue
[2026-05-01T13:31:30.573+0000] {logging_mixin.py:188} INFO - [2026-05-01T13:31:30.566+0000] {dagbag.py:545} INFO - Filling up the DagBag from /home/airflow/.local/lib/python3.12/site-packages/airflow/example_dags/example_subdag_operator.py
[2026-05-01T13:31:30.752+0000] {processor.py:840} INFO - DAG(s) 'example_subdag_operator.section-1', 'example_subdag_operator.section-2', 'example_subdag_operator' retrieved from /home/airflow/.local/lib/python3.12/site-packages/airflow/example_dags/example_subdag_operator.py
[2026-05-01T13:31:30.894+0000] {logging_mixin.py:188} INFO - [2026-05-01T13:31:30.892+0000] {dag.py:3089} INFO - Sync 3 DAGs
[2026-05-01T13:31:31.108+0000] {logging_mixin.py:188} INFO - [2026-05-01T13:31:31.107+0000] {dag.py:3947} INFO - Setting next_dagrun for example_subdag_operator to 2022-01-01 00:00:00+00:00, run_after=2022-01-01 00:00:00+00:00
[2026-05-01T13:31:31.141+0000] {logging_mixin.py:188} INFO - [2026-05-01T13:31:31.140+0000] {dag.py:3947} INFO - Setting next_dagrun for example_subdag_operator.section-1 to None, run_after=None
[2026-05-01T13:31:31.157+0000] {logging_mixin.py:188} INFO - [2026-05-01T13:31:31.157+0000] {dag.py:3947} INFO - Setting next_dagrun for example_subdag_operator.section-2 to None, run_after=None
[2026-05-01T13:31:31.192+0000] {logging_mixin.py:188} INFO - [2026-05-01T13:31:31.191+0000] {dag.py:3089} INFO - Sync 2 DAGs
[2026-05-01T13:31:31.226+0000] {logging_mixin.py:188} INFO - [2026-05-01T13:31:31.226+0000] {dag.py:3947} INFO - Setting next_dagrun for example_subdag_operator.section-1 to None, run_after=None
[2026-05-01T13:31:31.232+0000] {logging_mixin.py:188} INFO - [2026-05-01T13:31:31.231+0000] {dag.py:3947} INFO - Setting next_dagrun for example_subdag_operator.section-2 to None, run_after=None
[2026-05-01T13:31:31.276+0000] {processor.py:183} INFO - Processing /home/airflow/.local/lib/python3.12/site-packages/airflow/example_dags/example_subdag_operator.py took 0.784 seconds
[2026-05-01T13:32:01.594+0000] {processor.py:161} INFO - Started process (PID=879) to work on /home/airflow/.local/lib/python3.12/site-packages/airflow/example_dags/example_subdag_operator.py
[2026-05-01T13:32:01.600+0000] {processor.py:830} INFO - Processing file /home/airflow/.local/lib/python3.12/site-packages/airflow/example_dags/example_subdag_operator.py for tasks to queue
[2026-05-01T13:32:01.611+0000] {logging_mixin.py:188} INFO - [2026-05-01T13:32:01.608+0000] {dagbag.py:545} INFO - Filling up the DagBag from /home/airflow/.local/lib/python3.12/site-packages/airflow/example_dags/example_subdag_operator.py
[2026-05-01T13:32:01.698+0000] {processor.py:840} INFO - DAG(s) 'example_subdag_operator.section-1', 'example_subdag_operator.section-2', 'example_subdag_operator' retrieved from /home/airflow/.local/lib/python3.12/site-packages/airflow/example_dags/example_subdag_operator.py
[2026-05-01T13:32:01.888+0000] {logging_mixin.py:188} INFO - [2026-05-01T13:32:01.888+0000] {dag.py:3089} INFO - Sync 3 DAGs
[2026-05-01T13:32:01.975+0000] {logging_mixin.py:188} INFO - [2026-05-01T13:32:01.974+0000] {dag.py:3947} INFO - Setting next_dagrun for example_subdag_operator to 2022-01-01 00:00:00+00:00, run_after=2022-01-01 00:00:00+00:00
[2026-05-01T13:32:02.009+0000] {logging_mixin.py:188} INFO - [2026-05-01T13:32:02.009+0000] {dag.py:3947} INFO - Setting next_dagrun for example_subdag_operator.section-1 to None, run_after=None
[2026-05-01T13:32:02.021+0000] {logging_mixin.py:188} INFO - [2026-05-01T13:32:02.018+0000] {dag.py:3947} INFO - Setting next_dagrun for example_subdag_operator.section-2 to None, run_after=None
[2026-05-01T13:32:02.112+0000] {logging_mixin.py:188} INFO - [2026-05-01T13:32:02.111+0000] {dag.py:3089} INFO - Sync 2 DAGs
[2026-05-01T13:32:02.198+0000] {logging_mixin.py:188} INFO - [2026-05-01T13:32:02.198+0000] {dag.py:3947} INFO - Setting next_dagrun for example_subdag_operator.section-1 to None, run_after=None
[2026-05-01T13:32:02.211+0000] {logging_mixin.py:188} INFO - [2026-05-01T13:32:02.208+0000] {dag.py:3947} INFO - Setting next_dagrun for example_subdag_operator.section-2 to None, run_after=None
[2026-05-01T13:32:02.310+0000] {processor.py:183} INFO - Processing /home/airflow/.local/lib/python3.12/site-packages/airflow/example_dags/example_subdag_operator.py took 0.760 seconds
[2026-05-01T13:32:32.952+0000] {processor.py:161} INFO - Started process (PID=937) to work on /home/airflow/.local/lib/python3.12/site-packages/airflow/example_dags/example_subdag_operator.py
[2026-05-01T13:32:32.955+0000] {processor.py:830} INFO - Processing file /home/airflow/.local/lib/python3.12/site-packages/airflow/example_dags/example_subdag_operator.py for tasks to queue
[2026-05-01T13:32:32.962+0000] {logging_mixin.py:188} INFO - [2026-05-01T13:32:32.961+0000] {dagbag.py:545} INFO - Filling up the DagBag from /home/airflow/.local/lib/python3.12/site-packages/airflow/example_dags/example_subdag_operator.py
[2026-05-01T13:32:33.036+0000] {processor.py:840} INFO - DAG(s) 'example_subdag_operator.section-1', 'example_subdag_operator.section-2', 'example_subdag_operator' retrieved from /home/airflow/.local/lib/python3.12/site-packages/airflow/example_dags/example_subdag_operator.py
[2026-05-01T13:32:33.101+0000] {logging_mixin.py:188} INFO - [2026-05-01T13:32:33.101+0000] {dag.py:3089} INFO - Sync 3 DAGs
[2026-05-01T13:32:33.175+0000] {logging_mixin.py:188} INFO - [2026-05-01T13:32:33.174+0000] {dag.py:3947} INFO - Setting next_dagrun for example_subdag_operator to 2022-01-01 00:00:00+00:00, run_after=2022-01-01 00:00:00+00:00
[2026-05-01T13:32:33.189+0000] {logging_mixin.py:188} INFO - [2026-05-01T13:32:33.189+0000] {dag.py:3947} INFO - Setting next_dagrun for example_subdag_operator.section-1 to None, run_after=None
[2026-05-01T13:32:33.198+0000] {logging_mixin.py:188} INFO - [2026-05-01T13:32:33.197+0000] {dag.py:3947} INFO - Setting next_dagrun for example_subdag_operator.section-2 to None, run_after=None
[2026-05-01T13:32:33.217+0000] {logging_mixin.py:188} INFO - [2026-05-01T13:32:33.216+0000] {dag.py:3089} INFO - Sync 2 DAGs
[2026-05-01T13:32:33.234+0000] {logging_mixin.py:188} INFO - [2026-05-01T13:32:33.234+0000] {dag.py:3947} INFO - Setting next_dagrun for example_subdag_operator.section-1 to None, run_after=None
[2026-05-01T13:32:33.240+0000] {logging_mixin.py:188} INFO - [2026-05-01T13:32:33.239+0000] {dag.py:3947} INFO - Setting next_dagrun for example_subdag_operator.section-2 to None, run_after=None
[2026-05-01T13:32:33.286+0000] {processor.py:183} INFO - Processing /home/airflow/.local/lib/python3.12/site-packages/airflow/example_dags/example_subdag_operator.py took 0.367 seconds
[2026-05-01T13:33:04.054+0000] {processor.py:161} INFO - Started process (PID=995) to work on /home/airflow/.local/lib/python3.12/site-packages/airflow/example_dags/example_subdag_operator.py
[2026-05-01T13:33:04.057+0000] {processor.py:830} INFO - Processing file /home/airflow/.local/lib/python3.12/site-packages/airflow/example_dags/example_subdag_operator.py for tasks to queue
[2026-05-01T13:33:04.062+0000] {logging_mixin.py:188} INFO - [2026-05-01T13:33:04.061+0000] {dagbag.py:545} INFO - Filling up the DagBag from /home/airflow/.local/lib/python3.12/site-packages/airflow/example_dags/example_subdag_operator.py
[2026-05-01T13:33:04.156+0000] {processor.py:840} INFO - DAG(s) 'example_subdag_operator.section-1', 'example_subdag_operator.section-2', 'example_subdag_operator' retrieved from /home/airflow/.local/lib/python3.12/site-packages/airflow/example_dags/example_subdag_operator.py
[2026-05-01T13:33:04.222+0000] {logging_mixin.py:188} INFO - [2026-05-01T13:33:04.222+0000] {dag.py:3089} INFO - Sync 3 DAGs
[2026-05-01T13:33:04.268+0000] {logging_mixin.py:188} INFO - [2026-05-01T13:33:04.267+0000] {dag.py:3947} INFO - Setting next_dagrun for example_subdag_operator to 2022-01-01 00:00:00+00:00, run_after=2022-01-01 00:00:00+00:00
[2026-05-01T13:33:04.282+0000] {logging_mixin.py:188} INFO - [2026-05-01T13:33:04.282+0000] {dag.py:3947} INFO - Setting next_dagrun for example_subdag_operator.section-1 to None, run_after=None
[2026-05-01T13:33:04.288+0000] {logging_mixin.py:188} INFO - [2026-05-01T13:33:04.287+0000] {dag.py:3947} INFO - Setting next_dagrun for example_subdag_operator.section-2 to None, run_after=None
[2026-05-01T13:33:04.306+0000] {logging_mixin.py:188} INFO - [2026-05-01T13:33:04.306+0000] {dag.py:3089} INFO - Sync 2 DAGs
[2026-05-01T13:33:04.325+0000] {logging_mixin.py:188} INFO - [2026-05-01T13:33:04.325+0000] {dag.py:3947} INFO - Setting next_dagrun for example_subdag_operator.section-1 to None, run_after=None
[2026-05-01T13:33:04.328+0000] {logging_mixin.py:188} INFO - [2026-05-01T13:33:04.327+0000] {dag.py:3947} INFO - Setting next_dagrun for example_subdag_operator.section-2 to None, run_after=None
[2026-05-01T13:33:04.355+0000] {processor.py:183} INFO - Processing /home/airflow/.local/lib/python3.12/site-packages/airflow/example_dags/example_subdag_operator.py took 0.315 seconds
[2026-05-01T13:33:34.419+0000] {processor.py:161} INFO - Started process (PID=1053) to work on /home/airflow/.local/lib/python3.12/site-packages/airflow/example_dags/example_subdag_operator.py
[2026-05-01T13:33:34.432+0000] {processor.py:830} INFO - Processing file /home/airflow/.local/lib/python3.12/site-packages/airflow/example_dags/example_subdag_operator.py for tasks to queue
[2026-05-01T13:33:34.442+0000] {logging_mixin.py:188} INFO - [2026-05-01T13:33:34.441+0000] {dagbag.py:545} INFO - Filling up the DagBag from /home/airflow/.local/lib/python3.12/site-packages/airflow/example_dags/example_subdag_operator.py
[2026-05-01T13:33:34.496+0000] {processor.py:840} INFO - DAG(s) 'example_subdag_operator.section-1', 'example_subdag_operator.section-2', 'example_subdag_operator' retrieved from /home/airflow/.local/lib/python3.12/site-packages/airflow/example_dags/example_subdag_operator.py
[2026-05-01T13:33:34.524+0000] {logging_mixin.py:188} INFO - [2026-05-01T13:33:34.524+0000] {dag.py:3089} INFO - Sync 3 DAGs
[2026-05-01T13:33:34.567+0000] {logging_mixin.py:188} INFO - [2026-05-01T13:33:34.566+0000] {dag.py:3947} INFO - Setting next_dagrun for example_subdag_operator to 2022-01-01 00:00:00+00:00, run_after=2022-01-01 00:00:00+00:00
[2026-05-01T13:33:34.577+0000] {logging_mixin.py:188} INFO - [2026-05-01T13:33:34.576+0000] {dag.py:3947} INFO - Setting next_dagrun for example_subdag_operator.section-1 to None, run_after=None
[2026-05-01T13:33:34.583+0000] {logging_mixin.py:188} INFO - [2026-05-01T13:33:34.582+0000] {dag.py:3947} INFO - Setting next_dagrun for example_subdag_operator.section-2 to None, run_after=None
[2026-05-01T13:33:34.601+0000] {logging_mixin.py:188} INFO - [2026-05-01T13:33:34.601+0000] {dag.py:3089} INFO - Sync 2 DAGs
[2026-05-01T13:33:34.620+0000] {logging_mixin.py:188} INFO - [2026-05-01T13:33:34.620+0000] {dag.py:3947} INFO - Setting next_dagrun for example_subdag_operator.section-1 to None, run_after=None
[2026-05-01T13:33:34.624+0000] {logging_mixin.py:188} INFO - [2026-05-01T13:33:34.622+0000] {dag.py:3947} INFO - Setting next_dagrun for example_subdag_operator.section-2 to None, run_after=None
[2026-05-01T13:33:34.645+0000] {processor.py:183} INFO - Processing /home/airflow/.local/lib/python3.12/site-packages/airflow/example_dags/example_subdag_operator.py took 0.240 seconds
[2026-05-01T13:34:04.781+0000] {processor.py:161} INFO - Started process (PID=1111) to work on /home/airflow/.local/lib/python3.12/site-packages/airflow/example_dags/example_subdag_operator.py
[2026-05-01T13:34:04.796+0000] {processor.py:830} INFO - Processing file /home/airflow/.local/lib/python3.12/site-packages/airflow/example_dags/example_subdag_operator.py for tasks to queue
[2026-05-01T13:34:04.804+0000] {logging_mixin.py:188} INFO - [2026-05-01T13:34:04.804+0000] {dagbag.py:545} INFO - Filling up the DagBag from /home/airflow/.local/lib/python3.12/site-packages/airflow/example_dags/example_subdag_operator.py
[2026-05-01T13:34:05.026+0000] {processor.py:840} INFO - DAG(s) 'example_subdag_operator.section-1', 'example_subdag_operator.section-2', 'example_subdag_operator' retrieved from /home/airflow/.local/lib/python3.12/site-packages/airflow/example_dags/example_subdag_operator.py
[2026-05-01T13:34:05.093+0000] {logging_mixin.py:188} INFO - [2026-05-01T13:34:05.093+0000] {dag.py:3089} INFO - Sync 3 DAGs
[2026-05-01T13:34:05.153+0000] {logging_mixin.py:188} INFO - [2026-05-01T13:34:05.153+0000] {dag.py:3947} INFO - Setting next_dagrun for example_subdag_operator to 2022-01-01 00:00:00+00:00, run_after=2022-01-01 00:00:00+00:00
[2026-05-01T13:34:05.161+0000] {logging_mixin.py:188} INFO - [2026-05-01T13:34:05.161+0000] {dag.py:3947} INFO - Setting next_dagrun for example_subdag_operator.section-1 to None, run_after=None
[2026-05-01T13:34:05.165+0000] {logging_mixin.py:188} INFO - [2026-05-01T13:34:05.165+0000] {dag.py:3947} INFO - Setting next_dagrun for example_subdag_operator.section-2 to None, run_after=None
[2026-05-01T13:34:05.191+0000] {logging_mixin.py:188} INFO - [2026-05-01T13:34:05.190+0000] {dag.py:3089} INFO - Sync 2 DAGs
[2026-05-01T13:34:05.208+0000] {logging_mixin.py:188} INFO - [2026-05-01T13:34:05.208+0000] {dag.py:3947} INFO - Setting next_dagrun for example_subdag_operator.section-1 to None, run_after=None
[2026-05-01T13:34:05.213+0000] {logging_mixin.py:188} INFO - [2026-05-01T13:34:05.212+0000] {dag.py:3947} INFO - Setting next_dagrun for example_subdag_operator.section-2 to None, run_after=None
[2026-05-01T13:34:05.239+0000] {processor.py:183} INFO - Processing /home/airflow/.local/lib/python3.12/site-packages/airflow/example_dags/example_subdag_operator.py took 0.477 seconds
[2026-05-01T13:34:35.457+0000] {processor.py:161} INFO - Started process (PID=1169) to work on /home/airflow/.local/lib/python3.12/site-packages/airflow/example_dags/example_subdag_operator.py
[2026-05-01T13:34:35.460+0000] {processor.py:830} INFO - Processing file /home/airflow/.local/lib/python3.12/site-packages/airflow/example_dags/example_subdag_operator.py for tasks to queue
[2026-05-01T13:34:35.465+0000] {logging_mixin.py:188} INFO - [2026-05-01T13:34:35.464+0000] {dagbag.py:545} INFO - Filling up the DagBag from /home/airflow/.local/lib/python3.12/site-packages/airflow/example_dags/example_subdag_operator.py
[2026-05-01T13:34:35.502+0000] {processor.py:840} INFO - DAG(s) 'example_subdag_operator.section-1', 'example_subdag_operator.section-2', 'example_subdag_operator' retrieved from /home/airflow/.local/lib/python3.12/site-packages/airflow/example_dags/example_subdag_operator.py
[2026-05-01T13:34:35.527+0000] {logging_mixin.py:188} INFO - [2026-05-01T13:34:35.526+0000] {dag.py:3089} INFO - Sync 3 DAGs
[2026-05-01T13:34:35.555+0000] {logging_mixin.py:188} INFO - [2026-05-01T13:34:35.555+0000] {dag.py:3947} INFO - Setting next_dagrun for example_subdag_operator to 2022-01-01 00:00:00+00:00, run_after=2022-01-01 00:00:00+00:00
[2026-05-01T13:34:35.562+0000] {logging_mixin.py:188} INFO - [2026-05-01T13:34:35.562+0000] {dag.py:3947} INFO - Setting next_dagrun for example_subdag_operator.section-1 to None, run_after=None
[2026-05-01T13:34:35.566+0000] {logging_mixin.py:188} INFO - [2026-05-01T13:34:35.566+0000] {dag.py:3947} INFO - Setting next_dagrun for example_subdag_operator.section-2 to None, run_after=None
[2026-05-01T13:34:35.593+0000] {logging_mixin.py:188} INFO - [2026-05-01T13:34:35.592+0000] {dag.py:3089} INFO - Sync 2 DAGs
[2026-05-01T13:34:35.616+0000] {logging_mixin.py:188} INFO - [2026-05-01T13:34:35.616+0000] {dag.py:3947} INFO - Setting next_dagrun for example_subdag_operator.section-1 to None, run_after=None
[2026-05-01T13:34:35.618+0000] {logging_mixin.py:188} INFO - [2026-05-01T13:34:35.617+0000] {dag.py:3947} INFO - Setting next_dagrun for example_subdag_operator.section-2 to None, run_after=None
[2026-05-01T13:34:35.654+0000] {processor.py:183} INFO - Processing /home/airflow/.local/lib/python3.12/site-packages/airflow/example_dags/example_subdag_operator.py took 0.212 seconds
[2026-05-01T13:35:05.747+0000] {processor.py:161} INFO - Started process (PID=1226) to work on /home/airflow/.local/lib/python3.12/site-packages/airflow/example_dags/example_subdag_operator.py
[2026-05-01T13:35:05.750+0000] {processor.py:830} INFO - Processing file /home/airflow/.local/lib/python3.12/site-packages/airflow/example_dags/example_subdag_operator.py for tasks to queue
[2026-05-01T13:35:05.757+0000] {logging_mixin.py:188} INFO - [2026-05-01T13:35:05.756+0000] {dagbag.py:545} INFO - Filling up the DagBag from /home/airflow/.local/lib/python3.12/site-packages/airflow/example_dags/example_subdag_operator.py
[2026-05-01T13:35:05.815+0000] {processor.py:840} INFO - DAG(s) 'example_subdag_operator.section-1', 'example_subdag_operator.section-2', 'example_subdag_operator' retrieved from /home/airflow/.local/lib/python3.12/site-packages/airflow/example_dags/example_subdag_operator.py
[2026-05-01T13:35:05.846+0000] {logging_mixin.py:188} INFO - [2026-05-01T13:35:05.845+0000] {dag.py:3089} INFO - Sync 3 DAGs
[2026-05-01T13:35:05.899+0000] {logging_mixin.py:188} INFO - [2026-05-01T13:35:05.899+0000] {dag.py:3947} INFO - Setting next_dagrun for example_subdag_operator to 2022-01-01 00:00:00+00:00, run_after=2022-01-01 00:00:00+00:00
[2026-05-01T13:35:05.910+0000] {logging_mixin.py:188} INFO - [2026-05-01T13:35:05.910+0000] {dag.py:3947} INFO - Setting next_dagrun for example_subdag_operator.section-1 to None, run_after=None
[2026-05-01T13:35:05.914+0000] {logging_mixin.py:188} INFO - [2026-05-01T13:35:05.914+0000] {dag.py:3947} INFO - Setting next_dagrun for example_subdag_operator.section-2 to None, run_after=None
[2026-05-01T13:35:05.926+0000] {logging_mixin.py:188} INFO - [2026-05-01T13:35:05.926+0000] {dag.py:3089} INFO - Sync 2 DAGs
[2026-05-01T13:35:05.947+0000] {logging_mixin.py:188} INFO - [2026-05-01T13:35:05.946+0000] {dag.py:3947} INFO - Setting next_dagrun for example_subdag_operator.section-1 to None, run_after=None
[2026-05-01T13:35:05.948+0000] {logging_mixin.py:188} INFO - [2026-05-01T13:35:05.948+0000] {dag.py:3947} INFO - Setting next_dagrun for example_subdag_operator.section-2 to None, run_after=None
[2026-05-01T13:35:05.986+0000] {processor.py:183} INFO - Processing /home/airflow/.local/lib/python3.12/site-packages/airflow/example_dags/example_subdag_operator.py took 0.258 seconds
[2026-05-01T13:35:36.240+0000] {processor.py:161} INFO - Started process (PID=1284) to work on /home/airflow/.local/lib/python3.12/site-packages/airflow/example_dags/example_subdag_operator.py
[2026-05-01T13:35:36.242+0000] {processor.py:830} INFO - Processing file /home/airflow/.local/lib/python3.12/site-packages/airflow/example_dags/example_subdag_operator.py for tasks to queue
[2026-05-01T13:35:36.246+0000] {logging_mixin.py:188} INFO - [2026-05-01T13:35:36.245+0000] {dagbag.py:545} INFO - Filling up the DagBag from /home/airflow/.local/lib/python3.12/site-packages/airflow/example_dags/example_subdag_operator.py
[2026-05-01T13:35:36.286+0000] {processor.py:840} INFO - DAG(s) 'example_subdag_operator.section-1', 'example_subdag_operator.section-2', 'example_subdag_operator' retrieved from /home/airflow/.local/lib/python3.12/site-packages/airflow/example_dags/example_subdag_operator.py
[2026-05-01T13:35:36.308+0000] {logging_mixin.py:188} INFO - [2026-05-01T13:35:36.307+0000] {dag.py:3089} INFO - Sync 3 DAGs
[2026-05-01T13:35:36.339+0000] {logging_mixin.py:188} INFO - [2026-05-01T13:35:36.339+0000] {dag.py:3947} INFO - Setting next_dagrun for example_subdag_operator to 2022-01-01 00:00:00+00:00, run_after=2022-01-01 00:00:00+00:00
[2026-05-01T13:35:36.349+0000] {logging_mixin.py:188} INFO - [2026-05-01T13:35:36.349+0000] {dag.py:3947} INFO - Setting next_dagrun for example_subdag_operator.section-1 to None, run_after=None
[2026-05-01T13:35:36.353+0000] {logging_mixin.py:188} INFO - [2026-05-01T13:35:36.353+0000] {dag.py:3947} INFO - Setting next_dagrun for example_subdag_operator.section-2 to None, run_after=None
[2026-05-01T13:35:36.365+0000] {logging_mixin.py:188} INFO - [2026-05-01T13:35:36.365+0000] {dag.py:3089} INFO - Sync 2 DAGs
[2026-05-01T13:35:36.372+0000] {logging_mixin.py:188} INFO - [2026-05-01T13:35:36.372+0000] {dag.py:3947} INFO - Setting next_dagrun for example_subdag_operator.section-1 to None, run_after=None
[2026-05-01T13:35:36.374+0000] {logging_mixin.py:188} INFO - [2026-05-01T13:35:36.373+0000] {dag.py:3947} INFO - Setting next_dagrun for example_subdag_operator.section-2 to None, run_after=None
[2026-05-01T13:35:36.397+0000] {processor.py:183} INFO - Processing /home/airflow/.local/lib/python3.12/site-packages/airflow/example_dags/example_subdag_operator.py took 0.169 seconds
[2026-05-01T13:36:06.773+0000] {processor.py:161} INFO - Started process (PID=1342) to work on /home/airflow/.local/lib/python3.12/site-packages/airflow/example_dags/example_subdag_operator.py
[2026-05-01T13:36:06.776+0000] {processor.py:830} INFO - Processing file /home/airflow/.local/lib/python3.12/site-packages/airflow/example_dags/example_subdag_operator.py for tasks to queue
[2026-05-01T13:36:06.784+0000] {logging_mixin.py:188} INFO - [2026-05-01T13:36:06.783+0000] {dagbag.py:545} INFO - Filling up the DagBag from /home/airflow/.local/lib/python3.12/site-packages/airflow/example_dags/example_subdag_operator.py
[2026-05-01T13:36:06.852+0000] {processor.py:840} INFO - DAG(s) 'example_subdag_operator.section-1', 'example_subdag_operator.section-2', 'example_subdag_operator' retrieved from /home/airflow/.local/lib/python3.12/site-packages/airflow/example_dags/example_subdag_operator.py
[2026-05-01T13:36:06.906+0000] {logging_mixin.py:188} INFO - [2026-05-01T13:36:06.905+0000] {dag.py:3089} INFO - Sync 3 DAGs
[2026-05-01T13:36:06.990+0000] {logging_mixin.py:188} INFO - [2026-05-01T13:36:06.990+0000] {dag.py:3947} INFO - Setting next_dagrun for example_subdag_operator to 2022-01-01 00:00:00+00:00, run_after=2022-01-01 00:00:00+00:00
[2026-05-01T13:36:07.004+0000] {logging_mixin.py:188} INFO - [2026-05-01T13:36:07.003+0000] {dag.py:3947} INFO - Setting next_dagrun for example_subdag_operator.section-1 to None, run_after=None
[2026-05-01T13:36:07.009+0000] {logging_mixin.py:188} INFO - [2026-05-01T13:36:07.009+0000] {dag.py:3947} INFO - Setting next_dagrun for example_subdag_operator.section-2 to None, run_after=None
[2026-05-01T13:36:07.048+0000] {logging_mixin.py:188} INFO - [2026-05-01T13:36:07.048+0000] {dag.py:3089} INFO - Sync 2 DAGs
[2026-05-01T13:36:07.065+0000] {logging_mixin.py:188} INFO - [2026-05-01T13:36:07.064+0000] {dag.py:3947} INFO - Setting next_dagrun for example_subdag_operator.section-1 to None, run_after=None
[2026-05-01T13:36:07.071+0000] {logging_mixin.py:188} INFO - [2026-05-01T13:36:07.071+0000] {dag.py:3947} INFO - Setting next_dagrun for example_subdag_operator.section-2 to None, run_after=None
[2026-05-01T13:36:07.113+0000] {processor.py:183} INFO - Processing /home/airflow/.local/lib/python3.12/site-packages/airflow/example_dags/example_subdag_operator.py took 0.365 seconds
[2026-05-01T13:36:37.552+0000] {processor.py:161} INFO - Started process (PID=1400) to work on /home/airflow/.local/lib/python3.12/site-packages/airflow/example_dags/example_subdag_operator.py
[2026-05-01T13:36:37.559+0000] {processor.py:830} INFO - Processing file /home/airflow/.local/lib/python3.12/site-packages/airflow/example_dags/example_subdag_operator.py for tasks to queue
[2026-05-01T13:36:37.578+0000] {logging_mixin.py:188} INFO - [2026-05-01T13:36:37.573+0000] {dagbag.py:545} INFO - Filling up the DagBag from /home/airflow/.local/lib/python3.12/site-packages/airflow/example_dags/example_subdag_operator.py
[2026-05-01T13:36:37.701+0000] {processor.py:840} INFO - DAG(s) 'example_subdag_operator.section-1', 'example_subdag_operator.section-2', 'example_subdag_operator' retrieved from /home/airflow/.local/lib/python3.12/site-packages/airflow/example_dags/example_subdag_operator.py
[2026-05-01T13:36:37.756+0000] {logging_mixin.py:188} INFO - [2026-05-01T13:36:37.756+0000] {dag.py:3089} INFO - Sync 3 DAGs
[2026-05-01T13:36:37.799+0000] {logging_mixin.py:188} INFO - [2026-05-01T13:36:37.799+0000] {dag.py:3947} INFO - Setting next_dagrun for example_subdag_operator to 2022-01-01 00:00:00+00:00, run_after=2022-01-01 00:00:00+00:00
[2026-05-01T13:36:37.816+0000] {logging_mixin.py:188} INFO - [2026-05-01T13:36:37.813+0000] {dag.py:3947} INFO - Setting next_dagrun for example_subdag_operator.section-1 to None, run_after=None
[2026-05-01T13:36:37.820+0000] {logging_mixin.py:188} INFO - [2026-05-01T13:36:37.820+0000] {dag.py:3947} INFO - Setting next_dagrun for example_subdag_operator.section-2 to None, run_after=None
[2026-05-01T13:36:37.855+0000] {logging_mixin.py:188} INFO - [2026-05-01T13:36:37.854+0000] {dag.py:3089} INFO - Sync 2 DAGs
[2026-05-01T13:36:37.870+0000] {logging_mixin.py:188} INFO - [2026-05-01T13:36:37.868+0000] {dag.py:3947} INFO - Setting next_dagrun for example_subdag_operator.section-1 to None, run_after=None
[2026-05-01T13:36:37.877+0000] {logging_mixin.py:188} INFO - [2026-05-01T13:36:37.876+0000] {dag.py:3947} INFO - Setting next_dagrun for example_subdag_operator.section-2 to None, run_after=None
[2026-05-01T13:36:37.925+0000] {processor.py:183} INFO - Processing /home/airflow/.local/lib/python3.12/site-packages/airflow/example_dags/example_subdag_operator.py took 0.407 seconds
[2026-05-01T13:37:08.258+0000] {processor.py:161} INFO - Started process (PID=1458) to work on /home/airflow/.local/lib/python3.12/site-packages/airflow/example_dags/example_subdag_operator.py
[2026-05-01T13:37:08.268+0000] {processor.py:830} INFO - Processing file /home/airflow/.local/lib/python3.12/site-packages/airflow/example_dags/example_subdag_operator.py for tasks to queue
[2026-05-01T13:37:08.271+0000] {logging_mixin.py:188} INFO - [2026-05-01T13:37:08.271+0000] {dagbag.py:545} INFO - Filling up the DagBag from /home/airflow/.local/lib/python3.12/site-packages/airflow/example_dags/example_subdag_operator.py
[2026-05-01T13:37:08.323+0000] {processor.py:840} INFO - DAG(s) 'example_subdag_operator.section-1', 'example_subdag_operator.section-2', 'example_subdag_operator' retrieved from /home/airflow/.local/lib/python3.12/site-packages/airflow/example_dags/example_subdag_operator.py
[2026-05-01T13:37:08.364+0000] {logging_mixin.py:188} INFO - [2026-05-01T13:37:08.364+0000] {dag.py:3089} INFO - Sync 3 DAGs
[2026-05-01T13:37:08.412+0000] {logging_mixin.py:188} INFO - [2026-05-01T13:37:08.411+0000] {dag.py:3947} INFO - Setting next_dagrun for example_subdag_operator to 2022-01-01 00:00:00+00:00, run_after=2022-01-01 00:00:00+00:00
[2026-05-01T13:37:08.420+0000] {logging_mixin.py:188} INFO - [2026-05-01T13:37:08.419+0000] {dag.py:3947} INFO - Setting next_dagrun for example_subdag_operator.section-1 to None, run_after=None
[2026-05-01T13:37:08.424+0000] {logging_mixin.py:188} INFO - [2026-05-01T13:37:08.423+0000] {dag.py:3947} INFO - Setting next_dagrun for example_subdag_operator.section-2 to None, run_after=None
[2026-05-01T13:37:08.435+0000] {logging_mixin.py:188} INFO - [2026-05-01T13:37:08.435+0000] {dag.py:3089} INFO - Sync 2 DAGs
[2026-05-01T13:37:08.441+0000] {logging_mixin.py:188} INFO - [2026-05-01T13:37:08.441+0000] {dag.py:3947} INFO - Setting next_dagrun for example_subdag_operator.section-1 to None, run_after=None
[2026-05-01T13:37:08.443+0000] {logging_mixin.py:188} INFO - [2026-05-01T13:37:08.443+0000] {dag.py:3947} INFO - Setting next_dagrun for example_subdag_operator.section-2 to None, run_after=None
[2026-05-01T13:37:08.463+0000] {processor.py:183} INFO - Processing /home/airflow/.local/lib/python3.12/site-packages/airflow/example_dags/example_subdag_operator.py took 0.218 seconds
[2026-05-01T13:37:38.827+0000] {processor.py:161} INFO - Started process (PID=1515) to work on /home/airflow/.local/lib/python3.12/site-packages/airflow/example_dags/example_subdag_operator.py
[2026-05-01T13:37:38.830+0000] {processor.py:830} INFO - Processing file /home/airflow/.local/lib/python3.12/site-packages/airflow/example_dags/example_subdag_operator.py for tasks to queue
[2026-05-01T13:37:38.835+0000] {logging_mixin.py:188} INFO - [2026-05-01T13:37:38.835+0000] {dagbag.py:545} INFO - Filling up the DagBag from /home/airflow/.local/lib/python3.12/site-packages/airflow/example_dags/example_subdag_operator.py
[2026-05-01T13:37:38.877+0000] {processor.py:840} INFO - DAG(s) 'example_subdag_operator.section-1', 'example_subdag_operator.section-2', 'example_subdag_operator' retrieved from /home/airflow/.local/lib/python3.12/site-packages/airflow/example_dags/example_subdag_operator.py
[2026-05-01T13:37:38.900+0000] {logging_mixin.py:188} INFO - [2026-05-01T13:37:38.900+0000] {dag.py:3089} INFO - Sync 3 DAGs
[2026-05-01T13:37:38.930+0000] {logging_mixin.py:188} INFO - [2026-05-01T13:37:38.930+0000] {dag.py:3947} INFO - Setting next_dagrun for example_subdag_operator to 2022-01-01 00:00:00+00:00, run_after=2022-01-01 00:00:00+00:00
[2026-05-01T13:37:38.938+0000] {logging_mixin.py:188} INFO - [2026-05-01T13:37:38.938+0000] {dag.py:3947} INFO - Setting next_dagrun for example_subdag_operator.section-1 to None, run_after=None
[2026-05-01T13:37:38.941+0000] {logging_mixin.py:188} INFO - [2026-05-01T13:37:38.941+0000] {dag.py:3947} INFO - Setting next_dagrun for example_subdag_operator.section-2 to None, run_after=None
[2026-05-01T13:37:38.951+0000] {logging_mixin.py:188} INFO - [2026-05-01T13:37:38.950+0000] {dag.py:3089} INFO - Sync 2 DAGs
[2026-05-01T13:37:38.959+0000] {logging_mixin.py:188} INFO - [2026-05-01T13:37:38.959+0000] {dag.py:3947} INFO - Setting next_dagrun for example_subdag_operator.section-1 to None, run_after=None
[2026-05-01T13:37:38.963+0000] {logging_mixin.py:188} INFO - [2026-05-01T13:37:38.962+0000] {dag.py:3947} INFO - Setting next_dagrun for example_subdag_operator.section-2 to None, run_after=None
[2026-05-01T13:37:38.986+0000] {processor.py:183} INFO - Processing /home/airflow/.local/lib/python3.12/site-packages/airflow/example_dags/example_subdag_operator.py took 0.171 seconds
[2026-05-01T13:38:09.746+0000] {processor.py:161} INFO - Started process (PID=1572) to work on /home/airflow/.local/lib/python3.12/site-packages/airflow/example_dags/example_subdag_operator.py
[2026-05-01T13:38:09.749+0000] {processor.py:830} INFO - Processing file /home/airflow/.local/lib/python3.12/site-packages/airflow/example_dags/example_subdag_operator.py for tasks to queue
[2026-05-01T13:38:09.755+0000] {logging_mixin.py:188} INFO - [2026-05-01T13:38:09.754+0000] {dagbag.py:545} INFO - Filling up the DagBag from /home/airflow/.local/lib/python3.12/site-packages/airflow/example_dags/example_subdag_operator.py
[2026-05-01T13:38:09.799+0000] {processor.py:840} INFO - DAG(s) 'example_subdag_operator.section-1', 'example_subdag_operator.section-2', 'example_subdag_operator' retrieved from /home/airflow/.local/lib/python3.12/site-packages/airflow/example_dags/example_subdag_operator.py
[2026-05-01T13:38:09.831+0000] {logging_mixin.py:188} INFO - [2026-05-01T13:38:09.831+0000] {dag.py:3089} INFO - Sync 3 DAGs
[2026-05-01T13:38:09.886+0000] {logging_mixin.py:188} INFO - [2026-05-01T13:38:09.885+0000] {dag.py:3947} INFO - Setting next_dagrun for example_subdag_operator to 2022-01-01 00:00:00+00:00, run_after=2022-01-01 00:00:00+00:00
[2026-05-01T13:38:09.893+0000] {logging_mixin.py:188} INFO - [2026-05-01T13:38:09.893+0000] {dag.py:3947} INFO - Setting next_dagrun for example_subdag_operator.section-1 to None, run_after=None
[2026-05-01T13:38:09.897+0000] {logging_mixin.py:188} INFO - [2026-05-01T13:38:09.896+0000] {dag.py:3947} INFO - Setting next_dagrun for example_subdag_operator.section-2 to None, run_after=None
[2026-05-01T13:38:09.913+0000] {logging_mixin.py:188} INFO - [2026-05-01T13:38:09.912+0000] {dag.py:3089} INFO - Sync 2 DAGs
[2026-05-01T13:38:09.927+0000] {logging_mixin.py:188} INFO - [2026-05-01T13:38:09.926+0000] {dag.py:3947} INFO - Setting next_dagrun for example_subdag_operator.section-1 to None, run_after=None
[2026-05-01T13:38:09.929+0000] {logging_mixin.py:188} INFO - [2026-05-01T13:38:09.928+0000] {dag.py:3947} INFO - Setting next_dagrun for example_subdag_operator.section-2 to None, run_after=None
[2026-05-01T13:38:09.959+0000] {processor.py:183} INFO - Processing /home/airflow/.local/lib/python3.12/site-packages/airflow/example_dags/example_subdag_operator.py took 0.228 seconds
[2026-05-01T13:38:40.131+0000] {processor.py:161} INFO - Started process (PID=1629) to work on /home/airflow/.local/lib/python3.12/site-packages/airflow/example_dags/example_subdag_operator.py
[2026-05-01T13:38:40.134+0000] {processor.py:830} INFO - Processing file /home/airflow/.local/lib/python3.12/site-packages/airflow/example_dags/example_subdag_operator.py for tasks to queue
[2026-05-01T13:38:40.140+0000] {logging_mixin.py:188} INFO - [2026-05-01T13:38:40.139+0000] {dagbag.py:545} INFO - Filling up the DagBag from /home/airflow/.local/lib/python3.12/site-packages/airflow/example_dags/example_subdag_operator.py
[2026-05-01T13:38:40.178+0000] {processor.py:840} INFO - DAG(s) 'example_subdag_operator.section-1', 'example_subdag_operator.section-2', 'example_subdag_operator' retrieved from /home/airflow/.local/lib/python3.12/site-packages/airflow/example_dags/example_subdag_operator.py
[2026-05-01T13:38:40.205+0000] {logging_mixin.py:188} INFO - [2026-05-01T13:38:40.205+0000] {dag.py:3089} INFO - Sync 3 DAGs
[2026-05-01T13:38:40.238+0000] {logging_mixin.py:188} INFO - [2026-05-01T13:38:40.238+0000] {dag.py:3947} INFO - Setting next_dagrun for example_subdag_operator to 2022-01-01 00:00:00+00:00, run_after=2022-01-01 00:00:00+00:00
[2026-05-01T13:38:40.435+0000] {logging_mixin.py:188} INFO - [2026-05-01T13:38:40.435+0000] {dag.py:3947} INFO - Setting next_dagrun for example_subdag_operator.section-1 to None, run_after=None
[2026-05-01T13:38:40.446+0000] {logging_mixin.py:188} INFO - [2026-05-01T13:38:40.445+0000] {dag.py:3947} INFO - Setting next_dagrun for example_subdag_operator.section-2 to None, run_after=None
[2026-05-01T13:38:40.466+0000] {logging_mixin.py:188} INFO - [2026-05-01T13:38:40.465+0000] {dag.py:3089} INFO - Sync 2 DAGs
[2026-05-01T13:38:40.480+0000] {logging_mixin.py:188} INFO - [2026-05-01T13:38:40.479+0000] {dag.py:3947} INFO - Setting next_dagrun for example_subdag_operator.section-1 to None, run_after=None
[2026-05-01T13:38:40.485+0000] {logging_mixin.py:188} INFO - [2026-05-01T13:38:40.484+0000] {dag.py:3947} INFO - Setting next_dagrun for example_subdag_operator.section-2 to None, run_after=None
[2026-05-01T13:38:40.519+0000] {processor.py:183} INFO - Processing /home/airflow/.local/lib/python3.12/site-packages/airflow/example_dags/example_subdag_operator.py took 0.404 seconds
[2026-05-01T13:39:10.634+0000] {processor.py:161} INFO - Started process (PID=1687) to work on /home/airflow/.local/lib/python3.12/site-packages/airflow/example_dags/example_subdag_operator.py
[2026-05-01T13:39:10.640+0000] {processor.py:830} INFO - Processing file /home/airflow/.local/lib/python3.12/site-packages/airflow/example_dags/example_subdag_operator.py for tasks to queue
[2026-05-01T13:39:10.650+0000] {logging_mixin.py:188} INFO - [2026-05-01T13:39:10.648+0000] {dagbag.py:545} INFO - Filling up the DagBag from /home/airflow/.local/lib/python3.12/site-packages/airflow/example_dags/example_subdag_operator.py
[2026-05-01T13:39:10.702+0000] {processor.py:840} INFO - DAG(s) 'example_subdag_operator.section-1', 'example_subdag_operator.section-2', 'example_subdag_operator' retrieved from /home/airflow/.local/lib/python3.12/site-packages/airflow/example_dags/example_subdag_operator.py
[2026-05-01T13:39:10.727+0000] {logging_mixin.py:188} INFO - [2026-05-01T13:39:10.727+0000] {dag.py:3089} INFO - Sync 3 DAGs
[2026-05-01T13:39:10.760+0000] {logging_mixin.py:188} INFO - [2026-05-01T13:39:10.759+0000] {dag.py:3947} INFO - Setting next_dagrun for example_subdag_operator to 2022-01-01 00:00:00+00:00, run_after=2022-01-01 00:00:00+00:00
[2026-05-01T13:39:10.768+0000] {logging_mixin.py:188} INFO - [2026-05-01T13:39:10.768+0000] {dag.py:3947} INFO - Setting next_dagrun for example_subdag_operator.section-1 to None, run_after=None
[2026-05-01T13:39:10.772+0000] {logging_mixin.py:188} INFO - [2026-05-01T13:39:10.772+0000] {dag.py:3947} INFO - Setting next_dagrun for example_subdag_operator.section-2 to None, run_after=None
[2026-05-01T13:39:10.790+0000] {logging_mixin.py:188} INFO - [2026-05-01T13:39:10.790+0000] {dag.py:3089} INFO - Sync 2 DAGs
[2026-05-01T13:39:10.805+0000] {logging_mixin.py:188} INFO - [2026-05-01T13:39:10.804+0000] {dag.py:3947} INFO - Setting next_dagrun for example_subdag_operator.section-1 to None, run_after=None
[2026-05-01T13:39:10.807+0000] {logging_mixin.py:188} INFO - [2026-05-01T13:39:10.807+0000] {dag.py:3947} INFO - Setting next_dagrun for example_subdag_operator.section-2 to None, run_after=None
[2026-05-01T13:39:10.831+0000] {processor.py:183} INFO - Processing /home/airflow/.local/lib/python3.12/site-packages/airflow/example_dags/example_subdag_operator.py took 0.216 seconds
[2026-05-01T13:39:41.788+0000] {processor.py:161} INFO - Started process (PID=1745) to work on /home/airflow/.local/lib/python3.12/site-packages/airflow/example_dags/example_subdag_operator.py
[2026-05-01T13:39:41.791+0000] {processor.py:830} INFO - Processing file /home/airflow/.local/lib/python3.12/site-packages/airflow/example_dags/example_subdag_operator.py for tasks to queue
[2026-05-01T13:39:41.802+0000] {logging_mixin.py:188} INFO - [2026-05-01T13:39:41.798+0000] {dagbag.py:545} INFO - Filling up the DagBag from /home/airflow/.local/lib/python3.12/site-packages/airflow/example_dags/example_subdag_operator.py
[2026-05-01T13:39:41.943+0000] {processor.py:840} INFO - DAG(s) 'example_subdag_operator.section-1', 'example_subdag_operator.section-2', 'example_subdag_operator' retrieved from /home/airflow/.local/lib/python3.12/site-packages/airflow/example_dags/example_subdag_operator.py
[2026-05-01T13:39:41.999+0000] {logging_mixin.py:188} INFO - [2026-05-01T13:39:41.999+0000] {dag.py:3089} INFO - Sync 3 DAGs
[2026-05-01T13:39:42.054+0000] {logging_mixin.py:188} INFO - [2026-05-01T13:39:42.053+0000] {dag.py:3947} INFO - Setting next_dagrun for example_subdag_operator to 2022-01-01 00:00:00+00:00, run_after=2022-01-01 00:00:00+00:00
[2026-05-01T13:39:42.072+0000] {logging_mixin.py:188} INFO - [2026-05-01T13:39:42.072+0000] {dag.py:3947} INFO - Setting next_dagrun for example_subdag_operator.section-1 to None, run_after=None
[2026-05-01T13:39:42.079+0000] {logging_mixin.py:188} INFO - [2026-05-01T13:39:42.078+0000] {dag.py:3947} INFO - Setting next_dagrun for example_subdag_operator.section-2 to None, run_after=None
[2026-05-01T13:39:42.103+0000] {logging_mixin.py:188} INFO - [2026-05-01T13:39:42.103+0000] {dag.py:3089} INFO - Sync 2 DAGs
[2026-05-01T13:39:42.119+0000] {logging_mixin.py:188} INFO - [2026-05-01T13:39:42.118+0000] {dag.py:3947} INFO - Setting next_dagrun for example_subdag_operator.section-1 to None, run_after=None
[2026-05-01T13:39:42.122+0000] {logging_mixin.py:188} INFO - [2026-05-01T13:39:42.121+0000] {dag.py:3947} INFO - Setting next_dagrun for example_subdag_operator.section-2 to None, run_after=None
[2026-05-01T13:39:42.143+0000] {processor.py:183} INFO - Processing /home/airflow/.local/lib/python3.12/site-packages/airflow/example_dags/example_subdag_operator.py took 0.378 seconds
[2026-05-01T13:40:12.328+0000] {processor.py:161} INFO - Started process (PID=1803) to work on /home/airflow/.local/lib/python3.12/site-packages/airflow/example_dags/example_subdag_operator.py
[2026-05-01T13:40:12.337+0000] {processor.py:830} INFO - Processing file /home/airflow/.local/lib/python3.12/site-packages/airflow/example_dags/example_subdag_operator.py for tasks to queue
[2026-05-01T13:40:12.349+0000] {logging_mixin.py:188} INFO - [2026-05-01T13:40:12.343+0000] {dagbag.py:545} INFO - Filling up the DagBag from /home/airflow/.local/lib/python3.12/site-packages/airflow/example_dags/example_subdag_operator.py
[2026-05-01T13:40:12.444+0000] {processor.py:840} INFO - DAG(s) 'example_subdag_operator.section-1', 'example_subdag_operator.section-2', 'example_subdag_operator' retrieved from /home/airflow/.local/lib/python3.12/site-packages/airflow/example_dags/example_subdag_operator.py
[2026-05-01T13:40:12.566+0000] {logging_mixin.py:188} INFO - [2026-05-01T13:40:12.566+0000] {dag.py:3089} INFO - Sync 3 DAGs
[2026-05-01T13:40:12.690+0000] {logging_mixin.py:188} INFO - [2026-05-01T13:40:12.690+0000] {dag.py:3947} INFO - Setting next_dagrun for example_subdag_operator to 2022-01-01 00:00:00+00:00, run_after=2022-01-01 00:00:00+00:00
[2026-05-01T13:40:12.700+0000] {logging_mixin.py:188} INFO - [2026-05-01T13:40:12.700+0000] {dag.py:3947} INFO - Setting next_dagrun for example_subdag_operator.section-1 to None, run_after=None
[2026-05-01T13:40:12.706+0000] {logging_mixin.py:188} INFO - [2026-05-01T13:40:12.706+0000] {dag.py:3947} INFO - Setting next_dagrun for example_subdag_operator.section-2 to None, run_after=None
[2026-05-01T13:40:12.722+0000] {logging_mixin.py:188} INFO - [2026-05-01T13:40:12.722+0000] {dag.py:3089} INFO - Sync 2 DAGs
[2026-05-01T13:40:12.740+0000] {logging_mixin.py:188} INFO - [2026-05-01T13:40:12.740+0000] {dag.py:3947} INFO - Setting next_dagrun for example_subdag_operator.section-1 to None, run_after=None
[2026-05-01T13:40:12.747+0000] {logging_mixin.py:188} INFO - [2026-05-01T13:40:12.747+0000] {dag.py:3947} INFO - Setting next_dagrun for example_subdag_operator.section-2 to None, run_after=None
[2026-05-01T13:40:12.774+0000] {processor.py:183} INFO - Processing /home/airflow/.local/lib/python3.12/site-packages/airflow/example_dags/example_subdag_operator.py took 0.466 seconds
[2026-05-01T13:42:30.311+0000] {processor.py:161} INFO - Started process (PID=52) to work on /home/airflow/.local/lib/python3.12/site-packages/airflow/example_dags/example_subdag_operator.py
[2026-05-01T13:42:30.321+0000] {processor.py:830} INFO - Processing file /home/airflow/.local/lib/python3.12/site-packages/airflow/example_dags/example_subdag_operator.py for tasks to queue
[2026-05-01T13:42:30.441+0000] {logging_mixin.py:188} INFO - [2026-05-01T13:42:30.440+0000] {dagbag.py:545} INFO - Filling up the DagBag from /home/airflow/.local/lib/python3.12/site-packages/airflow/example_dags/example_subdag_operator.py
[2026-05-01T13:42:30.765+0000] {processor.py:840} INFO - DAG(s) 'example_subdag_operator.section-1', 'example_subdag_operator.section-2', 'example_subdag_operator' retrieved from /home/airflow/.local/lib/python3.12/site-packages/airflow/example_dags/example_subdag_operator.py
[2026-05-01T13:42:32.170+0000] {logging_mixin.py:188} INFO - [2026-05-01T13:42:32.169+0000] {dag.py:3089} INFO - Sync 3 DAGs
[2026-05-01T13:42:32.423+0000] {logging_mixin.py:188} INFO - [2026-05-01T13:42:32.423+0000] {dag.py:3947} INFO - Setting next_dagrun for example_subdag_operator to 2022-01-01 00:00:00+00:00, run_after=2022-01-01 00:00:00+00:00
[2026-05-01T13:42:32.461+0000] {logging_mixin.py:188} INFO - [2026-05-01T13:42:32.455+0000] {dag.py:3947} INFO - Setting next_dagrun for example_subdag_operator.section-1 to None, run_after=None
[2026-05-01T13:42:32.470+0000] {logging_mixin.py:188} INFO - [2026-05-01T13:42:32.470+0000] {dag.py:3947} INFO - Setting next_dagrun for example_subdag_operator.section-2 to None, run_after=None
[2026-05-01T13:42:32.574+0000] {logging_mixin.py:188} INFO - [2026-05-01T13:42:32.564+0000] {dag.py:3089} INFO - Sync 2 DAGs
[2026-05-01T13:42:32.652+0000] {logging_mixin.py:188} INFO - [2026-05-01T13:42:32.652+0000] {dag.py:3947} INFO - Setting next_dagrun for example_subdag_operator.section-1 to None, run_after=None
[2026-05-01T13:42:32.666+0000] {logging_mixin.py:188} INFO - [2026-05-01T13:42:32.666+0000] {dag.py:3947} INFO - Setting next_dagrun for example_subdag_operator.section-2 to None, run_after=None
[2026-05-01T13:42:33.063+0000] {processor.py:183} INFO - Processing /home/airflow/.local/lib/python3.12/site-packages/airflow/example_dags/example_subdag_operator.py took 2.829 seconds
[2026-05-01T13:43:03.321+0000] {processor.py:161} INFO - Started process (PID=110) to work on /home/airflow/.local/lib/python3.12/site-packages/airflow/example_dags/example_subdag_operator.py
[2026-05-01T13:43:03.326+0000] {processor.py:830} INFO - Processing file /home/airflow/.local/lib/python3.12/site-packages/airflow/example_dags/example_subdag_operator.py for tasks to queue
[2026-05-01T13:43:03.339+0000] {logging_mixin.py:188} INFO - [2026-05-01T13:43:03.338+0000] {dagbag.py:545} INFO - Filling up the DagBag from /home/airflow/.local/lib/python3.12/site-packages/airflow/example_dags/example_subdag_operator.py
[2026-05-01T13:43:03.382+0000] {processor.py:840} INFO - DAG(s) 'example_subdag_operator.section-1', 'example_subdag_operator.section-2', 'example_subdag_operator' retrieved from /home/airflow/.local/lib/python3.12/site-packages/airflow/example_dags/example_subdag_operator.py
[2026-05-01T13:43:03.412+0000] {logging_mixin.py:188} INFO - [2026-05-01T13:43:03.412+0000] {dag.py:3089} INFO - Sync 3 DAGs
[2026-05-01T13:43:03.451+0000] {logging_mixin.py:188} INFO - [2026-05-01T13:43:03.451+0000] {dag.py:3947} INFO - Setting next_dagrun for example_subdag_operator to 2022-01-01 00:00:00+00:00, run_after=2022-01-01 00:00:00+00:00
[2026-05-01T13:43:03.460+0000] {logging_mixin.py:188} INFO - [2026-05-01T13:43:03.460+0000] {dag.py:3947} INFO - Setting next_dagrun for example_subdag_operator.section-1 to None, run_after=None
[2026-05-01T13:43:03.464+0000] {logging_mixin.py:188} INFO - [2026-05-01T13:43:03.464+0000] {dag.py:3947} INFO - Setting next_dagrun for example_subdag_operator.section-2 to None, run_after=None
[2026-05-01T13:43:03.479+0000] {logging_mixin.py:188} INFO - [2026-05-01T13:43:03.479+0000] {dag.py:3089} INFO - Sync 2 DAGs
[2026-05-01T13:43:03.489+0000] {logging_mixin.py:188} INFO - [2026-05-01T13:43:03.489+0000] {dag.py:3947} INFO - Setting next_dagrun for example_subdag_operator.section-1 to None, run_after=None
[2026-05-01T13:43:03.494+0000] {logging_mixin.py:188} INFO - [2026-05-01T13:43:03.493+0000] {dag.py:3947} INFO - Setting next_dagrun for example_subdag_operator.section-2 to None, run_after=None
[2026-05-01T13:43:03.511+0000] {processor.py:183} INFO - Processing /home/airflow/.local/lib/python3.12/site-packages/airflow/example_dags/example_subdag_operator.py took 0.210 seconds
[2026-05-01T13:43:33.768+0000] {processor.py:161} INFO - Started process (PID=168) to work on /home/airflow/.local/lib/python3.12/site-packages/airflow/example_dags/example_subdag_operator.py
[2026-05-01T13:43:33.770+0000] {processor.py:830} INFO - Processing file /home/airflow/.local/lib/python3.12/site-packages/airflow/example_dags/example_subdag_operator.py for tasks to queue
[2026-05-01T13:43:33.777+0000] {logging_mixin.py:188} INFO - [2026-05-01T13:43:33.776+0000] {dagbag.py:545} INFO - Filling up the DagBag from /home/airflow/.local/lib/python3.12/site-packages/airflow/example_dags/example_subdag_operator.py
[2026-05-01T13:43:33.821+0000] {processor.py:840} INFO - DAG(s) 'example_subdag_operator.section-1', 'example_subdag_operator.section-2', 'example_subdag_operator' retrieved from /home/airflow/.local/lib/python3.12/site-packages/airflow/example_dags/example_subdag_operator.py
[2026-05-01T13:43:33.845+0000] {logging_mixin.py:188} INFO - [2026-05-01T13:43:33.845+0000] {dag.py:3089} INFO - Sync 3 DAGs
[2026-05-01T13:43:33.886+0000] {logging_mixin.py:188} INFO - [2026-05-01T13:43:33.885+0000] {dag.py:3947} INFO - Setting next_dagrun for example_subdag_operator to 2022-01-01 00:00:00+00:00, run_after=2022-01-01 00:00:00+00:00
[2026-05-01T13:43:33.894+0000] {logging_mixin.py:188} INFO - [2026-05-01T13:43:33.893+0000] {dag.py:3947} INFO - Setting next_dagrun for example_subdag_operator.section-1 to None, run_after=None
[2026-05-01T13:43:33.900+0000] {logging_mixin.py:188} INFO - [2026-05-01T13:43:33.900+0000] {dag.py:3947} INFO - Setting next_dagrun for example_subdag_operator.section-2 to None, run_after=None
[2026-05-01T13:43:33.922+0000] {logging_mixin.py:188} INFO - [2026-05-01T13:43:33.921+0000] {dag.py:3089} INFO - Sync 2 DAGs
[2026-05-01T13:43:33.936+0000] {logging_mixin.py:188} INFO - [2026-05-01T13:43:33.935+0000] {dag.py:3947} INFO - Setting next_dagrun for example_subdag_operator.section-1 to None, run_after=None
[2026-05-01T13:43:33.939+0000] {logging_mixin.py:188} INFO - [2026-05-01T13:43:33.938+0000] {dag.py:3947} INFO - Setting next_dagrun for example_subdag_operator.section-2 to None, run_after=None
[2026-05-01T13:43:33.993+0000] {processor.py:183} INFO - Processing /home/airflow/.local/lib/python3.12/site-packages/airflow/example_dags/example_subdag_operator.py took 0.240 seconds
[2026-05-01T13:44:04.415+0000] {processor.py:161} INFO - Started process (PID=226) to work on /home/airflow/.local/lib/python3.12/site-packages/airflow/example_dags/example_subdag_operator.py
[2026-05-01T13:44:04.418+0000] {processor.py:830} INFO - Processing file /home/airflow/.local/lib/python3.12/site-packages/airflow/example_dags/example_subdag_operator.py for tasks to queue
[2026-05-01T13:44:04.422+0000] {logging_mixin.py:188} INFO - [2026-05-01T13:44:04.421+0000] {dagbag.py:545} INFO - Filling up the DagBag from /home/airflow/.local/lib/python3.12/site-packages/airflow/example_dags/example_subdag_operator.py
[2026-05-01T13:44:04.474+0000] {processor.py:840} INFO - DAG(s) 'example_subdag_operator.section-1', 'example_subdag_operator.section-2', 'example_subdag_operator' retrieved from /home/airflow/.local/lib/python3.12/site-packages/airflow/example_dags/example_subdag_operator.py
[2026-05-01T13:44:04.523+0000] {logging_mixin.py:188} INFO - [2026-05-01T13:44:04.522+0000] {dag.py:3089} INFO - Sync 3 DAGs
[2026-05-01T13:44:04.571+0000] {logging_mixin.py:188} INFO - [2026-05-01T13:44:04.571+0000] {dag.py:3947} INFO - Setting next_dagrun for example_subdag_operator to 2022-01-01 00:00:00+00:00, run_after=2022-01-01 00:00:00+00:00
[2026-05-01T13:44:04.582+0000] {logging_mixin.py:188} INFO - [2026-05-01T13:44:04.582+0000] {dag.py:3947} INFO - Setting next_dagrun for example_subdag_operator.section-1 to None, run_after=None
[2026-05-01T13:44:04.587+0000] {logging_mixin.py:188} INFO - [2026-05-01T13:44:04.587+0000] {dag.py:3947} INFO - Setting next_dagrun for example_subdag_operator.section-2 to None, run_after=None
[2026-05-01T13:44:04.604+0000] {logging_mixin.py:188} INFO - [2026-05-01T13:44:04.603+0000] {dag.py:3089} INFO - Sync 2 DAGs
[2026-05-01T13:44:04.617+0000] {logging_mixin.py:188} INFO - [2026-05-01T13:44:04.617+0000] {dag.py:3947} INFO - Setting next_dagrun for example_subdag_operator.section-1 to None, run_after=None
[2026-05-01T13:44:04.619+0000] {logging_mixin.py:188} INFO - [2026-05-01T13:44:04.619+0000] {dag.py:3947} INFO - Setting next_dagrun for example_subdag_operator.section-2 to None, run_after=None
[2026-05-01T13:44:04.643+0000] {processor.py:183} INFO - Processing /home/airflow/.local/lib/python3.12/site-packages/airflow/example_dags/example_subdag_operator.py took 0.239 seconds
[2026-05-01T13:44:35.339+0000] {processor.py:161} INFO - Started process (PID=281) to work on /home/airflow/.local/lib/python3.12/site-packages/airflow/example_dags/example_subdag_operator.py
[2026-05-01T13:44:35.342+0000] {processor.py:830} INFO - Processing file /home/airflow/.local/lib/python3.12/site-packages/airflow/example_dags/example_subdag_operator.py for tasks to queue
[2026-05-01T13:44:35.348+0000] {logging_mixin.py:188} INFO - [2026-05-01T13:44:35.347+0000] {dagbag.py:545} INFO - Filling up the DagBag from /home/airflow/.local/lib/python3.12/site-packages/airflow/example_dags/example_subdag_operator.py
[2026-05-01T13:44:35.386+0000] {processor.py:840} INFO - DAG(s) 'example_subdag_operator.section-1', 'example_subdag_operator.section-2', 'example_subdag_operator' retrieved from /home/airflow/.local/lib/python3.12/site-packages/airflow/example_dags/example_subdag_operator.py
[2026-05-01T13:44:35.412+0000] {logging_mixin.py:188} INFO - [2026-05-01T13:44:35.412+0000] {dag.py:3089} INFO - Sync 3 DAGs
[2026-05-01T13:44:35.454+0000] {logging_mixin.py:188} INFO - [2026-05-01T13:44:35.454+0000] {dag.py:3947} INFO - Setting next_dagrun for example_subdag_operator to 2022-01-01 00:00:00+00:00, run_after=2022-01-01 00:00:00+00:00
[2026-05-01T13:44:35.472+0000] {logging_mixin.py:188} INFO - [2026-05-01T13:44:35.470+0000] {dag.py:3947} INFO - Setting next_dagrun for example_subdag_operator.section-1 to None, run_after=None
[2026-05-01T13:44:35.480+0000] {logging_mixin.py:188} INFO - [2026-05-01T13:44:35.479+0000] {dag.py:3947} INFO - Setting next_dagrun for example_subdag_operator.section-2 to None, run_after=None
[2026-05-01T13:44:35.500+0000] {logging_mixin.py:188} INFO - [2026-05-01T13:44:35.500+0000] {dag.py:3089} INFO - Sync 2 DAGs
[2026-05-01T13:44:35.511+0000] {logging_mixin.py:188} INFO - [2026-05-01T13:44:35.511+0000] {dag.py:3947} INFO - Setting next_dagrun for example_subdag_operator.section-1 to None, run_after=None
[2026-05-01T13:44:35.513+0000] {logging_mixin.py:188} INFO - [2026-05-01T13:44:35.513+0000] {dag.py:3947} INFO - Setting next_dagrun for example_subdag_operator.section-2 to None, run_after=None
[2026-05-01T13:44:35.534+0000] {processor.py:183} INFO - Processing /home/airflow/.local/lib/python3.12/site-packages/airflow/example_dags/example_subdag_operator.py took 0.209 seconds
[2026-05-01T13:45:09.497+0000] {processor.py:161} INFO - Started process (PID=337) to work on /home/airflow/.local/lib/python3.12/site-packages/airflow/example_dags/example_subdag_operator.py
[2026-05-01T13:45:09.504+0000] {processor.py:830} INFO - Processing file /home/airflow/.local/lib/python3.12/site-packages/airflow/example_dags/example_subdag_operator.py for tasks to queue
[2026-05-01T13:45:09.516+0000] {logging_mixin.py:188} INFO - [2026-05-01T13:45:09.516+0000] {dagbag.py:545} INFO - Filling up the DagBag from /home/airflow/.local/lib/python3.12/site-packages/airflow/example_dags/example_subdag_operator.py
[2026-05-01T13:45:09.667+0000] {processor.py:840} INFO - DAG(s) 'example_subdag_operator.section-1', 'example_subdag_operator.section-2', 'example_subdag_operator' retrieved from /home/airflow/.local/lib/python3.12/site-packages/airflow/example_dags/example_subdag_operator.py
[2026-05-01T13:45:09.836+0000] {logging_mixin.py:188} INFO - [2026-05-01T13:45:09.828+0000] {dag.py:3089} INFO - Sync 3 DAGs
[2026-05-01T13:45:10.002+0000] {logging_mixin.py:188} INFO - [2026-05-01T13:45:10.001+0000] {dag.py:3947} INFO - Setting next_dagrun for example_subdag_operator to 2022-01-01 00:00:00+00:00, run_after=2022-01-01 00:00:00+00:00
[2026-05-01T13:45:10.043+0000] {logging_mixin.py:188} INFO - [2026-05-01T13:45:10.042+0000] {dag.py:3947} INFO - Setting next_dagrun for example_subdag_operator.section-1 to None, run_after=None
[2026-05-01T13:45:10.060+0000] {logging_mixin.py:188} INFO - [2026-05-01T13:45:10.060+0000] {dag.py:3947} INFO - Setting next_dagrun for example_subdag_operator.section-2 to None, run_after=None
[2026-05-01T13:45:10.202+0000] {logging_mixin.py:188} INFO - [2026-05-01T13:45:10.201+0000] {dag.py:3089} INFO - Sync 2 DAGs
[2026-05-01T13:45:10.237+0000] {logging_mixin.py:188} INFO - [2026-05-01T13:45:10.236+0000] {dag.py:3947} INFO - Setting next_dagrun for example_subdag_operator.section-1 to None, run_after=None
[2026-05-01T13:45:10.239+0000] {logging_mixin.py:188} INFO - [2026-05-01T13:45:10.239+0000] {dag.py:3947} INFO - Setting next_dagrun for example_subdag_operator.section-2 to None, run_after=None
[2026-05-01T13:45:10.320+0000] {processor.py:183} INFO - Processing /home/airflow/.local/lib/python3.12/site-packages/airflow/example_dags/example_subdag_operator.py took 0.848 seconds
[2026-05-01T13:45:40.711+0000] {processor.py:161} INFO - Started process (PID=395) to work on /home/airflow/.local/lib/python3.12/site-packages/airflow/example_dags/example_subdag_operator.py
[2026-05-01T13:45:40.721+0000] {processor.py:830} INFO - Processing file /home/airflow/.local/lib/python3.12/site-packages/airflow/example_dags/example_subdag_operator.py for tasks to queue
[2026-05-01T13:45:40.737+0000] {logging_mixin.py:188} INFO - [2026-05-01T13:45:40.732+0000] {dagbag.py:545} INFO - Filling up the DagBag from /home/airflow/.local/lib/python3.12/site-packages/airflow/example_dags/example_subdag_operator.py
[2026-05-01T13:45:40.838+0000] {processor.py:840} INFO - DAG(s) 'example_subdag_operator.section-1', 'example_subdag_operator.section-2', 'example_subdag_operator' retrieved from /home/airflow/.local/lib/python3.12/site-packages/airflow/example_dags/example_subdag_operator.py
[2026-05-01T13:45:40.941+0000] {logging_mixin.py:188} INFO - [2026-05-01T13:45:40.941+0000] {dag.py:3089} INFO - Sync 3 DAGs
[2026-05-01T13:45:41.163+0000] {logging_mixin.py:188} INFO - [2026-05-01T13:45:41.162+0000] {dag.py:3947} INFO - Setting next_dagrun for example_subdag_operator to 2022-01-01 00:00:00+00:00, run_after=2022-01-01 00:00:00+00:00
[2026-05-01T13:45:41.228+0000] {logging_mixin.py:188} INFO - [2026-05-01T13:45:41.223+0000] {dag.py:3947} INFO - Setting next_dagrun for example_subdag_operator.section-1 to None, run_after=None
[2026-05-01T13:45:41.233+0000] {logging_mixin.py:188} INFO - [2026-05-01T13:45:41.233+0000] {dag.py:3947} INFO - Setting next_dagrun for example_subdag_operator.section-2 to None, run_after=None
[2026-05-01T13:45:41.299+0000] {logging_mixin.py:188} INFO - [2026-05-01T13:45:41.298+0000] {dag.py:3089} INFO - Sync 2 DAGs
[2026-05-01T13:45:41.482+0000] {logging_mixin.py:188} INFO - [2026-05-01T13:45:41.482+0000] {dag.py:3947} INFO - Setting next_dagrun for example_subdag_operator.section-1 to None, run_after=None
[2026-05-01T13:45:41.580+0000] {logging_mixin.py:188} INFO - [2026-05-01T13:45:41.579+0000] {dag.py:3947} INFO - Setting next_dagrun for example_subdag_operator.section-2 to None, run_after=None
[2026-05-01T13:45:41.642+0000] {processor.py:183} INFO - Processing /home/airflow/.local/lib/python3.12/site-packages/airflow/example_dags/example_subdag_operator.py took 0.973 seconds
[2026-05-01T13:46:12.039+0000] {processor.py:161} INFO - Started process (PID=453) to work on /home/airflow/.local/lib/python3.12/site-packages/airflow/example_dags/example_subdag_operator.py
[2026-05-01T13:46:12.045+0000] {processor.py:830} INFO - Processing file /home/airflow/.local/lib/python3.12/site-packages/airflow/example_dags/example_subdag_operator.py for tasks to queue
[2026-05-01T13:46:12.053+0000] {logging_mixin.py:188} INFO - [2026-05-01T13:46:12.051+0000] {dagbag.py:545} INFO - Filling up the DagBag from /home/airflow/.local/lib/python3.12/site-packages/airflow/example_dags/example_subdag_operator.py
[2026-05-01T13:46:12.097+0000] {processor.py:840} INFO - DAG(s) 'example_subdag_operator.section-1', 'example_subdag_operator.section-2', 'example_subdag_operator' retrieved from /home/airflow/.local/lib/python3.12/site-packages/airflow/example_dags/example_subdag_operator.py
[2026-05-01T13:46:12.128+0000] {logging_mixin.py:188} INFO - [2026-05-01T13:46:12.127+0000] {dag.py:3089} INFO - Sync 3 DAGs
[2026-05-01T13:46:12.168+0000] {logging_mixin.py:188} INFO - [2026-05-01T13:46:12.168+0000] {dag.py:3947} INFO - Setting next_dagrun for example_subdag_operator to 2022-01-01 00:00:00+00:00, run_after=2022-01-01 00:00:00+00:00
[2026-05-01T13:46:12.180+0000] {logging_mixin.py:188} INFO - [2026-05-01T13:46:12.179+0000] {dag.py:3947} INFO - Setting next_dagrun for example_subdag_operator.section-1 to None, run_after=None
[2026-05-01T13:46:12.185+0000] {logging_mixin.py:188} INFO - [2026-05-01T13:46:12.184+0000] {dag.py:3947} INFO - Setting next_dagrun for example_subdag_operator.section-2 to None, run_after=None
[2026-05-01T13:46:12.204+0000] {logging_mixin.py:188} INFO - [2026-05-01T13:46:12.204+0000] {dag.py:3089} INFO - Sync 2 DAGs
[2026-05-01T13:46:12.220+0000] {logging_mixin.py:188} INFO - [2026-05-01T13:46:12.220+0000] {dag.py:3947} INFO - Setting next_dagrun for example_subdag_operator.section-1 to None, run_after=None
[2026-05-01T13:46:12.222+0000] {logging_mixin.py:188} INFO - [2026-05-01T13:46:12.222+0000] {dag.py:3947} INFO - Setting next_dagrun for example_subdag_operator.section-2 to None, run_after=None
[2026-05-01T13:46:12.241+0000] {processor.py:183} INFO - Processing /home/airflow/.local/lib/python3.12/site-packages/airflow/example_dags/example_subdag_operator.py took 0.218 seconds
[2026-05-01T13:46:42.445+0000] {processor.py:161} INFO - Started process (PID=511) to work on /home/airflow/.local/lib/python3.12/site-packages/airflow/example_dags/example_subdag_operator.py
[2026-05-01T13:46:42.447+0000] {processor.py:830} INFO - Processing file /home/airflow/.local/lib/python3.12/site-packages/airflow/example_dags/example_subdag_operator.py for tasks to queue
[2026-05-01T13:46:42.456+0000] {logging_mixin.py:188} INFO - [2026-05-01T13:46:42.455+0000] {dagbag.py:545} INFO - Filling up the DagBag from /home/airflow/.local/lib/python3.12/site-packages/airflow/example_dags/example_subdag_operator.py
[2026-05-01T13:46:42.509+0000] {processor.py:840} INFO - DAG(s) 'example_subdag_operator.section-1', 'example_subdag_operator.section-2', 'example_subdag_operator' retrieved from /home/airflow/.local/lib/python3.12/site-packages/airflow/example_dags/example_subdag_operator.py
[2026-05-01T13:46:42.600+0000] {logging_mixin.py:188} INFO - [2026-05-01T13:46:42.599+0000] {dag.py:3089} INFO - Sync 3 DAGs
[2026-05-01T13:46:42.671+0000] {logging_mixin.py:188} INFO - [2026-05-01T13:46:42.670+0000] {dag.py:3947} INFO - Setting next_dagrun for example_subdag_operator to 2022-01-01 00:00:00+00:00, run_after=2022-01-01 00:00:00+00:00
[2026-05-01T13:46:42.684+0000] {logging_mixin.py:188} INFO - [2026-05-01T13:46:42.684+0000] {dag.py:3947} INFO - Setting next_dagrun for example_subdag_operator.section-1 to None, run_after=None
[2026-05-01T13:46:42.690+0000] {logging_mixin.py:188} INFO - [2026-05-01T13:46:42.689+0000] {dag.py:3947} INFO - Setting next_dagrun for example_subdag_operator.section-2 to None, run_after=None
[2026-05-01T13:46:42.703+0000] {logging_mixin.py:188} INFO - [2026-05-01T13:46:42.703+0000] {dag.py:3089} INFO - Sync 2 DAGs
[2026-05-01T13:46:42.714+0000] {logging_mixin.py:188} INFO - [2026-05-01T13:46:42.713+0000] {dag.py:3947} INFO - Setting next_dagrun for example_subdag_operator.section-1 to None, run_after=None
[2026-05-01T13:46:42.718+0000] {logging_mixin.py:188} INFO - [2026-05-01T13:46:42.718+0000] {dag.py:3947} INFO - Setting next_dagrun for example_subdag_operator.section-2 to None, run_after=None
[2026-05-01T13:46:42.738+0000] {processor.py:183} INFO - Processing /home/airflow/.local/lib/python3.12/site-packages/airflow/example_dags/example_subdag_operator.py took 0.314 seconds
[2026-05-01T13:47:12.875+0000] {processor.py:161} INFO - Started process (PID=571) to work on /home/airflow/.local/lib/python3.12/site-packages/airflow/example_dags/example_subdag_operator.py
[2026-05-01T13:47:12.877+0000] {processor.py:830} INFO - Processing file /home/airflow/.local/lib/python3.12/site-packages/airflow/example_dags/example_subdag_operator.py for tasks to queue
[2026-05-01T13:47:12.881+0000] {logging_mixin.py:188} INFO - [2026-05-01T13:47:12.880+0000] {dagbag.py:545} INFO - Filling up the DagBag from /home/airflow/.local/lib/python3.12/site-packages/airflow/example_dags/example_subdag_operator.py
[2026-05-01T13:47:12.917+0000] {processor.py:840} INFO - DAG(s) 'example_subdag_operator.section-1', 'example_subdag_operator.section-2', 'example_subdag_operator' retrieved from /home/airflow/.local/lib/python3.12/site-packages/airflow/example_dags/example_subdag_operator.py
[2026-05-01T13:47:12.942+0000] {logging_mixin.py:188} INFO - [2026-05-01T13:47:12.941+0000] {dag.py:3089} INFO - Sync 3 DAGs
[2026-05-01T13:47:12.976+0000] {logging_mixin.py:188} INFO - [2026-05-01T13:47:12.976+0000] {dag.py:3947} INFO - Setting next_dagrun for example_subdag_operator to 2022-01-01 00:00:00+00:00, run_after=2022-01-01 00:00:00+00:00
[2026-05-01T13:47:12.985+0000] {logging_mixin.py:188} INFO - [2026-05-01T13:47:12.985+0000] {dag.py:3947} INFO - Setting next_dagrun for example_subdag_operator.section-1 to None, run_after=None
[2026-05-01T13:47:12.989+0000] {logging_mixin.py:188} INFO - [2026-05-01T13:47:12.988+0000] {dag.py:3947} INFO - Setting next_dagrun for example_subdag_operator.section-2 to None, run_after=None
[2026-05-01T13:47:13.001+0000] {logging_mixin.py:188} INFO - [2026-05-01T13:47:13.001+0000] {dag.py:3089} INFO - Sync 2 DAGs
[2026-05-01T13:47:13.020+0000] {logging_mixin.py:188} INFO - [2026-05-01T13:47:13.019+0000] {dag.py:3947} INFO - Setting next_dagrun for example_subdag_operator.section-1 to None, run_after=None
[2026-05-01T13:47:13.022+0000] {logging_mixin.py:188} INFO - [2026-05-01T13:47:13.022+0000] {dag.py:3947} INFO - Setting next_dagrun for example_subdag_operator.section-2 to None, run_after=None
[2026-05-01T13:47:13.056+0000] {processor.py:183} INFO - Processing /home/airflow/.local/lib/python3.12/site-packages/airflow/example_dags/example_subdag_operator.py took 0.193 seconds
[2026-05-01T13:47:43.258+0000] {processor.py:161} INFO - Started process (PID=627) to work on /home/airflow/.local/lib/python3.12/site-packages/airflow/example_dags/example_subdag_operator.py
[2026-05-01T13:47:43.261+0000] {processor.py:830} INFO - Processing file /home/airflow/.local/lib/python3.12/site-packages/airflow/example_dags/example_subdag_operator.py for tasks to queue
[2026-05-01T13:47:43.270+0000] {logging_mixin.py:188} INFO - [2026-05-01T13:47:43.268+0000] {dagbag.py:545} INFO - Filling up the DagBag from /home/airflow/.local/lib/python3.12/site-packages/airflow/example_dags/example_subdag_operator.py
[2026-05-01T13:47:43.345+0000] {processor.py:840} INFO - DAG(s) 'example_subdag_operator.section-1', 'example_subdag_operator.section-2', 'example_subdag_operator' retrieved from /home/airflow/.local/lib/python3.12/site-packages/airflow/example_dags/example_subdag_operator.py
[2026-05-01T13:47:43.390+0000] {logging_mixin.py:188} INFO - [2026-05-01T13:47:43.390+0000] {dag.py:3089} INFO - Sync 3 DAGs
[2026-05-01T13:47:43.439+0000] {logging_mixin.py:188} INFO - [2026-05-01T13:47:43.438+0000] {dag.py:3947} INFO - Setting next_dagrun for example_subdag_operator to 2022-01-01 00:00:00+00:00, run_after=2022-01-01 00:00:00+00:00
[2026-05-01T13:47:43.446+0000] {logging_mixin.py:188} INFO - [2026-05-01T13:47:43.446+0000] {dag.py:3947} INFO - Setting next_dagrun for example_subdag_operator.section-1 to None, run_after=None
[2026-05-01T13:47:43.459+0000] {logging_mixin.py:188} INFO - [2026-05-01T13:47:43.458+0000] {dag.py:3947} INFO - Setting next_dagrun for example_subdag_operator.section-2 to None, run_after=None
[2026-05-01T13:47:43.480+0000] {logging_mixin.py:188} INFO - [2026-05-01T13:47:43.480+0000] {dag.py:3089} INFO - Sync 2 DAGs
[2026-05-01T13:47:43.490+0000] {logging_mixin.py:188} INFO - [2026-05-01T13:47:43.490+0000] {dag.py:3947} INFO - Setting next_dagrun for example_subdag_operator.section-1 to None, run_after=None
[2026-05-01T13:47:43.492+0000] {logging_mixin.py:188} INFO - [2026-05-01T13:47:43.491+0000] {dag.py:3947} INFO - Setting next_dagrun for example_subdag_operator.section-2 to None, run_after=None
[2026-05-01T13:47:43.508+0000] {processor.py:183} INFO - Processing /home/airflow/.local/lib/python3.12/site-packages/airflow/example_dags/example_subdag_operator.py took 0.262 seconds
[2026-05-01T13:48:14.422+0000] {processor.py:161} INFO - Started process (PID=685) to work on /home/airflow/.local/lib/python3.12/site-packages/airflow/example_dags/example_subdag_operator.py
[2026-05-01T13:48:14.426+0000] {processor.py:830} INFO - Processing file /home/airflow/.local/lib/python3.12/site-packages/airflow/example_dags/example_subdag_operator.py for tasks to queue
[2026-05-01T13:48:14.430+0000] {logging_mixin.py:188} INFO - [2026-05-01T13:48:14.430+0000] {dagbag.py:545} INFO - Filling up the DagBag from /home/airflow/.local/lib/python3.12/site-packages/airflow/example_dags/example_subdag_operator.py
[2026-05-01T13:48:14.467+0000] {processor.py:840} INFO - DAG(s) 'example_subdag_operator.section-1', 'example_subdag_operator.section-2', 'example_subdag_operator' retrieved from /home/airflow/.local/lib/python3.12/site-packages/airflow/example_dags/example_subdag_operator.py
[2026-05-01T13:48:14.503+0000] {logging_mixin.py:188} INFO - [2026-05-01T13:48:14.502+0000] {dag.py:3089} INFO - Sync 3 DAGs
[2026-05-01T13:48:14.538+0000] {logging_mixin.py:188} INFO - [2026-05-01T13:48:14.538+0000] {dag.py:3947} INFO - Setting next_dagrun for example_subdag_operator to 2022-01-01 00:00:00+00:00, run_after=2022-01-01 00:00:00+00:00
[2026-05-01T13:48:14.545+0000] {logging_mixin.py:188} INFO - [2026-05-01T13:48:14.544+0000] {dag.py:3947} INFO - Setting next_dagrun for example_subdag_operator.section-1 to None, run_after=None
[2026-05-01T13:48:14.548+0000] {logging_mixin.py:188} INFO - [2026-05-01T13:48:14.547+0000] {dag.py:3947} INFO - Setting next_dagrun for example_subdag_operator.section-2 to None, run_after=None
[2026-05-01T13:48:14.561+0000] {logging_mixin.py:188} INFO - [2026-05-01T13:48:14.560+0000] {dag.py:3089} INFO - Sync 2 DAGs
[2026-05-01T13:48:14.572+0000] {logging_mixin.py:188} INFO - [2026-05-01T13:48:14.572+0000] {dag.py:3947} INFO - Setting next_dagrun for example_subdag_operator.section-1 to None, run_after=None
[2026-05-01T13:48:14.576+0000] {logging_mixin.py:188} INFO - [2026-05-01T13:48:14.575+0000] {dag.py:3947} INFO - Setting next_dagrun for example_subdag_operator.section-2 to None, run_after=None
[2026-05-01T13:48:14.593+0000] {processor.py:183} INFO - Processing /home/airflow/.local/lib/python3.12/site-packages/airflow/example_dags/example_subdag_operator.py took 0.187 seconds
[2026-05-01T13:48:45.105+0000] {processor.py:161} INFO - Started process (PID=742) to work on /home/airflow/.local/lib/python3.12/site-packages/airflow/example_dags/example_subdag_operator.py
[2026-05-01T13:48:45.109+0000] {processor.py:830} INFO - Processing file /home/airflow/.local/lib/python3.12/site-packages/airflow/example_dags/example_subdag_operator.py for tasks to queue
[2026-05-01T13:48:45.122+0000] {logging_mixin.py:188} INFO - [2026-05-01T13:48:45.120+0000] {dagbag.py:545} INFO - Filling up the DagBag from /home/airflow/.local/lib/python3.12/site-packages/airflow/example_dags/example_subdag_operator.py
[2026-05-01T13:48:45.214+0000] {processor.py:840} INFO - DAG(s) 'example_subdag_operator.section-1', 'example_subdag_operator.section-2', 'example_subdag_operator' retrieved from /home/airflow/.local/lib/python3.12/site-packages/airflow/example_dags/example_subdag_operator.py
[2026-05-01T13:48:45.242+0000] {logging_mixin.py:188} INFO - [2026-05-01T13:48:45.242+0000] {dag.py:3089} INFO - Sync 3 DAGs
[2026-05-01T13:48:45.283+0000] {logging_mixin.py:188} INFO - [2026-05-01T13:48:45.283+0000] {dag.py:3947} INFO - Setting next_dagrun for example_subdag_operator to 2022-01-01 00:00:00+00:00, run_after=2022-01-01 00:00:00+00:00
[2026-05-01T13:48:45.294+0000] {logging_mixin.py:188} INFO - [2026-05-01T13:48:45.294+0000] {dag.py:3947} INFO - Setting next_dagrun for example_subdag_operator.section-1 to None, run_after=None
[2026-05-01T13:48:45.299+0000] {logging_mixin.py:188} INFO - [2026-05-01T13:48:45.299+0000] {dag.py:3947} INFO - Setting next_dagrun for example_subdag_operator.section-2 to None, run_after=None
[2026-05-01T13:48:45.318+0000] {logging_mixin.py:188} INFO - [2026-05-01T13:48:45.318+0000] {dag.py:3089} INFO - Sync 2 DAGs
[2026-05-01T13:48:45.333+0000] {logging_mixin.py:188} INFO - [2026-05-01T13:48:45.332+0000] {dag.py:3947} INFO - Setting next_dagrun for example_subdag_operator.section-1 to None, run_after=None
[2026-05-01T13:48:45.335+0000] {logging_mixin.py:188} INFO - [2026-05-01T13:48:45.335+0000] {dag.py:3947} INFO - Setting next_dagrun for example_subdag_operator.section-2 to None, run_after=None
[2026-05-01T13:48:45.352+0000] {processor.py:183} INFO - Processing /home/airflow/.local/lib/python3.12/site-packages/airflow/example_dags/example_subdag_operator.py took 0.277 seconds
[2026-05-01T13:49:16.113+0000] {processor.py:161} INFO - Started process (PID=800) to work on /home/airflow/.local/lib/python3.12/site-packages/airflow/example_dags/example_subdag_operator.py
[2026-05-01T13:49:16.127+0000] {processor.py:830} INFO - Processing file /home/airflow/.local/lib/python3.12/site-packages/airflow/example_dags/example_subdag_operator.py for tasks to queue
[2026-05-01T13:49:16.143+0000] {logging_mixin.py:188} INFO - [2026-05-01T13:49:16.142+0000] {dagbag.py:545} INFO - Filling up the DagBag from /home/airflow/.local/lib/python3.12/site-packages/airflow/example_dags/example_subdag_operator.py
[2026-05-01T13:49:16.513+0000] {processor.py:840} INFO - DAG(s) 'example_subdag_operator.section-1', 'example_subdag_operator.section-2', 'example_subdag_operator' retrieved from /home/airflow/.local/lib/python3.12/site-packages/airflow/example_dags/example_subdag_operator.py
[2026-05-01T13:49:16.591+0000] {logging_mixin.py:188} INFO - [2026-05-01T13:49:16.591+0000] {dag.py:3089} INFO - Sync 3 DAGs
[2026-05-01T13:49:16.674+0000] {logging_mixin.py:188} INFO - [2026-05-01T13:49:16.674+0000] {dag.py:3947} INFO - Setting next_dagrun for example_subdag_operator to 2022-01-01 00:00:00+00:00, run_after=2022-01-01 00:00:00+00:00
[2026-05-01T13:49:16.723+0000] {logging_mixin.py:188} INFO - [2026-05-01T13:49:16.722+0000] {dag.py:3947} INFO - Setting next_dagrun for example_subdag_operator.section-1 to None, run_after=None
[2026-05-01T13:49:16.729+0000] {logging_mixin.py:188} INFO - [2026-05-01T13:49:16.727+0000] {dag.py:3947} INFO - Setting next_dagrun for example_subdag_operator.section-2 to None, run_after=None
[2026-05-01T13:49:16.759+0000] {logging_mixin.py:188} INFO - [2026-05-01T13:49:16.758+0000] {dag.py:3089} INFO - Sync 2 DAGs
[2026-05-01T13:49:16.782+0000] {logging_mixin.py:188} INFO - [2026-05-01T13:49:16.782+0000] {dag.py:3947} INFO - Setting next_dagrun for example_subdag_operator.section-1 to None, run_after=None
[2026-05-01T13:49:16.788+0000] {logging_mixin.py:188} INFO - [2026-05-01T13:49:16.786+0000] {dag.py:3947} INFO - Setting next_dagrun for example_subdag_operator.section-2 to None, run_after=None
[2026-05-01T13:49:16.835+0000] {processor.py:183} INFO - Processing /home/airflow/.local/lib/python3.12/site-packages/airflow/example_dags/example_subdag_operator.py took 0.905 seconds
[2026-05-01T13:49:47.546+0000] {processor.py:161} INFO - Started process (PID=859) to work on /home/airflow/.local/lib/python3.12/site-packages/airflow/example_dags/example_subdag_operator.py
[2026-05-01T13:49:47.550+0000] {processor.py:830} INFO - Processing file /home/airflow/.local/lib/python3.12/site-packages/airflow/example_dags/example_subdag_operator.py for tasks to queue
[2026-05-01T13:49:47.554+0000] {logging_mixin.py:188} INFO - [2026-05-01T13:49:47.554+0000] {dagbag.py:545} INFO - Filling up the DagBag from /home/airflow/.local/lib/python3.12/site-packages/airflow/example_dags/example_subdag_operator.py
[2026-05-01T13:49:47.588+0000] {processor.py:840} INFO - DAG(s) 'example_subdag_operator.section-1', 'example_subdag_operator.section-2', 'example_subdag_operator' retrieved from /home/airflow/.local/lib/python3.12/site-packages/airflow/example_dags/example_subdag_operator.py
[2026-05-01T13:49:47.613+0000] {logging_mixin.py:188} INFO - [2026-05-01T13:49:47.613+0000] {dag.py:3089} INFO - Sync 3 DAGs
[2026-05-01T13:49:47.648+0000] {logging_mixin.py:188} INFO - [2026-05-01T13:49:47.648+0000] {dag.py:3947} INFO - Setting next_dagrun for example_subdag_operator to 2022-01-01 00:00:00+00:00, run_after=2022-01-01 00:00:00+00:00
[2026-05-01T13:49:47.660+0000] {logging_mixin.py:188} INFO - [2026-05-01T13:49:47.659+0000] {dag.py:3947} INFO - Setting next_dagrun for example_subdag_operator.section-1 to None, run_after=None
[2026-05-01T13:49:47.665+0000] {logging_mixin.py:188} INFO - [2026-05-01T13:49:47.664+0000] {dag.py:3947} INFO - Setting next_dagrun for example_subdag_operator.section-2 to None, run_after=None
[2026-05-01T13:49:47.680+0000] {logging_mixin.py:188} INFO - [2026-05-01T13:49:47.680+0000] {dag.py:3089} INFO - Sync 2 DAGs
[2026-05-01T13:49:47.690+0000] {logging_mixin.py:188} INFO - [2026-05-01T13:49:47.690+0000] {dag.py:3947} INFO - Setting next_dagrun for example_subdag_operator.section-1 to None, run_after=None
[2026-05-01T13:49:47.692+0000] {logging_mixin.py:188} INFO - [2026-05-01T13:49:47.692+0000] {dag.py:3947} INFO - Setting next_dagrun for example_subdag_operator.section-2 to None, run_after=None
[2026-05-01T13:49:47.713+0000] {processor.py:183} INFO - Processing /home/airflow/.local/lib/python3.12/site-packages/airflow/example_dags/example_subdag_operator.py took 0.176 seconds
[2026-05-01T13:50:18.012+0000] {processor.py:161} INFO - Started process (PID=916) to work on /home/airflow/.local/lib/python3.12/site-packages/airflow/example_dags/example_subdag_operator.py
[2026-05-01T13:50:18.019+0000] {processor.py:830} INFO - Processing file /home/airflow/.local/lib/python3.12/site-packages/airflow/example_dags/example_subdag_operator.py for tasks to queue
[2026-05-01T13:50:18.024+0000] {logging_mixin.py:188} INFO - [2026-05-01T13:50:18.023+0000] {dagbag.py:545} INFO - Filling up the DagBag from /home/airflow/.local/lib/python3.12/site-packages/airflow/example_dags/example_subdag_operator.py
[2026-05-01T13:50:18.067+0000] {processor.py:840} INFO - DAG(s) 'example_subdag_operator.section-1', 'example_subdag_operator.section-2', 'example_subdag_operator' retrieved from /home/airflow/.local/lib/python3.12/site-packages/airflow/example_dags/example_subdag_operator.py
[2026-05-01T13:50:18.110+0000] {logging_mixin.py:188} INFO - [2026-05-01T13:50:18.109+0000] {dag.py:3089} INFO - Sync 3 DAGs
[2026-05-01T13:50:18.191+0000] {logging_mixin.py:188} INFO - [2026-05-01T13:50:18.191+0000] {dag.py:3947} INFO - Setting next_dagrun for example_subdag_operator to 2022-01-01 00:00:00+00:00, run_after=2022-01-01 00:00:00+00:00
[2026-05-01T13:50:18.206+0000] {logging_mixin.py:188} INFO - [2026-05-01T13:50:18.205+0000] {dag.py:3947} INFO - Setting next_dagrun for example_subdag_operator.section-1 to None, run_after=None
[2026-05-01T13:50:18.213+0000] {logging_mixin.py:188} INFO - [2026-05-01T13:50:18.213+0000] {dag.py:3947} INFO - Setting next_dagrun for example_subdag_operator.section-2 to None, run_after=None
[2026-05-01T13:50:18.251+0000] {logging_mixin.py:188} INFO - [2026-05-01T13:50:18.250+0000] {dag.py:3089} INFO - Sync 2 DAGs
[2026-05-01T13:50:18.277+0000] {logging_mixin.py:188} INFO - [2026-05-01T13:50:18.275+0000] {dag.py:3947} INFO - Setting next_dagrun for example_subdag_operator.section-1 to None, run_after=None
[2026-05-01T13:50:18.280+0000] {logging_mixin.py:188} INFO - [2026-05-01T13:50:18.280+0000] {dag.py:3947} INFO - Setting next_dagrun for example_subdag_operator.section-2 to None, run_after=None
[2026-05-01T13:50:18.324+0000] {processor.py:183} INFO - Processing /home/airflow/.local/lib/python3.12/site-packages/airflow/example_dags/example_subdag_operator.py took 0.330 seconds
[2026-05-01T13:50:48.450+0000] {processor.py:161} INFO - Started process (PID=972) to work on /home/airflow/.local/lib/python3.12/site-packages/airflow/example_dags/example_subdag_operator.py
[2026-05-01T13:50:48.455+0000] {processor.py:830} INFO - Processing file /home/airflow/.local/lib/python3.12/site-packages/airflow/example_dags/example_subdag_operator.py for tasks to queue
[2026-05-01T13:50:48.461+0000] {logging_mixin.py:188} INFO - [2026-05-01T13:50:48.460+0000] {dagbag.py:545} INFO - Filling up the DagBag from /home/airflow/.local/lib/python3.12/site-packages/airflow/example_dags/example_subdag_operator.py
[2026-05-01T13:50:48.497+0000] {processor.py:840} INFO - DAG(s) 'example_subdag_operator.section-1', 'example_subdag_operator.section-2', 'example_subdag_operator' retrieved from /home/airflow/.local/lib/python3.12/site-packages/airflow/example_dags/example_subdag_operator.py
[2026-05-01T13:50:48.523+0000] {logging_mixin.py:188} INFO - [2026-05-01T13:50:48.523+0000] {dag.py:3089} INFO - Sync 3 DAGs
[2026-05-01T13:50:48.561+0000] {logging_mixin.py:188} INFO - [2026-05-01T13:50:48.560+0000] {dag.py:3947} INFO - Setting next_dagrun for example_subdag_operator to 2022-01-01 00:00:00+00:00, run_after=2022-01-01 00:00:00+00:00
[2026-05-01T13:50:48.570+0000] {logging_mixin.py:188} INFO - [2026-05-01T13:50:48.570+0000] {dag.py:3947} INFO - Setting next_dagrun for example_subdag_operator.section-1 to None, run_after=None
[2026-05-01T13:50:48.573+0000] {logging_mixin.py:188} INFO - [2026-05-01T13:50:48.573+0000] {dag.py:3947} INFO - Setting next_dagrun for example_subdag_operator.section-2 to None, run_after=None
[2026-05-01T13:50:48.594+0000] {logging_mixin.py:188} INFO - [2026-05-01T13:50:48.594+0000] {dag.py:3089} INFO - Sync 2 DAGs
[2026-05-01T13:50:48.611+0000] {logging_mixin.py:188} INFO - [2026-05-01T13:50:48.611+0000] {dag.py:3947} INFO - Setting next_dagrun for example_subdag_operator.section-1 to None, run_after=None
[2026-05-01T13:50:48.614+0000] {logging_mixin.py:188} INFO - [2026-05-01T13:50:48.614+0000] {dag.py:3947} INFO - Setting next_dagrun for example_subdag_operator.section-2 to None, run_after=None
[2026-05-01T13:50:48.633+0000] {processor.py:183} INFO - Processing /home/airflow/.local/lib/python3.12/site-packages/airflow/example_dags/example_subdag_operator.py took 0.198 seconds
[2026-05-01T13:51:19.289+0000] {processor.py:161} INFO - Started process (PID=1029) to work on /home/airflow/.local/lib/python3.12/site-packages/airflow/example_dags/example_subdag_operator.py
[2026-05-01T13:51:19.294+0000] {processor.py:830} INFO - Processing file /home/airflow/.local/lib/python3.12/site-packages/airflow/example_dags/example_subdag_operator.py for tasks to queue
[2026-05-01T13:51:19.300+0000] {logging_mixin.py:188} INFO - [2026-05-01T13:51:19.299+0000] {dagbag.py:545} INFO - Filling up the DagBag from /home/airflow/.local/lib/python3.12/site-packages/airflow/example_dags/example_subdag_operator.py
[2026-05-01T13:51:19.406+0000] {processor.py:840} INFO - DAG(s) 'example_subdag_operator.section-1', 'example_subdag_operator.section-2', 'example_subdag_operator' retrieved from /home/airflow/.local/lib/python3.12/site-packages/airflow/example_dags/example_subdag_operator.py
[2026-05-01T13:51:19.470+0000] {logging_mixin.py:188} INFO - [2026-05-01T13:51:19.470+0000] {dag.py:3089} INFO - Sync 3 DAGs
[2026-05-01T13:51:19.551+0000] {logging_mixin.py:188} INFO - [2026-05-01T13:51:19.550+0000] {dag.py:3947} INFO - Setting next_dagrun for example_subdag_operator to 2022-01-01 00:00:00+00:00, run_after=2022-01-01 00:00:00+00:00
[2026-05-01T13:51:19.571+0000] {logging_mixin.py:188} INFO - [2026-05-01T13:51:19.570+0000] {dag.py:3947} INFO - Setting next_dagrun for example_subdag_operator.section-1 to None, run_after=None
[2026-05-01T13:51:19.586+0000] {logging_mixin.py:188} INFO - [2026-05-01T13:51:19.585+0000] {dag.py:3947} INFO - Setting next_dagrun for example_subdag_operator.section-2 to None, run_after=None
[2026-05-01T13:51:19.636+0000] {logging_mixin.py:188} INFO - [2026-05-01T13:51:19.636+0000] {dag.py:3089} INFO - Sync 2 DAGs
[2026-05-01T13:51:19.665+0000] {logging_mixin.py:188} INFO - [2026-05-01T13:51:19.664+0000] {dag.py:3947} INFO - Setting next_dagrun for example_subdag_operator.section-1 to None, run_after=None
[2026-05-01T13:51:19.669+0000] {logging_mixin.py:188} INFO - [2026-05-01T13:51:19.669+0000] {dag.py:3947} INFO - Setting next_dagrun for example_subdag_operator.section-2 to None, run_after=None
[2026-05-01T13:51:19.704+0000] {processor.py:183} INFO - Processing /home/airflow/.local/lib/python3.12/site-packages/airflow/example_dags/example_subdag_operator.py took 0.434 seconds
[2026-05-01T13:51:50.667+0000] {processor.py:161} INFO - Started process (PID=1087) to work on /home/airflow/.local/lib/python3.12/site-packages/airflow/example_dags/example_subdag_operator.py
[2026-05-01T13:51:50.672+0000] {processor.py:830} INFO - Processing file /home/airflow/.local/lib/python3.12/site-packages/airflow/example_dags/example_subdag_operator.py for tasks to queue
[2026-05-01T13:51:50.678+0000] {logging_mixin.py:188} INFO - [2026-05-01T13:51:50.678+0000] {dagbag.py:545} INFO - Filling up the DagBag from /home/airflow/.local/lib/python3.12/site-packages/airflow/example_dags/example_subdag_operator.py
[2026-05-01T13:51:50.718+0000] {processor.py:840} INFO - DAG(s) 'example_subdag_operator.section-1', 'example_subdag_operator.section-2', 'example_subdag_operator' retrieved from /home/airflow/.local/lib/python3.12/site-packages/airflow/example_dags/example_subdag_operator.py
[2026-05-01T13:51:50.747+0000] {logging_mixin.py:188} INFO - [2026-05-01T13:51:50.747+0000] {dag.py:3089} INFO - Sync 3 DAGs
[2026-05-01T13:51:50.788+0000] {logging_mixin.py:188} INFO - [2026-05-01T13:51:50.788+0000] {dag.py:3947} INFO - Setting next_dagrun for example_subdag_operator to 2022-01-01 00:00:00+00:00, run_after=2022-01-01 00:00:00+00:00
[2026-05-01T13:51:50.799+0000] {logging_mixin.py:188} INFO - [2026-05-01T13:51:50.796+0000] {dag.py:3947} INFO - Setting next_dagrun for example_subdag_operator.section-1 to None, run_after=None
[2026-05-01T13:51:50.806+0000] {logging_mixin.py:188} INFO - [2026-05-01T13:51:50.806+0000] {dag.py:3947} INFO - Setting next_dagrun for example_subdag_operator.section-2 to None, run_after=None
[2026-05-01T13:51:50.853+0000] {logging_mixin.py:188} INFO - [2026-05-01T13:51:50.849+0000] {dag.py:3089} INFO - Sync 2 DAGs
[2026-05-01T13:51:50.902+0000] {logging_mixin.py:188} INFO - [2026-05-01T13:51:50.902+0000] {dag.py:3947} INFO - Setting next_dagrun for example_subdag_operator.section-1 to None, run_after=None
[2026-05-01T13:51:50.924+0000] {logging_mixin.py:188} INFO - [2026-05-01T13:51:50.923+0000] {dag.py:3947} INFO - Setting next_dagrun for example_subdag_operator.section-2 to None, run_after=None
[2026-05-01T13:51:51.073+0000] {processor.py:183} INFO - Processing /home/airflow/.local/lib/python3.12/site-packages/airflow/example_dags/example_subdag_operator.py took 0.423 seconds
[2026-05-01T13:52:21.457+0000] {processor.py:161} INFO - Started process (PID=1145) to work on /home/airflow/.local/lib/python3.12/site-packages/airflow/example_dags/example_subdag_operator.py
[2026-05-01T13:52:21.464+0000] {processor.py:830} INFO - Processing file /home/airflow/.local/lib/python3.12/site-packages/airflow/example_dags/example_subdag_operator.py for tasks to queue
[2026-05-01T13:52:21.481+0000] {logging_mixin.py:188} INFO - [2026-05-01T13:52:21.480+0000] {dagbag.py:545} INFO - Filling up the DagBag from /home/airflow/.local/lib/python3.12/site-packages/airflow/example_dags/example_subdag_operator.py
[2026-05-01T13:52:21.530+0000] {processor.py:840} INFO - DAG(s) 'example_subdag_operator.section-1', 'example_subdag_operator.section-2', 'example_subdag_operator' retrieved from /home/airflow/.local/lib/python3.12/site-packages/airflow/example_dags/example_subdag_operator.py
[2026-05-01T13:52:21.554+0000] {logging_mixin.py:188} INFO - [2026-05-01T13:52:21.554+0000] {dag.py:3089} INFO - Sync 3 DAGs
[2026-05-01T13:52:21.591+0000] {logging_mixin.py:188} INFO - [2026-05-01T13:52:21.590+0000] {dag.py:3947} INFO - Setting next_dagrun for example_subdag_operator to 2022-01-01 00:00:00+00:00, run_after=2022-01-01 00:00:00+00:00
[2026-05-01T13:52:21.598+0000] {logging_mixin.py:188} INFO - [2026-05-01T13:52:21.598+0000] {dag.py:3947} INFO - Setting next_dagrun for example_subdag_operator.section-1 to None, run_after=None
[2026-05-01T13:52:21.602+0000] {logging_mixin.py:188} INFO - [2026-05-01T13:52:21.601+0000] {dag.py:3947} INFO - Setting next_dagrun for example_subdag_operator.section-2 to None, run_after=None
[2026-05-01T13:52:21.619+0000] {logging_mixin.py:188} INFO - [2026-05-01T13:52:21.619+0000] {dag.py:3089} INFO - Sync 2 DAGs
[2026-05-01T13:52:21.630+0000] {logging_mixin.py:188} INFO - [2026-05-01T13:52:21.630+0000] {dag.py:3947} INFO - Setting next_dagrun for example_subdag_operator.section-1 to None, run_after=None
[2026-05-01T13:52:21.632+0000] {logging_mixin.py:188} INFO - [2026-05-01T13:52:21.632+0000] {dag.py:3947} INFO - Setting next_dagrun for example_subdag_operator.section-2 to None, run_after=None
[2026-05-01T13:52:21.647+0000] {processor.py:183} INFO - Processing /home/airflow/.local/lib/python3.12/site-packages/airflow/example_dags/example_subdag_operator.py took 0.277 seconds
[2026-05-01T13:52:51.792+0000] {processor.py:161} INFO - Started process (PID=1203) to work on /home/airflow/.local/lib/python3.12/site-packages/airflow/example_dags/example_subdag_operator.py
[2026-05-01T13:52:51.795+0000] {processor.py:830} INFO - Processing file /home/airflow/.local/lib/python3.12/site-packages/airflow/example_dags/example_subdag_operator.py for tasks to queue
[2026-05-01T13:52:51.800+0000] {logging_mixin.py:188} INFO - [2026-05-01T13:52:51.799+0000] {dagbag.py:545} INFO - Filling up the DagBag from /home/airflow/.local/lib/python3.12/site-packages/airflow/example_dags/example_subdag_operator.py
[2026-05-01T13:52:51.835+0000] {processor.py:840} INFO - DAG(s) 'example_subdag_operator.section-1', 'example_subdag_operator.section-2', 'example_subdag_operator' retrieved from /home/airflow/.local/lib/python3.12/site-packages/airflow/example_dags/example_subdag_operator.py
[2026-05-01T13:52:51.858+0000] {logging_mixin.py:188} INFO - [2026-05-01T13:52:51.858+0000] {dag.py:3089} INFO - Sync 3 DAGs
[2026-05-01T13:52:51.899+0000] {logging_mixin.py:188} INFO - [2026-05-01T13:52:51.899+0000] {dag.py:3947} INFO - Setting next_dagrun for example_subdag_operator to 2022-01-01 00:00:00+00:00, run_after=2022-01-01 00:00:00+00:00
[2026-05-01T13:52:51.913+0000] {logging_mixin.py:188} INFO - [2026-05-01T13:52:51.912+0000] {dag.py:3947} INFO - Setting next_dagrun for example_subdag_operator.section-1 to None, run_after=None
[2026-05-01T13:52:51.918+0000] {logging_mixin.py:188} INFO - [2026-05-01T13:52:51.918+0000] {dag.py:3947} INFO - Setting next_dagrun for example_subdag_operator.section-2 to None, run_after=None
[2026-05-01T13:52:51.937+0000] {logging_mixin.py:188} INFO - [2026-05-01T13:52:51.936+0000] {dag.py:3089} INFO - Sync 2 DAGs
[2026-05-01T13:52:51.950+0000] {logging_mixin.py:188} INFO - [2026-05-01T13:52:51.950+0000] {dag.py:3947} INFO - Setting next_dagrun for example_subdag_operator.section-1 to None, run_after=None
[2026-05-01T13:52:51.953+0000] {logging_mixin.py:188} INFO - [2026-05-01T13:52:51.952+0000] {dag.py:3947} INFO - Setting next_dagrun for example_subdag_operator.section-2 to None, run_after=None
[2026-05-01T13:52:51.973+0000] {processor.py:183} INFO - Processing /home/airflow/.local/lib/python3.12/site-packages/airflow/example_dags/example_subdag_operator.py took 0.191 seconds
[2026-05-01T13:53:22.123+0000] {processor.py:161} INFO - Started process (PID=1260) to work on /home/airflow/.local/lib/python3.12/site-packages/airflow/example_dags/example_subdag_operator.py
[2026-05-01T13:53:22.129+0000] {processor.py:830} INFO - Processing file /home/airflow/.local/lib/python3.12/site-packages/airflow/example_dags/example_subdag_operator.py for tasks to queue
[2026-05-01T13:53:22.138+0000] {logging_mixin.py:188} INFO - [2026-05-01T13:53:22.137+0000] {dagbag.py:545} INFO - Filling up the DagBag from /home/airflow/.local/lib/python3.12/site-packages/airflow/example_dags/example_subdag_operator.py
[2026-05-01T13:53:22.186+0000] {processor.py:840} INFO - DAG(s) 'example_subdag_operator.section-1', 'example_subdag_operator.section-2', 'example_subdag_operator' retrieved from /home/airflow/.local/lib/python3.12/site-packages/airflow/example_dags/example_subdag_operator.py
[2026-05-01T13:53:22.222+0000] {logging_mixin.py:188} INFO - [2026-05-01T13:53:22.221+0000] {dag.py:3089} INFO - Sync 3 DAGs
[2026-05-01T13:53:22.260+0000] {logging_mixin.py:188} INFO - [2026-05-01T13:53:22.260+0000] {dag.py:3947} INFO - Setting next_dagrun for example_subdag_operator to 2022-01-01 00:00:00+00:00, run_after=2022-01-01 00:00:00+00:00
[2026-05-01T13:53:22.271+0000] {logging_mixin.py:188} INFO - [2026-05-01T13:53:22.271+0000] {dag.py:3947} INFO - Setting next_dagrun for example_subdag_operator.section-1 to None, run_after=None
[2026-05-01T13:53:22.281+0000] {logging_mixin.py:188} INFO - [2026-05-01T13:53:22.280+0000] {dag.py:3947} INFO - Setting next_dagrun for example_subdag_operator.section-2 to None, run_after=None
[2026-05-01T13:53:22.308+0000] {logging_mixin.py:188} INFO - [2026-05-01T13:53:22.308+0000] {dag.py:3089} INFO - Sync 2 DAGs
[2026-05-01T13:53:22.320+0000] {logging_mixin.py:188} INFO - [2026-05-01T13:53:22.320+0000] {dag.py:3947} INFO - Setting next_dagrun for example_subdag_operator.section-1 to None, run_after=None
[2026-05-01T13:53:22.322+0000] {logging_mixin.py:188} INFO - [2026-05-01T13:53:22.321+0000] {dag.py:3947} INFO - Setting next_dagrun for example_subdag_operator.section-2 to None, run_after=None
[2026-05-01T13:53:22.339+0000] {processor.py:183} INFO - Processing /home/airflow/.local/lib/python3.12/site-packages/airflow/example_dags/example_subdag_operator.py took 0.233 seconds
