[2026-05-01T13:24:48.110+0000] {processor.py:161} INFO - Started process (PID=86) to work on /home/airflow/.local/lib/python3.12/site-packages/airflow/example_dags/example_datasets.py
[2026-05-01T13:24:48.142+0000] {processor.py:830} INFO - Processing file /home/airflow/.local/lib/python3.12/site-packages/airflow/example_dags/example_datasets.py for tasks to queue
[2026-05-01T13:24:48.188+0000] {logging_mixin.py:188} INFO - [2026-05-01T13:24:48.182+0000] {dagbag.py:545} INFO - Filling up the DagBag from /home/airflow/.local/lib/python3.12/site-packages/airflow/example_dags/example_datasets.py
[2026-05-01T13:24:48.550+0000] {processor.py:840} INFO - DAG(s) 'consume_1_or_both_2_and_3_with_dataset_expressions', 'consume_1_or_2_with_dataset_expressions', 'consume_1_and_2_with_dataset_expressions', 'conditional_dataset_and_time_based_timetable', 'dataset_consumes_unknown_never_scheduled', 'dataset_consumes_1_never_scheduled', 'dataset_consumes_1_and_2', 'dataset_produces_1', 'dataset_consumes_1', 'dataset_produces_2' retrieved from /home/airflow/.local/lib/python3.12/site-packages/airflow/example_dags/example_datasets.py
[2026-05-01T13:24:51.324+0000] {logging_mixin.py:188} INFO - [2026-05-01T13:24:51.323+0000] {override.py:1858} INFO - Created Permission View: can delete on DAG:consume_1_or_both_2_and_3_with_dataset_expressions
[2026-05-01T13:24:51.451+0000] {logging_mixin.py:188} INFO - [2026-05-01T13:24:51.451+0000] {override.py:1858} INFO - Created Permission View: can edit on DAG:consume_1_or_both_2_and_3_with_dataset_expressions
[2026-05-01T13:24:51.500+0000] {logging_mixin.py:188} INFO - [2026-05-01T13:24:51.499+0000] {override.py:1858} INFO - Created Permission View: can read on DAG:consume_1_or_both_2_and_3_with_dataset_expressions
[2026-05-01T13:24:51.575+0000] {logging_mixin.py:188} INFO - [2026-05-01T13:24:51.572+0000] {override.py:1858} INFO - Created Permission View: can delete on DAG:consume_1_or_2_with_dataset_expressions
[2026-05-01T13:24:51.628+0000] {logging_mixin.py:188} INFO - [2026-05-01T13:24:51.628+0000] {override.py:1858} INFO - Created Permission View: can edit on DAG:consume_1_or_2_with_dataset_expressions
[2026-05-01T13:24:51.689+0000] {logging_mixin.py:188} INFO - [2026-05-01T13:24:51.685+0000] {override.py:1858} INFO - Created Permission View: can read on DAG:consume_1_or_2_with_dataset_expressions
[2026-05-01T13:24:51.792+0000] {logging_mixin.py:188} INFO - [2026-05-01T13:24:51.791+0000] {override.py:1858} INFO - Created Permission View: can delete on DAG:consume_1_and_2_with_dataset_expressions
[2026-05-01T13:24:51.849+0000] {logging_mixin.py:188} INFO - [2026-05-01T13:24:51.848+0000] {override.py:1858} INFO - Created Permission View: can edit on DAG:consume_1_and_2_with_dataset_expressions
[2026-05-01T13:24:51.950+0000] {logging_mixin.py:188} INFO - [2026-05-01T13:24:51.949+0000] {override.py:1858} INFO - Created Permission View: can read on DAG:consume_1_and_2_with_dataset_expressions
[2026-05-01T13:24:52.133+0000] {logging_mixin.py:188} INFO - [2026-05-01T13:24:52.132+0000] {override.py:1858} INFO - Created Permission View: can delete on DAG:conditional_dataset_and_time_based_timetable
[2026-05-01T13:24:52.274+0000] {logging_mixin.py:188} INFO - [2026-05-01T13:24:52.273+0000] {override.py:1858} INFO - Created Permission View: can edit on DAG:conditional_dataset_and_time_based_timetable
[2026-05-01T13:24:52.386+0000] {logging_mixin.py:188} INFO - [2026-05-01T13:24:52.381+0000] {override.py:1858} INFO - Created Permission View: can read on DAG:conditional_dataset_and_time_based_timetable
[2026-05-01T13:24:52.516+0000] {logging_mixin.py:188} INFO - [2026-05-01T13:24:52.515+0000] {override.py:1858} INFO - Created Permission View: can delete on DAG:dataset_consumes_unknown_never_scheduled
[2026-05-01T13:24:52.573+0000] {logging_mixin.py:188} INFO - [2026-05-01T13:24:52.572+0000] {override.py:1858} INFO - Created Permission View: can edit on DAG:dataset_consumes_unknown_never_scheduled
[2026-05-01T13:24:52.634+0000] {logging_mixin.py:188} INFO - [2026-05-01T13:24:52.633+0000] {override.py:1858} INFO - Created Permission View: can read on DAG:dataset_consumes_unknown_never_scheduled
[2026-05-01T13:24:52.779+0000] {logging_mixin.py:188} INFO - [2026-05-01T13:24:52.779+0000] {override.py:1858} INFO - Created Permission View: can delete on DAG:dataset_consumes_1_never_scheduled
[2026-05-01T13:24:52.830+0000] {logging_mixin.py:188} INFO - [2026-05-01T13:24:52.830+0000] {override.py:1858} INFO - Created Permission View: can edit on DAG:dataset_consumes_1_never_scheduled
[2026-05-01T13:24:52.880+0000] {logging_mixin.py:188} INFO - [2026-05-01T13:24:52.879+0000] {override.py:1858} INFO - Created Permission View: can read on DAG:dataset_consumes_1_never_scheduled
[2026-05-01T13:24:52.987+0000] {logging_mixin.py:188} INFO - [2026-05-01T13:24:52.986+0000] {override.py:1858} INFO - Created Permission View: can delete on DAG:dataset_consumes_1_and_2
[2026-05-01T13:24:53.115+0000] {logging_mixin.py:188} INFO - [2026-05-01T13:24:53.115+0000] {override.py:1858} INFO - Created Permission View: can edit on DAG:dataset_consumes_1_and_2
[2026-05-01T13:24:53.278+0000] {logging_mixin.py:188} INFO - [2026-05-01T13:24:53.274+0000] {override.py:1858} INFO - Created Permission View: can read on DAG:dataset_consumes_1_and_2
[2026-05-01T13:24:53.491+0000] {logging_mixin.py:188} INFO - [2026-05-01T13:24:53.490+0000] {override.py:1858} INFO - Created Permission View: can delete on DAG:dataset_produces_1
[2026-05-01T13:24:53.561+0000] {logging_mixin.py:188} INFO - [2026-05-01T13:24:53.560+0000] {override.py:1858} INFO - Created Permission View: can edit on DAG:dataset_produces_1
[2026-05-01T13:24:53.633+0000] {logging_mixin.py:188} INFO - [2026-05-01T13:24:53.632+0000] {override.py:1858} INFO - Created Permission View: can read on DAG:dataset_produces_1
[2026-05-01T13:24:53.766+0000] {logging_mixin.py:188} INFO - [2026-05-01T13:24:53.765+0000] {override.py:1858} INFO - Created Permission View: can delete on DAG:dataset_consumes_1
[2026-05-01T13:24:53.850+0000] {logging_mixin.py:188} INFO - [2026-05-01T13:24:53.849+0000] {override.py:1858} INFO - Created Permission View: can edit on DAG:dataset_consumes_1
[2026-05-01T13:24:54.056+0000] {logging_mixin.py:188} INFO - [2026-05-01T13:24:54.053+0000] {override.py:1858} INFO - Created Permission View: can read on DAG:dataset_consumes_1
[2026-05-01T13:24:54.276+0000] {logging_mixin.py:188} INFO - [2026-05-01T13:24:54.276+0000] {override.py:1858} INFO - Created Permission View: can delete on DAG:dataset_produces_2
[2026-05-01T13:24:54.389+0000] {logging_mixin.py:188} INFO - [2026-05-01T13:24:54.388+0000] {override.py:1858} INFO - Created Permission View: can edit on DAG:dataset_produces_2
[2026-05-01T13:24:54.475+0000] {logging_mixin.py:188} INFO - [2026-05-01T13:24:54.474+0000] {override.py:1858} INFO - Created Permission View: can read on DAG:dataset_produces_2
[2026-05-01T13:24:54.479+0000] {logging_mixin.py:188} INFO - [2026-05-01T13:24:54.477+0000] {dag.py:3089} INFO - Sync 10 DAGs
[2026-05-01T13:24:54.664+0000] {logging_mixin.py:188} INFO - [2026-05-01T13:24:54.664+0000] {dag.py:3111} INFO - Creating ORM DAG for dataset_consumes_1_never_scheduled
[2026-05-01T13:24:54.716+0000] {logging_mixin.py:188} INFO - [2026-05-01T13:24:54.700+0000] {dag.py:3111} INFO - Creating ORM DAG for dataset_produces_1
[2026-05-01T13:24:55.286+0000] {logging_mixin.py:188} INFO - [2026-05-01T13:24:55.284+0000] {dag.py:3111} INFO - Creating ORM DAG for dataset_consumes_1
[2026-05-01T13:24:55.583+0000] {logging_mixin.py:188} INFO - [2026-05-01T13:24:55.582+0000] {dag.py:3111} INFO - Creating ORM DAG for dataset_consumes_1_and_2
[2026-05-01T13:24:55.604+0000] {logging_mixin.py:188} INFO - [2026-05-01T13:24:55.597+0000] {dag.py:3111} INFO - Creating ORM DAG for conditional_dataset_and_time_based_timetable
[2026-05-01T13:24:55.614+0000] {logging_mixin.py:188} INFO - [2026-05-01T13:24:55.611+0000] {dag.py:3111} INFO - Creating ORM DAG for dataset_produces_2
[2026-05-01T13:24:55.626+0000] {logging_mixin.py:188} INFO - [2026-05-01T13:24:55.621+0000] {dag.py:3111} INFO - Creating ORM DAG for consume_1_or_2_with_dataset_expressions
[2026-05-01T13:24:55.643+0000] {logging_mixin.py:188} INFO - [2026-05-01T13:24:55.636+0000] {dag.py:3111} INFO - Creating ORM DAG for consume_1_and_2_with_dataset_expressions
[2026-05-01T13:24:55.655+0000] {logging_mixin.py:188} INFO - [2026-05-01T13:24:55.655+0000] {dag.py:3111} INFO - Creating ORM DAG for dataset_consumes_unknown_never_scheduled
[2026-05-01T13:24:55.789+0000] {logging_mixin.py:188} INFO - [2026-05-01T13:24:55.788+0000] {dag.py:3111} INFO - Creating ORM DAG for consume_1_or_both_2_and_3_with_dataset_expressions
[2026-05-01T13:24:56.123+0000] {logging_mixin.py:188} INFO - [2026-05-01T13:24:56.123+0000] {dag.py:3947} INFO - Setting next_dagrun for conditional_dataset_and_time_based_timetable to 2026-04-29 01:00:00+00:00, run_after=2026-04-29 01:00:00+00:00
[2026-05-01T13:24:56.143+0000] {logging_mixin.py:188} INFO - [2026-05-01T13:24:56.128+0000] {dag.py:3947} INFO - Setting next_dagrun for consume_1_and_2_with_dataset_expressions to None, run_after=None
[2026-05-01T13:24:56.146+0000] {logging_mixin.py:188} INFO - [2026-05-01T13:24:56.145+0000] {dag.py:3947} INFO - Setting next_dagrun for consume_1_or_2_with_dataset_expressions to None, run_after=None
[2026-05-01T13:24:56.153+0000] {logging_mixin.py:188} INFO - [2026-05-01T13:24:56.153+0000] {dag.py:3947} INFO - Setting next_dagrun for consume_1_or_both_2_and_3_with_dataset_expressions to None, run_after=None
[2026-05-01T13:24:56.160+0000] {logging_mixin.py:188} INFO - [2026-05-01T13:24:56.156+0000] {dag.py:3947} INFO - Setting next_dagrun for dataset_consumes_1 to None, run_after=None
[2026-05-01T13:24:56.203+0000] {logging_mixin.py:188} INFO - [2026-05-01T13:24:56.194+0000] {dag.py:3947} INFO - Setting next_dagrun for dataset_consumes_1_and_2 to None, run_after=None
[2026-05-01T13:24:56.234+0000] {logging_mixin.py:188} INFO - [2026-05-01T13:24:56.233+0000] {dag.py:3947} INFO - Setting next_dagrun for dataset_consumes_1_never_scheduled to None, run_after=None
[2026-05-01T13:24:56.249+0000] {logging_mixin.py:188} INFO - [2026-05-01T13:24:56.240+0000] {dag.py:3947} INFO - Setting next_dagrun for dataset_consumes_unknown_never_scheduled to None, run_after=None
[2026-05-01T13:24:56.275+0000] {logging_mixin.py:188} INFO - [2026-05-01T13:24:56.275+0000] {dag.py:3947} INFO - Setting next_dagrun for dataset_produces_1 to 2026-04-30 00:00:00+00:00, run_after=2026-05-01 00:00:00+00:00
[2026-05-01T13:24:56.288+0000] {logging_mixin.py:188} INFO - [2026-05-01T13:24:56.285+0000] {dag.py:3947} INFO - Setting next_dagrun for dataset_produces_2 to None, run_after=None
[2026-05-01T13:24:56.802+0000] {processor.py:183} INFO - Processing /home/airflow/.local/lib/python3.12/site-packages/airflow/example_dags/example_datasets.py took 8.807 seconds
[2026-05-01T13:25:32.787+0000] {processor.py:161} INFO - Started process (PID=145) to work on /home/airflow/.local/lib/python3.12/site-packages/airflow/example_dags/example_datasets.py
[2026-05-01T13:25:32.792+0000] {processor.py:830} INFO - Processing file /home/airflow/.local/lib/python3.12/site-packages/airflow/example_dags/example_datasets.py for tasks to queue
[2026-05-01T13:25:32.807+0000] {logging_mixin.py:188} INFO - [2026-05-01T13:25:32.805+0000] {dagbag.py:545} INFO - Filling up the DagBag from /home/airflow/.local/lib/python3.12/site-packages/airflow/example_dags/example_datasets.py
[2026-05-01T13:25:32.940+0000] {processor.py:840} INFO - DAG(s) 'dataset_produces_1', 'dataset_consumes_1_never_scheduled', 'dataset_produces_2', 'conditional_dataset_and_time_based_timetable', 'consume_1_or_2_with_dataset_expressions', 'dataset_consumes_1', 'consume_1_or_both_2_and_3_with_dataset_expressions', 'dataset_consumes_1_and_2', 'consume_1_and_2_with_dataset_expressions', 'dataset_consumes_unknown_never_scheduled' retrieved from /home/airflow/.local/lib/python3.12/site-packages/airflow/example_dags/example_datasets.py
[2026-05-01T13:25:33.266+0000] {logging_mixin.py:188} INFO - [2026-05-01T13:25:33.266+0000] {dag.py:3089} INFO - Sync 10 DAGs
[2026-05-01T13:25:33.412+0000] {logging_mixin.py:188} INFO - [2026-05-01T13:25:33.411+0000] {dag.py:3947} INFO - Setting next_dagrun for conditional_dataset_and_time_based_timetable to 2026-04-29 01:00:00+00:00, run_after=2026-04-29 01:00:00+00:00
[2026-05-01T13:25:33.443+0000] {logging_mixin.py:188} INFO - [2026-05-01T13:25:33.443+0000] {dag.py:3947} INFO - Setting next_dagrun for consume_1_and_2_with_dataset_expressions to None, run_after=None
[2026-05-01T13:25:33.456+0000] {logging_mixin.py:188} INFO - [2026-05-01T13:25:33.455+0000] {dag.py:3947} INFO - Setting next_dagrun for consume_1_or_2_with_dataset_expressions to None, run_after=None
[2026-05-01T13:25:33.465+0000] {logging_mixin.py:188} INFO - [2026-05-01T13:25:33.465+0000] {dag.py:3947} INFO - Setting next_dagrun for consume_1_or_both_2_and_3_with_dataset_expressions to None, run_after=None
[2026-05-01T13:25:33.479+0000] {logging_mixin.py:188} INFO - [2026-05-01T13:25:33.476+0000] {dag.py:3947} INFO - Setting next_dagrun for dataset_consumes_1 to None, run_after=None
[2026-05-01T13:25:33.506+0000] {logging_mixin.py:188} INFO - [2026-05-01T13:25:33.505+0000] {dag.py:3947} INFO - Setting next_dagrun for dataset_consumes_1_and_2 to None, run_after=None
[2026-05-01T13:25:33.519+0000] {logging_mixin.py:188} INFO - [2026-05-01T13:25:33.518+0000] {dag.py:3947} INFO - Setting next_dagrun for dataset_consumes_1_never_scheduled to None, run_after=None
[2026-05-01T13:25:33.541+0000] {logging_mixin.py:188} INFO - [2026-05-01T13:25:33.541+0000] {dag.py:3947} INFO - Setting next_dagrun for dataset_consumes_unknown_never_scheduled to None, run_after=None
[2026-05-01T13:25:33.654+0000] {logging_mixin.py:188} INFO - [2026-05-01T13:25:33.598+0000] {dag.py:3947} INFO - Setting next_dagrun for dataset_produces_1 to 2026-04-30 00:00:00+00:00, run_after=2026-05-01 00:00:00+00:00
[2026-05-01T13:25:33.691+0000] {logging_mixin.py:188} INFO - [2026-05-01T13:25:33.675+0000] {dag.py:3947} INFO - Setting next_dagrun for dataset_produces_2 to None, run_after=None
[2026-05-01T13:25:34.396+0000] {processor.py:183} INFO - Processing /home/airflow/.local/lib/python3.12/site-packages/airflow/example_dags/example_datasets.py took 1.669 seconds
[2026-05-01T13:26:04.617+0000] {processor.py:161} INFO - Started process (PID=203) to work on /home/airflow/.local/lib/python3.12/site-packages/airflow/example_dags/example_datasets.py
[2026-05-01T13:26:04.629+0000] {processor.py:830} INFO - Processing file /home/airflow/.local/lib/python3.12/site-packages/airflow/example_dags/example_datasets.py for tasks to queue
[2026-05-01T13:26:04.641+0000] {logging_mixin.py:188} INFO - [2026-05-01T13:26:04.641+0000] {dagbag.py:545} INFO - Filling up the DagBag from /home/airflow/.local/lib/python3.12/site-packages/airflow/example_dags/example_datasets.py
[2026-05-01T13:26:04.748+0000] {processor.py:840} INFO - DAG(s) 'dataset_consumes_unknown_never_scheduled', 'conditional_dataset_and_time_based_timetable', 'dataset_consumes_1_never_scheduled', 'consume_1_and_2_with_dataset_expressions', 'consume_1_or_2_with_dataset_expressions', 'consume_1_or_both_2_and_3_with_dataset_expressions', 'dataset_consumes_1_and_2', 'dataset_produces_2', 'dataset_produces_1', 'dataset_consumes_1' retrieved from /home/airflow/.local/lib/python3.12/site-packages/airflow/example_dags/example_datasets.py
[2026-05-01T13:26:05.065+0000] {logging_mixin.py:188} INFO - [2026-05-01T13:26:05.064+0000] {dag.py:3089} INFO - Sync 10 DAGs
[2026-05-01T13:26:05.201+0000] {logging_mixin.py:188} INFO - [2026-05-01T13:26:05.201+0000] {dag.py:3947} INFO - Setting next_dagrun for conditional_dataset_and_time_based_timetable to 2026-04-29 01:00:00+00:00, run_after=2026-04-29 01:00:00+00:00
[2026-05-01T13:26:05.221+0000] {logging_mixin.py:188} INFO - [2026-05-01T13:26:05.221+0000] {dag.py:3947} INFO - Setting next_dagrun for consume_1_and_2_with_dataset_expressions to None, run_after=None
[2026-05-01T13:26:05.225+0000] {logging_mixin.py:188} INFO - [2026-05-01T13:26:05.224+0000] {dag.py:3947} INFO - Setting next_dagrun for consume_1_or_2_with_dataset_expressions to None, run_after=None
[2026-05-01T13:26:05.231+0000] {logging_mixin.py:188} INFO - [2026-05-01T13:26:05.230+0000] {dag.py:3947} INFO - Setting next_dagrun for consume_1_or_both_2_and_3_with_dataset_expressions to None, run_after=None
[2026-05-01T13:26:05.240+0000] {logging_mixin.py:188} INFO - [2026-05-01T13:26:05.240+0000] {dag.py:3947} INFO - Setting next_dagrun for dataset_consumes_1 to None, run_after=None
[2026-05-01T13:26:05.244+0000] {logging_mixin.py:188} INFO - [2026-05-01T13:26:05.243+0000] {dag.py:3947} INFO - Setting next_dagrun for dataset_consumes_1_and_2 to None, run_after=None
[2026-05-01T13:26:05.247+0000] {logging_mixin.py:188} INFO - [2026-05-01T13:26:05.247+0000] {dag.py:3947} INFO - Setting next_dagrun for dataset_consumes_1_never_scheduled to None, run_after=None
[2026-05-01T13:26:05.253+0000] {logging_mixin.py:188} INFO - [2026-05-01T13:26:05.253+0000] {dag.py:3947} INFO - Setting next_dagrun for dataset_consumes_unknown_never_scheduled to None, run_after=None
[2026-05-01T13:26:05.282+0000] {logging_mixin.py:188} INFO - [2026-05-01T13:26:05.265+0000] {dag.py:3947} INFO - Setting next_dagrun for dataset_produces_1 to 2026-04-30 00:00:00+00:00, run_after=2026-05-01 00:00:00+00:00
[2026-05-01T13:26:05.294+0000] {logging_mixin.py:188} INFO - [2026-05-01T13:26:05.293+0000] {dag.py:3947} INFO - Setting next_dagrun for dataset_produces_2 to None, run_after=None
[2026-05-01T13:26:05.410+0000] {processor.py:183} INFO - Processing /home/airflow/.local/lib/python3.12/site-packages/airflow/example_dags/example_datasets.py took 0.809 seconds
[2026-05-01T13:26:35.918+0000] {processor.py:161} INFO - Started process (PID=261) to work on /home/airflow/.local/lib/python3.12/site-packages/airflow/example_dags/example_datasets.py
[2026-05-01T13:26:35.923+0000] {processor.py:830} INFO - Processing file /home/airflow/.local/lib/python3.12/site-packages/airflow/example_dags/example_datasets.py for tasks to queue
[2026-05-01T13:26:35.930+0000] {logging_mixin.py:188} INFO - [2026-05-01T13:26:35.928+0000] {dagbag.py:545} INFO - Filling up the DagBag from /home/airflow/.local/lib/python3.12/site-packages/airflow/example_dags/example_datasets.py
[2026-05-01T13:26:35.955+0000] {processor.py:840} INFO - DAG(s) 'consume_1_or_2_with_dataset_expressions', 'dataset_produces_1', 'dataset_consumes_1_never_scheduled', 'conditional_dataset_and_time_based_timetable', 'consume_1_or_both_2_and_3_with_dataset_expressions', 'dataset_produces_2', 'consume_1_and_2_with_dataset_expressions', 'dataset_consumes_unknown_never_scheduled', 'dataset_consumes_1_and_2', 'dataset_consumes_1' retrieved from /home/airflow/.local/lib/python3.12/site-packages/airflow/example_dags/example_datasets.py
[2026-05-01T13:26:36.152+0000] {logging_mixin.py:188} INFO - [2026-05-01T13:26:36.152+0000] {dag.py:3089} INFO - Sync 10 DAGs
[2026-05-01T13:26:36.210+0000] {logging_mixin.py:188} INFO - [2026-05-01T13:26:36.209+0000] {dag.py:3947} INFO - Setting next_dagrun for conditional_dataset_and_time_based_timetable to 2026-04-29 01:00:00+00:00, run_after=2026-04-29 01:00:00+00:00
[2026-05-01T13:26:36.225+0000] {logging_mixin.py:188} INFO - [2026-05-01T13:26:36.224+0000] {dag.py:3947} INFO - Setting next_dagrun for consume_1_and_2_with_dataset_expressions to None, run_after=None
[2026-05-01T13:26:36.230+0000] {logging_mixin.py:188} INFO - [2026-05-01T13:26:36.230+0000] {dag.py:3947} INFO - Setting next_dagrun for consume_1_or_2_with_dataset_expressions to None, run_after=None
[2026-05-01T13:26:36.235+0000] {logging_mixin.py:188} INFO - [2026-05-01T13:26:36.235+0000] {dag.py:3947} INFO - Setting next_dagrun for consume_1_or_both_2_and_3_with_dataset_expressions to None, run_after=None
[2026-05-01T13:26:36.238+0000] {logging_mixin.py:188} INFO - [2026-05-01T13:26:36.238+0000] {dag.py:3947} INFO - Setting next_dagrun for dataset_consumes_1 to None, run_after=None
[2026-05-01T13:26:36.241+0000] {logging_mixin.py:188} INFO - [2026-05-01T13:26:36.241+0000] {dag.py:3947} INFO - Setting next_dagrun for dataset_consumes_1_and_2 to None, run_after=None
[2026-05-01T13:26:36.245+0000] {logging_mixin.py:188} INFO - [2026-05-01T13:26:36.244+0000] {dag.py:3947} INFO - Setting next_dagrun for dataset_consumes_1_never_scheduled to None, run_after=None
[2026-05-01T13:26:36.250+0000] {logging_mixin.py:188} INFO - [2026-05-01T13:26:36.249+0000] {dag.py:3947} INFO - Setting next_dagrun for dataset_consumes_unknown_never_scheduled to None, run_after=None
[2026-05-01T13:26:36.254+0000] {logging_mixin.py:188} INFO - [2026-05-01T13:26:36.254+0000] {dag.py:3947} INFO - Setting next_dagrun for dataset_produces_1 to 2026-04-30 00:00:00+00:00, run_after=2026-05-01 00:00:00+00:00
[2026-05-01T13:26:36.256+0000] {logging_mixin.py:188} INFO - [2026-05-01T13:26:36.256+0000] {dag.py:3947} INFO - Setting next_dagrun for dataset_produces_2 to None, run_after=None
[2026-05-01T13:26:36.302+0000] {processor.py:183} INFO - Processing /home/airflow/.local/lib/python3.12/site-packages/airflow/example_dags/example_datasets.py took 0.402 seconds
[2026-05-01T13:27:06.523+0000] {processor.py:161} INFO - Started process (PID=319) to work on /home/airflow/.local/lib/python3.12/site-packages/airflow/example_dags/example_datasets.py
[2026-05-01T13:27:06.529+0000] {processor.py:830} INFO - Processing file /home/airflow/.local/lib/python3.12/site-packages/airflow/example_dags/example_datasets.py for tasks to queue
[2026-05-01T13:27:06.538+0000] {logging_mixin.py:188} INFO - [2026-05-01T13:27:06.537+0000] {dagbag.py:545} INFO - Filling up the DagBag from /home/airflow/.local/lib/python3.12/site-packages/airflow/example_dags/example_datasets.py
[2026-05-01T13:27:06.566+0000] {processor.py:840} INFO - DAG(s) 'consume_1_or_2_with_dataset_expressions', 'dataset_produces_2', 'dataset_consumes_1', 'conditional_dataset_and_time_based_timetable', 'dataset_consumes_1_and_2', 'consume_1_or_both_2_and_3_with_dataset_expressions', 'dataset_consumes_unknown_never_scheduled', 'dataset_consumes_1_never_scheduled', 'consume_1_and_2_with_dataset_expressions', 'dataset_produces_1' retrieved from /home/airflow/.local/lib/python3.12/site-packages/airflow/example_dags/example_datasets.py
[2026-05-01T13:27:06.655+0000] {logging_mixin.py:188} INFO - [2026-05-01T13:27:06.655+0000] {dag.py:3089} INFO - Sync 10 DAGs
[2026-05-01T13:27:06.726+0000] {logging_mixin.py:188} INFO - [2026-05-01T13:27:06.726+0000] {dag.py:3947} INFO - Setting next_dagrun for conditional_dataset_and_time_based_timetable to 2026-04-29 01:00:00+00:00, run_after=2026-04-29 01:00:00+00:00
[2026-05-01T13:27:06.741+0000] {logging_mixin.py:188} INFO - [2026-05-01T13:27:06.741+0000] {dag.py:3947} INFO - Setting next_dagrun for consume_1_and_2_with_dataset_expressions to None, run_after=None
[2026-05-01T13:27:06.745+0000] {logging_mixin.py:188} INFO - [2026-05-01T13:27:06.745+0000] {dag.py:3947} INFO - Setting next_dagrun for consume_1_or_2_with_dataset_expressions to None, run_after=None
[2026-05-01T13:27:06.749+0000] {logging_mixin.py:188} INFO - [2026-05-01T13:27:06.748+0000] {dag.py:3947} INFO - Setting next_dagrun for consume_1_or_both_2_and_3_with_dataset_expressions to None, run_after=None
[2026-05-01T13:27:06.752+0000] {logging_mixin.py:188} INFO - [2026-05-01T13:27:06.751+0000] {dag.py:3947} INFO - Setting next_dagrun for dataset_consumes_1 to None, run_after=None
[2026-05-01T13:27:06.755+0000] {logging_mixin.py:188} INFO - [2026-05-01T13:27:06.755+0000] {dag.py:3947} INFO - Setting next_dagrun for dataset_consumes_1_and_2 to None, run_after=None
[2026-05-01T13:27:06.760+0000] {logging_mixin.py:188} INFO - [2026-05-01T13:27:06.759+0000] {dag.py:3947} INFO - Setting next_dagrun for dataset_consumes_1_never_scheduled to None, run_after=None
[2026-05-01T13:27:06.765+0000] {logging_mixin.py:188} INFO - [2026-05-01T13:27:06.765+0000] {dag.py:3947} INFO - Setting next_dagrun for dataset_consumes_unknown_never_scheduled to None, run_after=None
[2026-05-01T13:27:06.771+0000] {logging_mixin.py:188} INFO - [2026-05-01T13:27:06.771+0000] {dag.py:3947} INFO - Setting next_dagrun for dataset_produces_1 to 2026-04-30 00:00:00+00:00, run_after=2026-05-01 00:00:00+00:00
[2026-05-01T13:27:06.776+0000] {logging_mixin.py:188} INFO - [2026-05-01T13:27:06.775+0000] {dag.py:3947} INFO - Setting next_dagrun for dataset_produces_2 to None, run_after=None
[2026-05-01T13:27:06.821+0000] {processor.py:183} INFO - Processing /home/airflow/.local/lib/python3.12/site-packages/airflow/example_dags/example_datasets.py took 0.311 seconds
[2026-05-01T13:27:36.916+0000] {processor.py:161} INFO - Started process (PID=377) to work on /home/airflow/.local/lib/python3.12/site-packages/airflow/example_dags/example_datasets.py
[2026-05-01T13:27:36.920+0000] {processor.py:830} INFO - Processing file /home/airflow/.local/lib/python3.12/site-packages/airflow/example_dags/example_datasets.py for tasks to queue
[2026-05-01T13:27:36.925+0000] {logging_mixin.py:188} INFO - [2026-05-01T13:27:36.925+0000] {dagbag.py:545} INFO - Filling up the DagBag from /home/airflow/.local/lib/python3.12/site-packages/airflow/example_dags/example_datasets.py
[2026-05-01T13:27:36.945+0000] {processor.py:840} INFO - DAG(s) 'dataset_produces_1', 'dataset_consumes_unknown_never_scheduled', 'consume_1_or_2_with_dataset_expressions', 'consume_1_and_2_with_dataset_expressions', 'conditional_dataset_and_time_based_timetable', 'dataset_consumes_1', 'dataset_consumes_1_never_scheduled', 'consume_1_or_both_2_and_3_with_dataset_expressions', 'dataset_consumes_1_and_2', 'dataset_produces_2' retrieved from /home/airflow/.local/lib/python3.12/site-packages/airflow/example_dags/example_datasets.py
[2026-05-01T13:27:37.037+0000] {logging_mixin.py:188} INFO - [2026-05-01T13:27:37.036+0000] {dag.py:3089} INFO - Sync 10 DAGs
[2026-05-01T13:27:37.084+0000] {logging_mixin.py:188} INFO - [2026-05-01T13:27:37.083+0000] {dag.py:3947} INFO - Setting next_dagrun for conditional_dataset_and_time_based_timetable to 2026-04-29 01:00:00+00:00, run_after=2026-04-29 01:00:00+00:00
[2026-05-01T13:27:37.091+0000] {logging_mixin.py:188} INFO - [2026-05-01T13:27:37.091+0000] {dag.py:3947} INFO - Setting next_dagrun for consume_1_and_2_with_dataset_expressions to None, run_after=None
[2026-05-01T13:27:37.094+0000] {logging_mixin.py:188} INFO - [2026-05-01T13:27:37.094+0000] {dag.py:3947} INFO - Setting next_dagrun for consume_1_or_2_with_dataset_expressions to None, run_after=None
[2026-05-01T13:27:37.097+0000] {logging_mixin.py:188} INFO - [2026-05-01T13:27:37.097+0000] {dag.py:3947} INFO - Setting next_dagrun for consume_1_or_both_2_and_3_with_dataset_expressions to None, run_after=None
[2026-05-01T13:27:37.100+0000] {logging_mixin.py:188} INFO - [2026-05-01T13:27:37.100+0000] {dag.py:3947} INFO - Setting next_dagrun for dataset_consumes_1 to None, run_after=None
[2026-05-01T13:27:37.103+0000] {logging_mixin.py:188} INFO - [2026-05-01T13:27:37.103+0000] {dag.py:3947} INFO - Setting next_dagrun for dataset_consumes_1_and_2 to None, run_after=None
[2026-05-01T13:27:37.110+0000] {logging_mixin.py:188} INFO - [2026-05-01T13:27:37.110+0000] {dag.py:3947} INFO - Setting next_dagrun for dataset_consumes_1_never_scheduled to None, run_after=None
[2026-05-01T13:27:37.119+0000] {logging_mixin.py:188} INFO - [2026-05-01T13:27:37.118+0000] {dag.py:3947} INFO - Setting next_dagrun for dataset_consumes_unknown_never_scheduled to None, run_after=None
[2026-05-01T13:27:37.125+0000] {logging_mixin.py:188} INFO - [2026-05-01T13:27:37.124+0000] {dag.py:3947} INFO - Setting next_dagrun for dataset_produces_1 to 2026-04-30 00:00:00+00:00, run_after=2026-05-01 00:00:00+00:00
[2026-05-01T13:27:37.128+0000] {logging_mixin.py:188} INFO - [2026-05-01T13:27:37.128+0000] {dag.py:3947} INFO - Setting next_dagrun for dataset_produces_2 to None, run_after=None
[2026-05-01T13:27:37.193+0000] {processor.py:183} INFO - Processing /home/airflow/.local/lib/python3.12/site-packages/airflow/example_dags/example_datasets.py took 0.289 seconds
[2026-05-01T13:28:07.553+0000] {processor.py:161} INFO - Started process (PID=436) to work on /home/airflow/.local/lib/python3.12/site-packages/airflow/example_dags/example_datasets.py
[2026-05-01T13:28:07.568+0000] {processor.py:830} INFO - Processing file /home/airflow/.local/lib/python3.12/site-packages/airflow/example_dags/example_datasets.py for tasks to queue
[2026-05-01T13:28:07.579+0000] {logging_mixin.py:188} INFO - [2026-05-01T13:28:07.577+0000] {dagbag.py:545} INFO - Filling up the DagBag from /home/airflow/.local/lib/python3.12/site-packages/airflow/example_dags/example_datasets.py
[2026-05-01T13:28:07.626+0000] {processor.py:840} INFO - DAG(s) 'dataset_consumes_unknown_never_scheduled', 'dataset_produces_1', 'consume_1_or_both_2_and_3_with_dataset_expressions', 'dataset_produces_2', 'dataset_consumes_1_and_2', 'consume_1_and_2_with_dataset_expressions', 'dataset_consumes_1', 'conditional_dataset_and_time_based_timetable', 'dataset_consumes_1_never_scheduled', 'consume_1_or_2_with_dataset_expressions' retrieved from /home/airflow/.local/lib/python3.12/site-packages/airflow/example_dags/example_datasets.py
[2026-05-01T13:28:07.735+0000] {logging_mixin.py:188} INFO - [2026-05-01T13:28:07.734+0000] {dag.py:3089} INFO - Sync 10 DAGs
[2026-05-01T13:28:07.795+0000] {logging_mixin.py:188} INFO - [2026-05-01T13:28:07.795+0000] {dag.py:3947} INFO - Setting next_dagrun for conditional_dataset_and_time_based_timetable to 2026-04-29 01:00:00+00:00, run_after=2026-04-29 01:00:00+00:00
[2026-05-01T13:28:07.804+0000] {logging_mixin.py:188} INFO - [2026-05-01T13:28:07.803+0000] {dag.py:3947} INFO - Setting next_dagrun for consume_1_and_2_with_dataset_expressions to None, run_after=None
[2026-05-01T13:28:07.808+0000] {logging_mixin.py:188} INFO - [2026-05-01T13:28:07.808+0000] {dag.py:3947} INFO - Setting next_dagrun for consume_1_or_2_with_dataset_expressions to None, run_after=None
[2026-05-01T13:28:07.812+0000] {logging_mixin.py:188} INFO - [2026-05-01T13:28:07.812+0000] {dag.py:3947} INFO - Setting next_dagrun for consume_1_or_both_2_and_3_with_dataset_expressions to None, run_after=None
[2026-05-01T13:28:07.817+0000] {logging_mixin.py:188} INFO - [2026-05-01T13:28:07.817+0000] {dag.py:3947} INFO - Setting next_dagrun for dataset_consumes_1 to None, run_after=None
[2026-05-01T13:28:07.821+0000] {logging_mixin.py:188} INFO - [2026-05-01T13:28:07.821+0000] {dag.py:3947} INFO - Setting next_dagrun for dataset_consumes_1_and_2 to None, run_after=None
[2026-05-01T13:28:07.826+0000] {logging_mixin.py:188} INFO - [2026-05-01T13:28:07.825+0000] {dag.py:3947} INFO - Setting next_dagrun for dataset_consumes_1_never_scheduled to None, run_after=None
[2026-05-01T13:28:07.832+0000] {logging_mixin.py:188} INFO - [2026-05-01T13:28:07.831+0000] {dag.py:3947} INFO - Setting next_dagrun for dataset_consumes_unknown_never_scheduled to None, run_after=None
[2026-05-01T13:28:07.840+0000] {logging_mixin.py:188} INFO - [2026-05-01T13:28:07.840+0000] {dag.py:3947} INFO - Setting next_dagrun for dataset_produces_1 to 2026-04-30 00:00:00+00:00, run_after=2026-05-01 00:00:00+00:00
[2026-05-01T13:28:07.845+0000] {logging_mixin.py:188} INFO - [2026-05-01T13:28:07.845+0000] {dag.py:3947} INFO - Setting next_dagrun for dataset_produces_2 to None, run_after=None
[2026-05-01T13:28:07.912+0000] {processor.py:183} INFO - Processing /home/airflow/.local/lib/python3.12/site-packages/airflow/example_dags/example_datasets.py took 0.409 seconds
[2026-05-01T13:28:38.223+0000] {processor.py:161} INFO - Started process (PID=494) to work on /home/airflow/.local/lib/python3.12/site-packages/airflow/example_dags/example_datasets.py
[2026-05-01T13:28:38.248+0000] {processor.py:830} INFO - Processing file /home/airflow/.local/lib/python3.12/site-packages/airflow/example_dags/example_datasets.py for tasks to queue
[2026-05-01T13:28:38.255+0000] {logging_mixin.py:188} INFO - [2026-05-01T13:28:38.254+0000] {dagbag.py:545} INFO - Filling up the DagBag from /home/airflow/.local/lib/python3.12/site-packages/airflow/example_dags/example_datasets.py
[2026-05-01T13:28:38.295+0000] {processor.py:840} INFO - DAG(s) 'dataset_consumes_1_never_scheduled', 'consume_1_or_both_2_and_3_with_dataset_expressions', 'dataset_produces_1', 'dataset_consumes_1_and_2', 'consume_1_or_2_with_dataset_expressions', 'conditional_dataset_and_time_based_timetable', 'dataset_consumes_unknown_never_scheduled', 'dataset_consumes_1', 'consume_1_and_2_with_dataset_expressions', 'dataset_produces_2' retrieved from /home/airflow/.local/lib/python3.12/site-packages/airflow/example_dags/example_datasets.py
[2026-05-01T13:28:38.431+0000] {logging_mixin.py:188} INFO - [2026-05-01T13:28:38.429+0000] {dag.py:3089} INFO - Sync 10 DAGs
[2026-05-01T13:28:38.499+0000] {logging_mixin.py:188} INFO - [2026-05-01T13:28:38.499+0000] {dag.py:3947} INFO - Setting next_dagrun for conditional_dataset_and_time_based_timetable to 2026-04-29 01:00:00+00:00, run_after=2026-04-29 01:00:00+00:00
[2026-05-01T13:28:38.517+0000] {logging_mixin.py:188} INFO - [2026-05-01T13:28:38.516+0000] {dag.py:3947} INFO - Setting next_dagrun for consume_1_and_2_with_dataset_expressions to None, run_after=None
[2026-05-01T13:28:38.533+0000] {logging_mixin.py:188} INFO - [2026-05-01T13:28:38.532+0000] {dag.py:3947} INFO - Setting next_dagrun for consume_1_or_2_with_dataset_expressions to None, run_after=None
[2026-05-01T13:28:38.543+0000] {logging_mixin.py:188} INFO - [2026-05-01T13:28:38.541+0000] {dag.py:3947} INFO - Setting next_dagrun for consume_1_or_both_2_and_3_with_dataset_expressions to None, run_after=None
[2026-05-01T13:28:38.560+0000] {logging_mixin.py:188} INFO - [2026-05-01T13:28:38.560+0000] {dag.py:3947} INFO - Setting next_dagrun for dataset_consumes_1 to None, run_after=None
[2026-05-01T13:28:38.565+0000] {logging_mixin.py:188} INFO - [2026-05-01T13:28:38.565+0000] {dag.py:3947} INFO - Setting next_dagrun for dataset_consumes_1_and_2 to None, run_after=None
[2026-05-01T13:28:38.574+0000] {logging_mixin.py:188} INFO - [2026-05-01T13:28:38.573+0000] {dag.py:3947} INFO - Setting next_dagrun for dataset_consumes_1_never_scheduled to None, run_after=None
[2026-05-01T13:28:38.580+0000] {logging_mixin.py:188} INFO - [2026-05-01T13:28:38.580+0000] {dag.py:3947} INFO - Setting next_dagrun for dataset_consumes_unknown_never_scheduled to None, run_after=None
[2026-05-01T13:28:38.587+0000] {logging_mixin.py:188} INFO - [2026-05-01T13:28:38.587+0000] {dag.py:3947} INFO - Setting next_dagrun for dataset_produces_1 to 2026-04-30 00:00:00+00:00, run_after=2026-05-01 00:00:00+00:00
[2026-05-01T13:28:38.591+0000] {logging_mixin.py:188} INFO - [2026-05-01T13:28:38.591+0000] {dag.py:3947} INFO - Setting next_dagrun for dataset_produces_2 to None, run_after=None
[2026-05-01T13:28:38.675+0000] {processor.py:183} INFO - Processing /home/airflow/.local/lib/python3.12/site-packages/airflow/example_dags/example_datasets.py took 0.508 seconds
[2026-05-01T13:29:08.839+0000] {processor.py:161} INFO - Started process (PID=553) to work on /home/airflow/.local/lib/python3.12/site-packages/airflow/example_dags/example_datasets.py
[2026-05-01T13:29:08.841+0000] {processor.py:830} INFO - Processing file /home/airflow/.local/lib/python3.12/site-packages/airflow/example_dags/example_datasets.py for tasks to queue
[2026-05-01T13:29:08.845+0000] {logging_mixin.py:188} INFO - [2026-05-01T13:29:08.844+0000] {dagbag.py:545} INFO - Filling up the DagBag from /home/airflow/.local/lib/python3.12/site-packages/airflow/example_dags/example_datasets.py
[2026-05-01T13:29:08.865+0000] {processor.py:840} INFO - DAG(s) 'dataset_produces_2', 'dataset_consumes_unknown_never_scheduled', 'dataset_consumes_1', 'consume_1_or_both_2_and_3_with_dataset_expressions', 'dataset_produces_1', 'dataset_consumes_1_never_scheduled', 'consume_1_and_2_with_dataset_expressions', 'conditional_dataset_and_time_based_timetable', 'dataset_consumes_1_and_2', 'consume_1_or_2_with_dataset_expressions' retrieved from /home/airflow/.local/lib/python3.12/site-packages/airflow/example_dags/example_datasets.py
[2026-05-01T13:29:08.935+0000] {logging_mixin.py:188} INFO - [2026-05-01T13:29:08.935+0000] {dag.py:3089} INFO - Sync 10 DAGs
[2026-05-01T13:29:08.968+0000] {logging_mixin.py:188} INFO - [2026-05-01T13:29:08.968+0000] {dag.py:3947} INFO - Setting next_dagrun for conditional_dataset_and_time_based_timetable to 2026-04-29 01:00:00+00:00, run_after=2026-04-29 01:00:00+00:00
[2026-05-01T13:29:08.975+0000] {logging_mixin.py:188} INFO - [2026-05-01T13:29:08.975+0000] {dag.py:3947} INFO - Setting next_dagrun for consume_1_and_2_with_dataset_expressions to None, run_after=None
[2026-05-01T13:29:08.981+0000] {logging_mixin.py:188} INFO - [2026-05-01T13:29:08.980+0000] {dag.py:3947} INFO - Setting next_dagrun for consume_1_or_2_with_dataset_expressions to None, run_after=None
[2026-05-01T13:29:08.986+0000] {logging_mixin.py:188} INFO - [2026-05-01T13:29:08.985+0000] {dag.py:3947} INFO - Setting next_dagrun for consume_1_or_both_2_and_3_with_dataset_expressions to None, run_after=None
[2026-05-01T13:29:08.989+0000] {logging_mixin.py:188} INFO - [2026-05-01T13:29:08.989+0000] {dag.py:3947} INFO - Setting next_dagrun for dataset_consumes_1 to None, run_after=None
[2026-05-01T13:29:08.993+0000] {logging_mixin.py:188} INFO - [2026-05-01T13:29:08.993+0000] {dag.py:3947} INFO - Setting next_dagrun for dataset_consumes_1_and_2 to None, run_after=None
[2026-05-01T13:29:08.997+0000] {logging_mixin.py:188} INFO - [2026-05-01T13:29:08.997+0000] {dag.py:3947} INFO - Setting next_dagrun for dataset_consumes_1_never_scheduled to None, run_after=None
[2026-05-01T13:29:09.001+0000] {logging_mixin.py:188} INFO - [2026-05-01T13:29:09.001+0000] {dag.py:3947} INFO - Setting next_dagrun for dataset_consumes_unknown_never_scheduled to None, run_after=None
[2026-05-01T13:29:09.006+0000] {logging_mixin.py:188} INFO - [2026-05-01T13:29:09.005+0000] {dag.py:3947} INFO - Setting next_dagrun for dataset_produces_1 to 2026-04-30 00:00:00+00:00, run_after=2026-05-01 00:00:00+00:00
[2026-05-01T13:29:09.009+0000] {logging_mixin.py:188} INFO - [2026-05-01T13:29:09.009+0000] {dag.py:3947} INFO - Setting next_dagrun for dataset_produces_2 to None, run_after=None
[2026-05-01T13:29:09.057+0000] {processor.py:183} INFO - Processing /home/airflow/.local/lib/python3.12/site-packages/airflow/example_dags/example_datasets.py took 0.229 seconds
[2026-05-01T13:29:39.399+0000] {processor.py:161} INFO - Started process (PID=610) to work on /home/airflow/.local/lib/python3.12/site-packages/airflow/example_dags/example_datasets.py
[2026-05-01T13:29:39.402+0000] {processor.py:830} INFO - Processing file /home/airflow/.local/lib/python3.12/site-packages/airflow/example_dags/example_datasets.py for tasks to queue
[2026-05-01T13:29:39.407+0000] {logging_mixin.py:188} INFO - [2026-05-01T13:29:39.406+0000] {dagbag.py:545} INFO - Filling up the DagBag from /home/airflow/.local/lib/python3.12/site-packages/airflow/example_dags/example_datasets.py
[2026-05-01T13:29:39.448+0000] {processor.py:840} INFO - DAG(s) 'conditional_dataset_and_time_based_timetable', 'dataset_produces_2', 'dataset_consumes_unknown_never_scheduled', 'dataset_consumes_1_never_scheduled', 'consume_1_or_both_2_and_3_with_dataset_expressions', 'consume_1_or_2_with_dataset_expressions', 'dataset_produces_1', 'consume_1_and_2_with_dataset_expressions', 'dataset_consumes_1', 'dataset_consumes_1_and_2' retrieved from /home/airflow/.local/lib/python3.12/site-packages/airflow/example_dags/example_datasets.py
[2026-05-01T13:29:39.601+0000] {logging_mixin.py:188} INFO - [2026-05-01T13:29:39.601+0000] {dag.py:3089} INFO - Sync 10 DAGs
[2026-05-01T13:29:39.667+0000] {logging_mixin.py:188} INFO - [2026-05-01T13:29:39.667+0000] {dag.py:3947} INFO - Setting next_dagrun for conditional_dataset_and_time_based_timetable to 2026-04-29 01:00:00+00:00, run_after=2026-04-29 01:00:00+00:00
[2026-05-01T13:29:39.680+0000] {logging_mixin.py:188} INFO - [2026-05-01T13:29:39.680+0000] {dag.py:3947} INFO - Setting next_dagrun for consume_1_and_2_with_dataset_expressions to None, run_after=None
[2026-05-01T13:29:39.692+0000] {logging_mixin.py:188} INFO - [2026-05-01T13:29:39.691+0000] {dag.py:3947} INFO - Setting next_dagrun for consume_1_or_2_with_dataset_expressions to None, run_after=None
[2026-05-01T13:29:39.699+0000] {logging_mixin.py:188} INFO - [2026-05-01T13:29:39.698+0000] {dag.py:3947} INFO - Setting next_dagrun for consume_1_or_both_2_and_3_with_dataset_expressions to None, run_after=None
[2026-05-01T13:29:39.706+0000] {logging_mixin.py:188} INFO - [2026-05-01T13:29:39.706+0000] {dag.py:3947} INFO - Setting next_dagrun for dataset_consumes_1 to None, run_after=None
[2026-05-01T13:29:39.711+0000] {logging_mixin.py:188} INFO - [2026-05-01T13:29:39.711+0000] {dag.py:3947} INFO - Setting next_dagrun for dataset_consumes_1_and_2 to None, run_after=None
[2026-05-01T13:29:39.716+0000] {logging_mixin.py:188} INFO - [2026-05-01T13:29:39.716+0000] {dag.py:3947} INFO - Setting next_dagrun for dataset_consumes_1_never_scheduled to None, run_after=None
[2026-05-01T13:29:39.720+0000] {logging_mixin.py:188} INFO - [2026-05-01T13:29:39.719+0000] {dag.py:3947} INFO - Setting next_dagrun for dataset_consumes_unknown_never_scheduled to None, run_after=None
[2026-05-01T13:29:39.728+0000] {logging_mixin.py:188} INFO - [2026-05-01T13:29:39.727+0000] {dag.py:3947} INFO - Setting next_dagrun for dataset_produces_1 to 2026-04-30 00:00:00+00:00, run_after=2026-05-01 00:00:00+00:00
[2026-05-01T13:29:39.732+0000] {logging_mixin.py:188} INFO - [2026-05-01T13:29:39.731+0000] {dag.py:3947} INFO - Setting next_dagrun for dataset_produces_2 to None, run_after=None
[2026-05-01T13:29:39.775+0000] {processor.py:183} INFO - Processing /home/airflow/.local/lib/python3.12/site-packages/airflow/example_dags/example_datasets.py took 0.393 seconds
[2026-05-01T13:30:10.016+0000] {processor.py:161} INFO - Started process (PID=667) to work on /home/airflow/.local/lib/python3.12/site-packages/airflow/example_dags/example_datasets.py
[2026-05-01T13:30:10.023+0000] {processor.py:830} INFO - Processing file /home/airflow/.local/lib/python3.12/site-packages/airflow/example_dags/example_datasets.py for tasks to queue
[2026-05-01T13:30:10.034+0000] {logging_mixin.py:188} INFO - [2026-05-01T13:30:10.033+0000] {dagbag.py:545} INFO - Filling up the DagBag from /home/airflow/.local/lib/python3.12/site-packages/airflow/example_dags/example_datasets.py
[2026-05-01T13:30:10.092+0000] {processor.py:840} INFO - DAG(s) 'dataset_produces_1', 'dataset_produces_2', 'dataset_consumes_1', 'dataset_consumes_1_and_2', 'dataset_consumes_1_never_scheduled', 'conditional_dataset_and_time_based_timetable', 'dataset_consumes_unknown_never_scheduled', 'consume_1_or_both_2_and_3_with_dataset_expressions', 'consume_1_or_2_with_dataset_expressions', 'consume_1_and_2_with_dataset_expressions' retrieved from /home/airflow/.local/lib/python3.12/site-packages/airflow/example_dags/example_datasets.py
[2026-05-01T13:30:10.184+0000] {logging_mixin.py:188} INFO - [2026-05-01T13:30:10.183+0000] {dag.py:3089} INFO - Sync 10 DAGs
[2026-05-01T13:30:10.219+0000] {logging_mixin.py:188} INFO - [2026-05-01T13:30:10.218+0000] {dag.py:3947} INFO - Setting next_dagrun for conditional_dataset_and_time_based_timetable to 2026-04-29 01:00:00+00:00, run_after=2026-04-29 01:00:00+00:00
[2026-05-01T13:30:10.227+0000] {logging_mixin.py:188} INFO - [2026-05-01T13:30:10.227+0000] {dag.py:3947} INFO - Setting next_dagrun for consume_1_and_2_with_dataset_expressions to None, run_after=None
[2026-05-01T13:30:10.232+0000] {logging_mixin.py:188} INFO - [2026-05-01T13:30:10.232+0000] {dag.py:3947} INFO - Setting next_dagrun for consume_1_or_2_with_dataset_expressions to None, run_after=None
[2026-05-01T13:30:10.237+0000] {logging_mixin.py:188} INFO - [2026-05-01T13:30:10.237+0000] {dag.py:3947} INFO - Setting next_dagrun for consume_1_or_both_2_and_3_with_dataset_expressions to None, run_after=None
[2026-05-01T13:30:10.241+0000] {logging_mixin.py:188} INFO - [2026-05-01T13:30:10.240+0000] {dag.py:3947} INFO - Setting next_dagrun for dataset_consumes_1 to None, run_after=None
[2026-05-01T13:30:10.244+0000] {logging_mixin.py:188} INFO - [2026-05-01T13:30:10.243+0000] {dag.py:3947} INFO - Setting next_dagrun for dataset_consumes_1_and_2 to None, run_after=None
[2026-05-01T13:30:10.248+0000] {logging_mixin.py:188} INFO - [2026-05-01T13:30:10.248+0000] {dag.py:3947} INFO - Setting next_dagrun for dataset_consumes_1_never_scheduled to None, run_after=None
[2026-05-01T13:30:10.251+0000] {logging_mixin.py:188} INFO - [2026-05-01T13:30:10.251+0000] {dag.py:3947} INFO - Setting next_dagrun for dataset_consumes_unknown_never_scheduled to None, run_after=None
[2026-05-01T13:30:10.256+0000] {logging_mixin.py:188} INFO - [2026-05-01T13:30:10.256+0000] {dag.py:3947} INFO - Setting next_dagrun for dataset_produces_1 to 2026-04-30 00:00:00+00:00, run_after=2026-05-01 00:00:00+00:00
[2026-05-01T13:30:10.261+0000] {logging_mixin.py:188} INFO - [2026-05-01T13:30:10.261+0000] {dag.py:3947} INFO - Setting next_dagrun for dataset_produces_2 to None, run_after=None
[2026-05-01T13:30:10.344+0000] {processor.py:183} INFO - Processing /home/airflow/.local/lib/python3.12/site-packages/airflow/example_dags/example_datasets.py took 0.358 seconds
[2026-05-01T13:30:40.437+0000] {processor.py:161} INFO - Started process (PID=725) to work on /home/airflow/.local/lib/python3.12/site-packages/airflow/example_dags/example_datasets.py
[2026-05-01T13:30:40.441+0000] {processor.py:830} INFO - Processing file /home/airflow/.local/lib/python3.12/site-packages/airflow/example_dags/example_datasets.py for tasks to queue
[2026-05-01T13:30:40.449+0000] {logging_mixin.py:188} INFO - [2026-05-01T13:30:40.447+0000] {dagbag.py:545} INFO - Filling up the DagBag from /home/airflow/.local/lib/python3.12/site-packages/airflow/example_dags/example_datasets.py
[2026-05-01T13:30:40.475+0000] {processor.py:840} INFO - DAG(s) 'dataset_produces_1', 'conditional_dataset_and_time_based_timetable', 'dataset_consumes_1_never_scheduled', 'dataset_consumes_1_and_2', 'dataset_consumes_unknown_never_scheduled', 'dataset_consumes_1', 'consume_1_and_2_with_dataset_expressions', 'dataset_produces_2', 'consume_1_or_2_with_dataset_expressions', 'consume_1_or_both_2_and_3_with_dataset_expressions' retrieved from /home/airflow/.local/lib/python3.12/site-packages/airflow/example_dags/example_datasets.py
[2026-05-01T13:30:40.553+0000] {logging_mixin.py:188} INFO - [2026-05-01T13:30:40.553+0000] {dag.py:3089} INFO - Sync 10 DAGs
[2026-05-01T13:30:40.599+0000] {logging_mixin.py:188} INFO - [2026-05-01T13:30:40.598+0000] {dag.py:3947} INFO - Setting next_dagrun for conditional_dataset_and_time_based_timetable to 2026-04-29 01:00:00+00:00, run_after=2026-04-29 01:00:00+00:00
[2026-05-01T13:30:40.606+0000] {logging_mixin.py:188} INFO - [2026-05-01T13:30:40.606+0000] {dag.py:3947} INFO - Setting next_dagrun for consume_1_and_2_with_dataset_expressions to None, run_after=None
[2026-05-01T13:30:40.611+0000] {logging_mixin.py:188} INFO - [2026-05-01T13:30:40.610+0000] {dag.py:3947} INFO - Setting next_dagrun for consume_1_or_2_with_dataset_expressions to None, run_after=None
[2026-05-01T13:30:40.614+0000] {logging_mixin.py:188} INFO - [2026-05-01T13:30:40.614+0000] {dag.py:3947} INFO - Setting next_dagrun for consume_1_or_both_2_and_3_with_dataset_expressions to None, run_after=None
[2026-05-01T13:30:40.618+0000] {logging_mixin.py:188} INFO - [2026-05-01T13:30:40.618+0000] {dag.py:3947} INFO - Setting next_dagrun for dataset_consumes_1 to None, run_after=None
[2026-05-01T13:30:40.625+0000] {logging_mixin.py:188} INFO - [2026-05-01T13:30:40.625+0000] {dag.py:3947} INFO - Setting next_dagrun for dataset_consumes_1_and_2 to None, run_after=None
[2026-05-01T13:30:40.629+0000] {logging_mixin.py:188} INFO - [2026-05-01T13:30:40.629+0000] {dag.py:3947} INFO - Setting next_dagrun for dataset_consumes_1_never_scheduled to None, run_after=None
[2026-05-01T13:30:40.634+0000] {logging_mixin.py:188} INFO - [2026-05-01T13:30:40.634+0000] {dag.py:3947} INFO - Setting next_dagrun for dataset_consumes_unknown_never_scheduled to None, run_after=None
[2026-05-01T13:30:40.639+0000] {logging_mixin.py:188} INFO - [2026-05-01T13:30:40.639+0000] {dag.py:3947} INFO - Setting next_dagrun for dataset_produces_1 to 2026-04-30 00:00:00+00:00, run_after=2026-05-01 00:00:00+00:00
[2026-05-01T13:30:40.642+0000] {logging_mixin.py:188} INFO - [2026-05-01T13:30:40.642+0000] {dag.py:3947} INFO - Setting next_dagrun for dataset_produces_2 to None, run_after=None
[2026-05-01T13:30:40.713+0000] {processor.py:183} INFO - Processing /home/airflow/.local/lib/python3.12/site-packages/airflow/example_dags/example_datasets.py took 0.292 seconds
[2026-05-01T13:31:10.837+0000] {processor.py:161} INFO - Started process (PID=783) to work on /home/airflow/.local/lib/python3.12/site-packages/airflow/example_dags/example_datasets.py
[2026-05-01T13:31:10.841+0000] {processor.py:830} INFO - Processing file /home/airflow/.local/lib/python3.12/site-packages/airflow/example_dags/example_datasets.py for tasks to queue
[2026-05-01T13:31:10.846+0000] {logging_mixin.py:188} INFO - [2026-05-01T13:31:10.845+0000] {dagbag.py:545} INFO - Filling up the DagBag from /home/airflow/.local/lib/python3.12/site-packages/airflow/example_dags/example_datasets.py
[2026-05-01T13:31:10.871+0000] {processor.py:840} INFO - DAG(s) 'consume_1_or_both_2_and_3_with_dataset_expressions', 'dataset_produces_2', 'consume_1_or_2_with_dataset_expressions', 'consume_1_and_2_with_dataset_expressions', 'dataset_consumes_unknown_never_scheduled', 'conditional_dataset_and_time_based_timetable', 'dataset_consumes_1', 'dataset_consumes_1_and_2', 'dataset_produces_1', 'dataset_consumes_1_never_scheduled' retrieved from /home/airflow/.local/lib/python3.12/site-packages/airflow/example_dags/example_datasets.py
[2026-05-01T13:31:10.957+0000] {logging_mixin.py:188} INFO - [2026-05-01T13:31:10.957+0000] {dag.py:3089} INFO - Sync 10 DAGs
[2026-05-01T13:31:11.001+0000] {logging_mixin.py:188} INFO - [2026-05-01T13:31:11.001+0000] {dag.py:3947} INFO - Setting next_dagrun for conditional_dataset_and_time_based_timetable to 2026-04-29 01:00:00+00:00, run_after=2026-04-29 01:00:00+00:00
[2026-05-01T13:31:11.014+0000] {logging_mixin.py:188} INFO - [2026-05-01T13:31:11.014+0000] {dag.py:3947} INFO - Setting next_dagrun for consume_1_and_2_with_dataset_expressions to None, run_after=None
[2026-05-01T13:31:11.018+0000] {logging_mixin.py:188} INFO - [2026-05-01T13:31:11.018+0000] {dag.py:3947} INFO - Setting next_dagrun for consume_1_or_2_with_dataset_expressions to None, run_after=None
[2026-05-01T13:31:11.024+0000] {logging_mixin.py:188} INFO - [2026-05-01T13:31:11.023+0000] {dag.py:3947} INFO - Setting next_dagrun for consume_1_or_both_2_and_3_with_dataset_expressions to None, run_after=None
[2026-05-01T13:31:11.030+0000] {logging_mixin.py:188} INFO - [2026-05-01T13:31:11.029+0000] {dag.py:3947} INFO - Setting next_dagrun for dataset_consumes_1 to None, run_after=None
[2026-05-01T13:31:11.037+0000] {logging_mixin.py:188} INFO - [2026-05-01T13:31:11.036+0000] {dag.py:3947} INFO - Setting next_dagrun for dataset_consumes_1_and_2 to None, run_after=None
[2026-05-01T13:31:11.041+0000] {logging_mixin.py:188} INFO - [2026-05-01T13:31:11.041+0000] {dag.py:3947} INFO - Setting next_dagrun for dataset_consumes_1_never_scheduled to None, run_after=None
[2026-05-01T13:31:11.045+0000] {logging_mixin.py:188} INFO - [2026-05-01T13:31:11.045+0000] {dag.py:3947} INFO - Setting next_dagrun for dataset_consumes_unknown_never_scheduled to None, run_after=None
[2026-05-01T13:31:11.052+0000] {logging_mixin.py:188} INFO - [2026-05-01T13:31:11.052+0000] {dag.py:3947} INFO - Setting next_dagrun for dataset_produces_1 to 2026-04-30 00:00:00+00:00, run_after=2026-05-01 00:00:00+00:00
[2026-05-01T13:31:11.056+0000] {logging_mixin.py:188} INFO - [2026-05-01T13:31:11.055+0000] {dag.py:3947} INFO - Setting next_dagrun for dataset_produces_2 to None, run_after=None
[2026-05-01T13:31:11.111+0000] {processor.py:183} INFO - Processing /home/airflow/.local/lib/python3.12/site-packages/airflow/example_dags/example_datasets.py took 0.287 seconds
[2026-05-01T13:31:41.208+0000] {processor.py:161} INFO - Started process (PID=842) to work on /home/airflow/.local/lib/python3.12/site-packages/airflow/example_dags/example_datasets.py
[2026-05-01T13:31:41.211+0000] {processor.py:830} INFO - Processing file /home/airflow/.local/lib/python3.12/site-packages/airflow/example_dags/example_datasets.py for tasks to queue
[2026-05-01T13:31:41.217+0000] {logging_mixin.py:188} INFO - [2026-05-01T13:31:41.216+0000] {dagbag.py:545} INFO - Filling up the DagBag from /home/airflow/.local/lib/python3.12/site-packages/airflow/example_dags/example_datasets.py
[2026-05-01T13:31:41.243+0000] {processor.py:840} INFO - DAG(s) 'consume_1_and_2_with_dataset_expressions', 'dataset_consumes_unknown_never_scheduled', 'dataset_produces_1', 'dataset_consumes_1_never_scheduled', 'consume_1_or_both_2_and_3_with_dataset_expressions', 'consume_1_or_2_with_dataset_expressions', 'dataset_consumes_1_and_2', 'dataset_consumes_1', 'dataset_produces_2', 'conditional_dataset_and_time_based_timetable' retrieved from /home/airflow/.local/lib/python3.12/site-packages/airflow/example_dags/example_datasets.py
[2026-05-01T13:31:41.347+0000] {logging_mixin.py:188} INFO - [2026-05-01T13:31:41.347+0000] {dag.py:3089} INFO - Sync 10 DAGs
[2026-05-01T13:31:41.393+0000] {logging_mixin.py:188} INFO - [2026-05-01T13:31:41.393+0000] {dag.py:3947} INFO - Setting next_dagrun for conditional_dataset_and_time_based_timetable to 2026-04-29 01:00:00+00:00, run_after=2026-04-29 01:00:00+00:00
[2026-05-01T13:31:41.402+0000] {logging_mixin.py:188} INFO - [2026-05-01T13:31:41.402+0000] {dag.py:3947} INFO - Setting next_dagrun for consume_1_and_2_with_dataset_expressions to None, run_after=None
[2026-05-01T13:31:41.406+0000] {logging_mixin.py:188} INFO - [2026-05-01T13:31:41.405+0000] {dag.py:3947} INFO - Setting next_dagrun for consume_1_or_2_with_dataset_expressions to None, run_after=None
[2026-05-01T13:31:41.409+0000] {logging_mixin.py:188} INFO - [2026-05-01T13:31:41.409+0000] {dag.py:3947} INFO - Setting next_dagrun for consume_1_or_both_2_and_3_with_dataset_expressions to None, run_after=None
[2026-05-01T13:31:41.413+0000] {logging_mixin.py:188} INFO - [2026-05-01T13:31:41.413+0000] {dag.py:3947} INFO - Setting next_dagrun for dataset_consumes_1 to None, run_after=None
[2026-05-01T13:31:41.417+0000] {logging_mixin.py:188} INFO - [2026-05-01T13:31:41.416+0000] {dag.py:3947} INFO - Setting next_dagrun for dataset_consumes_1_and_2 to None, run_after=None
[2026-05-01T13:31:41.422+0000] {logging_mixin.py:188} INFO - [2026-05-01T13:31:41.421+0000] {dag.py:3947} INFO - Setting next_dagrun for dataset_consumes_1_never_scheduled to None, run_after=None
[2026-05-01T13:31:41.427+0000] {logging_mixin.py:188} INFO - [2026-05-01T13:31:41.426+0000] {dag.py:3947} INFO - Setting next_dagrun for dataset_consumes_unknown_never_scheduled to None, run_after=None
[2026-05-01T13:31:41.432+0000] {logging_mixin.py:188} INFO - [2026-05-01T13:31:41.432+0000] {dag.py:3947} INFO - Setting next_dagrun for dataset_produces_1 to 2026-04-30 00:00:00+00:00, run_after=2026-05-01 00:00:00+00:00
[2026-05-01T13:31:41.437+0000] {logging_mixin.py:188} INFO - [2026-05-01T13:31:41.436+0000] {dag.py:3947} INFO - Setting next_dagrun for dataset_produces_2 to None, run_after=None
[2026-05-01T13:31:41.494+0000] {processor.py:183} INFO - Processing /home/airflow/.local/lib/python3.12/site-packages/airflow/example_dags/example_datasets.py took 0.298 seconds
[2026-05-01T13:32:12.240+0000] {processor.py:161} INFO - Started process (PID=899) to work on /home/airflow/.local/lib/python3.12/site-packages/airflow/example_dags/example_datasets.py
[2026-05-01T13:32:12.244+0000] {processor.py:830} INFO - Processing file /home/airflow/.local/lib/python3.12/site-packages/airflow/example_dags/example_datasets.py for tasks to queue
[2026-05-01T13:32:12.249+0000] {logging_mixin.py:188} INFO - [2026-05-01T13:32:12.248+0000] {dagbag.py:545} INFO - Filling up the DagBag from /home/airflow/.local/lib/python3.12/site-packages/airflow/example_dags/example_datasets.py
[2026-05-01T13:32:12.282+0000] {processor.py:840} INFO - DAG(s) 'dataset_produces_1', 'dataset_consumes_unknown_never_scheduled', 'consume_1_or_both_2_and_3_with_dataset_expressions', 'dataset_consumes_1_never_scheduled', 'dataset_consumes_1_and_2', 'dataset_consumes_1', 'consume_1_or_2_with_dataset_expressions', 'conditional_dataset_and_time_based_timetable', 'consume_1_and_2_with_dataset_expressions', 'dataset_produces_2' retrieved from /home/airflow/.local/lib/python3.12/site-packages/airflow/example_dags/example_datasets.py
[2026-05-01T13:32:12.387+0000] {logging_mixin.py:188} INFO - [2026-05-01T13:32:12.387+0000] {dag.py:3089} INFO - Sync 10 DAGs
[2026-05-01T13:32:12.420+0000] {logging_mixin.py:188} INFO - [2026-05-01T13:32:12.420+0000] {dag.py:3947} INFO - Setting next_dagrun for conditional_dataset_and_time_based_timetable to 2026-04-29 01:00:00+00:00, run_after=2026-04-29 01:00:00+00:00
[2026-05-01T13:32:12.427+0000] {logging_mixin.py:188} INFO - [2026-05-01T13:32:12.427+0000] {dag.py:3947} INFO - Setting next_dagrun for consume_1_and_2_with_dataset_expressions to None, run_after=None
[2026-05-01T13:32:12.430+0000] {logging_mixin.py:188} INFO - [2026-05-01T13:32:12.430+0000] {dag.py:3947} INFO - Setting next_dagrun for consume_1_or_2_with_dataset_expressions to None, run_after=None
[2026-05-01T13:32:12.434+0000] {logging_mixin.py:188} INFO - [2026-05-01T13:32:12.433+0000] {dag.py:3947} INFO - Setting next_dagrun for consume_1_or_both_2_and_3_with_dataset_expressions to None, run_after=None
[2026-05-01T13:32:12.439+0000] {logging_mixin.py:188} INFO - [2026-05-01T13:32:12.436+0000] {dag.py:3947} INFO - Setting next_dagrun for dataset_consumes_1 to None, run_after=None
[2026-05-01T13:32:12.443+0000] {logging_mixin.py:188} INFO - [2026-05-01T13:32:12.443+0000] {dag.py:3947} INFO - Setting next_dagrun for dataset_consumes_1_and_2 to None, run_after=None
[2026-05-01T13:32:12.447+0000] {logging_mixin.py:188} INFO - [2026-05-01T13:32:12.447+0000] {dag.py:3947} INFO - Setting next_dagrun for dataset_consumes_1_never_scheduled to None, run_after=None
[2026-05-01T13:32:12.451+0000] {logging_mixin.py:188} INFO - [2026-05-01T13:32:12.451+0000] {dag.py:3947} INFO - Setting next_dagrun for dataset_consumes_unknown_never_scheduled to None, run_after=None
[2026-05-01T13:32:12.460+0000] {logging_mixin.py:188} INFO - [2026-05-01T13:32:12.460+0000] {dag.py:3947} INFO - Setting next_dagrun for dataset_produces_1 to 2026-04-30 00:00:00+00:00, run_after=2026-05-01 00:00:00+00:00
[2026-05-01T13:32:12.464+0000] {logging_mixin.py:188} INFO - [2026-05-01T13:32:12.464+0000] {dag.py:3947} INFO - Setting next_dagrun for dataset_produces_2 to None, run_after=None
[2026-05-01T13:32:12.515+0000] {processor.py:183} INFO - Processing /home/airflow/.local/lib/python3.12/site-packages/airflow/example_dags/example_datasets.py took 0.285 seconds
[2026-05-01T13:32:42.925+0000] {processor.py:161} INFO - Started process (PID=957) to work on /home/airflow/.local/lib/python3.12/site-packages/airflow/example_dags/example_datasets.py
[2026-05-01T13:32:42.929+0000] {processor.py:830} INFO - Processing file /home/airflow/.local/lib/python3.12/site-packages/airflow/example_dags/example_datasets.py for tasks to queue
[2026-05-01T13:32:42.940+0000] {logging_mixin.py:188} INFO - [2026-05-01T13:32:42.938+0000] {dagbag.py:545} INFO - Filling up the DagBag from /home/airflow/.local/lib/python3.12/site-packages/airflow/example_dags/example_datasets.py
[2026-05-01T13:32:43.000+0000] {processor.py:840} INFO - DAG(s) 'consume_1_and_2_with_dataset_expressions', 'dataset_consumes_1_never_scheduled', 'dataset_produces_1', 'dataset_consumes_1_and_2', 'dataset_produces_2', 'conditional_dataset_and_time_based_timetable', 'dataset_consumes_unknown_never_scheduled', 'consume_1_or_2_with_dataset_expressions', 'consume_1_or_both_2_and_3_with_dataset_expressions', 'dataset_consumes_1' retrieved from /home/airflow/.local/lib/python3.12/site-packages/airflow/example_dags/example_datasets.py
[2026-05-01T13:32:43.249+0000] {logging_mixin.py:188} INFO - [2026-05-01T13:32:43.249+0000] {dag.py:3089} INFO - Sync 10 DAGs
[2026-05-01T13:32:43.303+0000] {logging_mixin.py:188} INFO - [2026-05-01T13:32:43.303+0000] {dag.py:3947} INFO - Setting next_dagrun for conditional_dataset_and_time_based_timetable to 2026-04-29 01:00:00+00:00, run_after=2026-04-29 01:00:00+00:00
[2026-05-01T13:32:43.316+0000] {logging_mixin.py:188} INFO - [2026-05-01T13:32:43.316+0000] {dag.py:3947} INFO - Setting next_dagrun for consume_1_and_2_with_dataset_expressions to None, run_after=None
[2026-05-01T13:32:43.321+0000] {logging_mixin.py:188} INFO - [2026-05-01T13:32:43.321+0000] {dag.py:3947} INFO - Setting next_dagrun for consume_1_or_2_with_dataset_expressions to None, run_after=None
[2026-05-01T13:32:43.327+0000] {logging_mixin.py:188} INFO - [2026-05-01T13:32:43.327+0000] {dag.py:3947} INFO - Setting next_dagrun for consume_1_or_both_2_and_3_with_dataset_expressions to None, run_after=None
[2026-05-01T13:32:43.332+0000] {logging_mixin.py:188} INFO - [2026-05-01T13:32:43.332+0000] {dag.py:3947} INFO - Setting next_dagrun for dataset_consumes_1 to None, run_after=None
[2026-05-01T13:32:43.340+0000] {logging_mixin.py:188} INFO - [2026-05-01T13:32:43.340+0000] {dag.py:3947} INFO - Setting next_dagrun for dataset_consumes_1_and_2 to None, run_after=None
[2026-05-01T13:32:43.352+0000] {logging_mixin.py:188} INFO - [2026-05-01T13:32:43.351+0000] {dag.py:3947} INFO - Setting next_dagrun for dataset_consumes_1_never_scheduled to None, run_after=None
[2026-05-01T13:32:43.358+0000] {logging_mixin.py:188} INFO - [2026-05-01T13:32:43.357+0000] {dag.py:3947} INFO - Setting next_dagrun for dataset_consumes_unknown_never_scheduled to None, run_after=None
[2026-05-01T13:32:43.365+0000] {logging_mixin.py:188} INFO - [2026-05-01T13:32:43.365+0000] {dag.py:3947} INFO - Setting next_dagrun for dataset_produces_1 to 2026-04-30 00:00:00+00:00, run_after=2026-05-01 00:00:00+00:00
[2026-05-01T13:32:43.368+0000] {logging_mixin.py:188} INFO - [2026-05-01T13:32:43.368+0000] {dag.py:3947} INFO - Setting next_dagrun for dataset_produces_2 to None, run_after=None
[2026-05-01T13:32:43.430+0000] {processor.py:183} INFO - Processing /home/airflow/.local/lib/python3.12/site-packages/airflow/example_dags/example_datasets.py took 0.522 seconds
[2026-05-01T13:33:13.675+0000] {processor.py:161} INFO - Started process (PID=1016) to work on /home/airflow/.local/lib/python3.12/site-packages/airflow/example_dags/example_datasets.py
[2026-05-01T13:33:13.679+0000] {processor.py:830} INFO - Processing file /home/airflow/.local/lib/python3.12/site-packages/airflow/example_dags/example_datasets.py for tasks to queue
[2026-05-01T13:33:13.686+0000] {logging_mixin.py:188} INFO - [2026-05-01T13:33:13.685+0000] {dagbag.py:545} INFO - Filling up the DagBag from /home/airflow/.local/lib/python3.12/site-packages/airflow/example_dags/example_datasets.py
[2026-05-01T13:33:13.710+0000] {processor.py:840} INFO - DAG(s) 'dataset_produces_1', 'conditional_dataset_and_time_based_timetable', 'consume_1_and_2_with_dataset_expressions', 'dataset_consumes_1_and_2', 'consume_1_or_2_with_dataset_expressions', 'dataset_produces_2', 'consume_1_or_both_2_and_3_with_dataset_expressions', 'dataset_consumes_1_never_scheduled', 'dataset_consumes_1', 'dataset_consumes_unknown_never_scheduled' retrieved from /home/airflow/.local/lib/python3.12/site-packages/airflow/example_dags/example_datasets.py
[2026-05-01T13:33:13.863+0000] {logging_mixin.py:188} INFO - [2026-05-01T13:33:13.863+0000] {dag.py:3089} INFO - Sync 10 DAGs
[2026-05-01T13:33:13.920+0000] {logging_mixin.py:188} INFO - [2026-05-01T13:33:13.920+0000] {dag.py:3947} INFO - Setting next_dagrun for conditional_dataset_and_time_based_timetable to 2026-04-29 01:00:00+00:00, run_after=2026-04-29 01:00:00+00:00
[2026-05-01T13:33:13.948+0000] {logging_mixin.py:188} INFO - [2026-05-01T13:33:13.947+0000] {dag.py:3947} INFO - Setting next_dagrun for consume_1_and_2_with_dataset_expressions to None, run_after=None
[2026-05-01T13:33:13.955+0000] {logging_mixin.py:188} INFO - [2026-05-01T13:33:13.954+0000] {dag.py:3947} INFO - Setting next_dagrun for consume_1_or_2_with_dataset_expressions to None, run_after=None
[2026-05-01T13:33:13.957+0000] {logging_mixin.py:188} INFO - [2026-05-01T13:33:13.957+0000] {dag.py:3947} INFO - Setting next_dagrun for consume_1_or_both_2_and_3_with_dataset_expressions to None, run_after=None
[2026-05-01T13:33:13.960+0000] {logging_mixin.py:188} INFO - [2026-05-01T13:33:13.960+0000] {dag.py:3947} INFO - Setting next_dagrun for dataset_consumes_1 to None, run_after=None
[2026-05-01T13:33:13.969+0000] {logging_mixin.py:188} INFO - [2026-05-01T13:33:13.969+0000] {dag.py:3947} INFO - Setting next_dagrun for dataset_consumes_1_and_2 to None, run_after=None
[2026-05-01T13:33:13.972+0000] {logging_mixin.py:188} INFO - [2026-05-01T13:33:13.971+0000] {dag.py:3947} INFO - Setting next_dagrun for dataset_consumes_1_never_scheduled to None, run_after=None
[2026-05-01T13:33:13.975+0000] {logging_mixin.py:188} INFO - [2026-05-01T13:33:13.975+0000] {dag.py:3947} INFO - Setting next_dagrun for dataset_consumes_unknown_never_scheduled to None, run_after=None
[2026-05-01T13:33:13.982+0000] {logging_mixin.py:188} INFO - [2026-05-01T13:33:13.982+0000] {dag.py:3947} INFO - Setting next_dagrun for dataset_produces_1 to 2026-04-30 00:00:00+00:00, run_after=2026-05-01 00:00:00+00:00
[2026-05-01T13:33:13.987+0000] {logging_mixin.py:188} INFO - [2026-05-01T13:33:13.987+0000] {dag.py:3947} INFO - Setting next_dagrun for dataset_produces_2 to None, run_after=None
[2026-05-01T13:33:14.035+0000] {processor.py:183} INFO - Processing /home/airflow/.local/lib/python3.12/site-packages/airflow/example_dags/example_datasets.py took 0.381 seconds
[2026-05-01T13:33:44.717+0000] {processor.py:161} INFO - Started process (PID=1074) to work on /home/airflow/.local/lib/python3.12/site-packages/airflow/example_dags/example_datasets.py
[2026-05-01T13:33:44.721+0000] {processor.py:830} INFO - Processing file /home/airflow/.local/lib/python3.12/site-packages/airflow/example_dags/example_datasets.py for tasks to queue
[2026-05-01T13:33:44.727+0000] {logging_mixin.py:188} INFO - [2026-05-01T13:33:44.726+0000] {dagbag.py:545} INFO - Filling up the DagBag from /home/airflow/.local/lib/python3.12/site-packages/airflow/example_dags/example_datasets.py
[2026-05-01T13:33:44.754+0000] {processor.py:840} INFO - DAG(s) 'dataset_produces_2', 'dataset_produces_1', 'consume_1_or_2_with_dataset_expressions', 'consume_1_or_both_2_and_3_with_dataset_expressions', 'conditional_dataset_and_time_based_timetable', 'consume_1_and_2_with_dataset_expressions', 'dataset_consumes_unknown_never_scheduled', 'dataset_consumes_1_and_2', 'dataset_consumes_1_never_scheduled', 'dataset_consumes_1' retrieved from /home/airflow/.local/lib/python3.12/site-packages/airflow/example_dags/example_datasets.py
[2026-05-01T13:33:44.847+0000] {logging_mixin.py:188} INFO - [2026-05-01T13:33:44.847+0000] {dag.py:3089} INFO - Sync 10 DAGs
[2026-05-01T13:33:44.898+0000] {logging_mixin.py:188} INFO - [2026-05-01T13:33:44.897+0000] {dag.py:3947} INFO - Setting next_dagrun for conditional_dataset_and_time_based_timetable to 2026-04-29 01:00:00+00:00, run_after=2026-04-29 01:00:00+00:00
[2026-05-01T13:33:44.904+0000] {logging_mixin.py:188} INFO - [2026-05-01T13:33:44.904+0000] {dag.py:3947} INFO - Setting next_dagrun for consume_1_and_2_with_dataset_expressions to None, run_after=None
[2026-05-01T13:33:44.908+0000] {logging_mixin.py:188} INFO - [2026-05-01T13:33:44.907+0000] {dag.py:3947} INFO - Setting next_dagrun for consume_1_or_2_with_dataset_expressions to None, run_after=None
[2026-05-01T13:33:44.911+0000] {logging_mixin.py:188} INFO - [2026-05-01T13:33:44.911+0000] {dag.py:3947} INFO - Setting next_dagrun for consume_1_or_both_2_and_3_with_dataset_expressions to None, run_after=None
[2026-05-01T13:33:44.915+0000] {logging_mixin.py:188} INFO - [2026-05-01T13:33:44.915+0000] {dag.py:3947} INFO - Setting next_dagrun for dataset_consumes_1 to None, run_after=None
[2026-05-01T13:33:44.918+0000] {logging_mixin.py:188} INFO - [2026-05-01T13:33:44.918+0000] {dag.py:3947} INFO - Setting next_dagrun for dataset_consumes_1_and_2 to None, run_after=None
[2026-05-01T13:33:44.922+0000] {logging_mixin.py:188} INFO - [2026-05-01T13:33:44.922+0000] {dag.py:3947} INFO - Setting next_dagrun for dataset_consumes_1_never_scheduled to None, run_after=None
[2026-05-01T13:33:44.926+0000] {logging_mixin.py:188} INFO - [2026-05-01T13:33:44.926+0000] {dag.py:3947} INFO - Setting next_dagrun for dataset_consumes_unknown_never_scheduled to None, run_after=None
[2026-05-01T13:33:44.933+0000] {logging_mixin.py:188} INFO - [2026-05-01T13:33:44.933+0000] {dag.py:3947} INFO - Setting next_dagrun for dataset_produces_1 to 2026-04-30 00:00:00+00:00, run_after=2026-05-01 00:00:00+00:00
[2026-05-01T13:33:44.937+0000] {logging_mixin.py:188} INFO - [2026-05-01T13:33:44.937+0000] {dag.py:3947} INFO - Setting next_dagrun for dataset_produces_2 to None, run_after=None
[2026-05-01T13:33:44.990+0000] {processor.py:183} INFO - Processing /home/airflow/.local/lib/python3.12/site-packages/airflow/example_dags/example_datasets.py took 0.286 seconds
[2026-05-01T13:34:15.423+0000] {processor.py:161} INFO - Started process (PID=1132) to work on /home/airflow/.local/lib/python3.12/site-packages/airflow/example_dags/example_datasets.py
[2026-05-01T13:34:15.433+0000] {processor.py:830} INFO - Processing file /home/airflow/.local/lib/python3.12/site-packages/airflow/example_dags/example_datasets.py for tasks to queue
[2026-05-01T13:34:15.471+0000] {logging_mixin.py:188} INFO - [2026-05-01T13:34:15.455+0000] {dagbag.py:545} INFO - Filling up the DagBag from /home/airflow/.local/lib/python3.12/site-packages/airflow/example_dags/example_datasets.py
[2026-05-01T13:34:15.653+0000] {processor.py:840} INFO - DAG(s) 'consume_1_and_2_with_dataset_expressions', 'consume_1_or_2_with_dataset_expressions', 'dataset_produces_1', 'dataset_produces_2', 'conditional_dataset_and_time_based_timetable', 'consume_1_or_both_2_and_3_with_dataset_expressions', 'dataset_consumes_1', 'dataset_consumes_unknown_never_scheduled', 'dataset_consumes_1_never_scheduled', 'dataset_consumes_1_and_2' retrieved from /home/airflow/.local/lib/python3.12/site-packages/airflow/example_dags/example_datasets.py
[2026-05-01T13:34:15.943+0000] {logging_mixin.py:188} INFO - [2026-05-01T13:34:15.942+0000] {dag.py:3089} INFO - Sync 10 DAGs
[2026-05-01T13:34:16.008+0000] {logging_mixin.py:188} INFO - [2026-05-01T13:34:16.007+0000] {dag.py:3947} INFO - Setting next_dagrun for conditional_dataset_and_time_based_timetable to 2026-04-29 01:00:00+00:00, run_after=2026-04-29 01:00:00+00:00
[2026-05-01T13:34:16.018+0000] {logging_mixin.py:188} INFO - [2026-05-01T13:34:16.018+0000] {dag.py:3947} INFO - Setting next_dagrun for consume_1_and_2_with_dataset_expressions to None, run_after=None
[2026-05-01T13:34:16.023+0000] {logging_mixin.py:188} INFO - [2026-05-01T13:34:16.023+0000] {dag.py:3947} INFO - Setting next_dagrun for consume_1_or_2_with_dataset_expressions to None, run_after=None
[2026-05-01T13:34:16.028+0000] {logging_mixin.py:188} INFO - [2026-05-01T13:34:16.027+0000] {dag.py:3947} INFO - Setting next_dagrun for consume_1_or_both_2_and_3_with_dataset_expressions to None, run_after=None
[2026-05-01T13:34:16.034+0000] {logging_mixin.py:188} INFO - [2026-05-01T13:34:16.034+0000] {dag.py:3947} INFO - Setting next_dagrun for dataset_consumes_1 to None, run_after=None
[2026-05-01T13:34:16.044+0000] {logging_mixin.py:188} INFO - [2026-05-01T13:34:16.043+0000] {dag.py:3947} INFO - Setting next_dagrun for dataset_consumes_1_and_2 to None, run_after=None
[2026-05-01T13:34:16.049+0000] {logging_mixin.py:188} INFO - [2026-05-01T13:34:16.048+0000] {dag.py:3947} INFO - Setting next_dagrun for dataset_consumes_1_never_scheduled to None, run_after=None
[2026-05-01T13:34:16.053+0000] {logging_mixin.py:188} INFO - [2026-05-01T13:34:16.053+0000] {dag.py:3947} INFO - Setting next_dagrun for dataset_consumes_unknown_never_scheduled to None, run_after=None
[2026-05-01T13:34:16.061+0000] {logging_mixin.py:188} INFO - [2026-05-01T13:34:16.060+0000] {dag.py:3947} INFO - Setting next_dagrun for dataset_produces_1 to 2026-04-30 00:00:00+00:00, run_after=2026-05-01 00:00:00+00:00
[2026-05-01T13:34:16.065+0000] {logging_mixin.py:188} INFO - [2026-05-01T13:34:16.065+0000] {dag.py:3947} INFO - Setting next_dagrun for dataset_produces_2 to None, run_after=None
[2026-05-01T13:34:16.110+0000] {processor.py:183} INFO - Processing /home/airflow/.local/lib/python3.12/site-packages/airflow/example_dags/example_datasets.py took 0.768 seconds
[2026-05-01T13:34:46.567+0000] {processor.py:161} INFO - Started process (PID=1195) to work on /home/airflow/.local/lib/python3.12/site-packages/airflow/example_dags/example_datasets.py
[2026-05-01T13:34:46.571+0000] {processor.py:830} INFO - Processing file /home/airflow/.local/lib/python3.12/site-packages/airflow/example_dags/example_datasets.py for tasks to queue
[2026-05-01T13:34:46.578+0000] {logging_mixin.py:188} INFO - [2026-05-01T13:34:46.577+0000] {dagbag.py:545} INFO - Filling up the DagBag from /home/airflow/.local/lib/python3.12/site-packages/airflow/example_dags/example_datasets.py
[2026-05-01T13:34:46.604+0000] {processor.py:840} INFO - DAG(s) 'consume_1_or_2_with_dataset_expressions', 'conditional_dataset_and_time_based_timetable', 'dataset_produces_1', 'dataset_consumes_1', 'dataset_consumes_1_and_2', 'consume_1_or_both_2_and_3_with_dataset_expressions', 'dataset_consumes_1_never_scheduled', 'dataset_consumes_unknown_never_scheduled', 'dataset_produces_2', 'consume_1_and_2_with_dataset_expressions' retrieved from /home/airflow/.local/lib/python3.12/site-packages/airflow/example_dags/example_datasets.py
[2026-05-01T13:34:46.693+0000] {logging_mixin.py:188} INFO - [2026-05-01T13:34:46.692+0000] {dag.py:3089} INFO - Sync 10 DAGs
[2026-05-01T13:34:46.750+0000] {logging_mixin.py:188} INFO - [2026-05-01T13:34:46.750+0000] {dag.py:3947} INFO - Setting next_dagrun for conditional_dataset_and_time_based_timetable to 2026-04-29 01:00:00+00:00, run_after=2026-04-29 01:00:00+00:00
[2026-05-01T13:34:46.758+0000] {logging_mixin.py:188} INFO - [2026-05-01T13:34:46.757+0000] {dag.py:3947} INFO - Setting next_dagrun for consume_1_and_2_with_dataset_expressions to None, run_after=None
[2026-05-01T13:34:46.761+0000] {logging_mixin.py:188} INFO - [2026-05-01T13:34:46.761+0000] {dag.py:3947} INFO - Setting next_dagrun for consume_1_or_2_with_dataset_expressions to None, run_after=None
[2026-05-01T13:34:46.765+0000] {logging_mixin.py:188} INFO - [2026-05-01T13:34:46.765+0000] {dag.py:3947} INFO - Setting next_dagrun for consume_1_or_both_2_and_3_with_dataset_expressions to None, run_after=None
[2026-05-01T13:34:46.769+0000] {logging_mixin.py:188} INFO - [2026-05-01T13:34:46.769+0000] {dag.py:3947} INFO - Setting next_dagrun for dataset_consumes_1 to None, run_after=None
[2026-05-01T13:34:46.773+0000] {logging_mixin.py:188} INFO - [2026-05-01T13:34:46.772+0000] {dag.py:3947} INFO - Setting next_dagrun for dataset_consumes_1_and_2 to None, run_after=None
[2026-05-01T13:34:46.776+0000] {logging_mixin.py:188} INFO - [2026-05-01T13:34:46.776+0000] {dag.py:3947} INFO - Setting next_dagrun for dataset_consumes_1_never_scheduled to None, run_after=None
[2026-05-01T13:34:46.782+0000] {logging_mixin.py:188} INFO - [2026-05-01T13:34:46.782+0000] {dag.py:3947} INFO - Setting next_dagrun for dataset_consumes_unknown_never_scheduled to None, run_after=None
[2026-05-01T13:34:46.789+0000] {logging_mixin.py:188} INFO - [2026-05-01T13:34:46.788+0000] {dag.py:3947} INFO - Setting next_dagrun for dataset_produces_1 to 2026-04-30 00:00:00+00:00, run_after=2026-05-01 00:00:00+00:00
[2026-05-01T13:34:46.792+0000] {logging_mixin.py:188} INFO - [2026-05-01T13:34:46.792+0000] {dag.py:3947} INFO - Setting next_dagrun for dataset_produces_2 to None, run_after=None
[2026-05-01T13:34:46.841+0000] {processor.py:183} INFO - Processing /home/airflow/.local/lib/python3.12/site-packages/airflow/example_dags/example_datasets.py took 0.291 seconds
[2026-05-01T13:35:17.262+0000] {processor.py:161} INFO - Started process (PID=1253) to work on /home/airflow/.local/lib/python3.12/site-packages/airflow/example_dags/example_datasets.py
[2026-05-01T13:35:17.265+0000] {processor.py:830} INFO - Processing file /home/airflow/.local/lib/python3.12/site-packages/airflow/example_dags/example_datasets.py for tasks to queue
[2026-05-01T13:35:17.270+0000] {logging_mixin.py:188} INFO - [2026-05-01T13:35:17.269+0000] {dagbag.py:545} INFO - Filling up the DagBag from /home/airflow/.local/lib/python3.12/site-packages/airflow/example_dags/example_datasets.py
[2026-05-01T13:35:17.297+0000] {processor.py:840} INFO - DAG(s) 'dataset_produces_2', 'dataset_consumes_1', 'dataset_consumes_unknown_never_scheduled', 'consume_1_and_2_with_dataset_expressions', 'conditional_dataset_and_time_based_timetable', 'dataset_produces_1', 'consume_1_or_2_with_dataset_expressions', 'dataset_consumes_1_and_2', 'dataset_consumes_1_never_scheduled', 'consume_1_or_both_2_and_3_with_dataset_expressions' retrieved from /home/airflow/.local/lib/python3.12/site-packages/airflow/example_dags/example_datasets.py
[2026-05-01T13:35:17.370+0000] {logging_mixin.py:188} INFO - [2026-05-01T13:35:17.370+0000] {dag.py:3089} INFO - Sync 10 DAGs
[2026-05-01T13:35:17.437+0000] {logging_mixin.py:188} INFO - [2026-05-01T13:35:17.437+0000] {dag.py:3947} INFO - Setting next_dagrun for conditional_dataset_and_time_based_timetable to 2026-04-29 01:00:00+00:00, run_after=2026-04-29 01:00:00+00:00
[2026-05-01T13:35:17.446+0000] {logging_mixin.py:188} INFO - [2026-05-01T13:35:17.446+0000] {dag.py:3947} INFO - Setting next_dagrun for consume_1_and_2_with_dataset_expressions to None, run_after=None
[2026-05-01T13:35:17.451+0000] {logging_mixin.py:188} INFO - [2026-05-01T13:35:17.450+0000] {dag.py:3947} INFO - Setting next_dagrun for consume_1_or_2_with_dataset_expressions to None, run_after=None
[2026-05-01T13:35:17.454+0000] {logging_mixin.py:188} INFO - [2026-05-01T13:35:17.454+0000] {dag.py:3947} INFO - Setting next_dagrun for consume_1_or_both_2_and_3_with_dataset_expressions to None, run_after=None
[2026-05-01T13:35:17.458+0000] {logging_mixin.py:188} INFO - [2026-05-01T13:35:17.457+0000] {dag.py:3947} INFO - Setting next_dagrun for dataset_consumes_1 to None, run_after=None
[2026-05-01T13:35:17.461+0000] {logging_mixin.py:188} INFO - [2026-05-01T13:35:17.461+0000] {dag.py:3947} INFO - Setting next_dagrun for dataset_consumes_1_and_2 to None, run_after=None
[2026-05-01T13:35:17.465+0000] {logging_mixin.py:188} INFO - [2026-05-01T13:35:17.464+0000] {dag.py:3947} INFO - Setting next_dagrun for dataset_consumes_1_never_scheduled to None, run_after=None
[2026-05-01T13:35:17.467+0000] {logging_mixin.py:188} INFO - [2026-05-01T13:35:17.467+0000] {dag.py:3947} INFO - Setting next_dagrun for dataset_consumes_unknown_never_scheduled to None, run_after=None
[2026-05-01T13:35:17.471+0000] {logging_mixin.py:188} INFO - [2026-05-01T13:35:17.471+0000] {dag.py:3947} INFO - Setting next_dagrun for dataset_produces_1 to 2026-04-30 00:00:00+00:00, run_after=2026-05-01 00:00:00+00:00
[2026-05-01T13:35:17.474+0000] {logging_mixin.py:188} INFO - [2026-05-01T13:35:17.474+0000] {dag.py:3947} INFO - Setting next_dagrun for dataset_produces_2 to None, run_after=None
[2026-05-01T13:35:17.526+0000] {processor.py:183} INFO - Processing /home/airflow/.local/lib/python3.12/site-packages/airflow/example_dags/example_datasets.py took 0.279 seconds
[2026-05-01T13:35:47.930+0000] {processor.py:161} INFO - Started process (PID=1311) to work on /home/airflow/.local/lib/python3.12/site-packages/airflow/example_dags/example_datasets.py
[2026-05-01T13:35:47.933+0000] {processor.py:830} INFO - Processing file /home/airflow/.local/lib/python3.12/site-packages/airflow/example_dags/example_datasets.py for tasks to queue
[2026-05-01T13:35:47.940+0000] {logging_mixin.py:188} INFO - [2026-05-01T13:35:47.940+0000] {dagbag.py:545} INFO - Filling up the DagBag from /home/airflow/.local/lib/python3.12/site-packages/airflow/example_dags/example_datasets.py
[2026-05-01T13:35:47.974+0000] {processor.py:840} INFO - DAG(s) 'dataset_produces_1', 'conditional_dataset_and_time_based_timetable', 'dataset_consumes_1_and_2', 'dataset_consumes_1_never_scheduled', 'consume_1_and_2_with_dataset_expressions', 'dataset_consumes_unknown_never_scheduled', 'dataset_produces_2', 'consume_1_or_2_with_dataset_expressions', 'dataset_consumes_1', 'consume_1_or_both_2_and_3_with_dataset_expressions' retrieved from /home/airflow/.local/lib/python3.12/site-packages/airflow/example_dags/example_datasets.py
[2026-05-01T13:35:48.085+0000] {logging_mixin.py:188} INFO - [2026-05-01T13:35:48.084+0000] {dag.py:3089} INFO - Sync 10 DAGs
[2026-05-01T13:35:48.140+0000] {logging_mixin.py:188} INFO - [2026-05-01T13:35:48.139+0000] {dag.py:3947} INFO - Setting next_dagrun for conditional_dataset_and_time_based_timetable to 2026-04-29 01:00:00+00:00, run_after=2026-04-29 01:00:00+00:00
[2026-05-01T13:35:48.151+0000] {logging_mixin.py:188} INFO - [2026-05-01T13:35:48.150+0000] {dag.py:3947} INFO - Setting next_dagrun for consume_1_and_2_with_dataset_expressions to None, run_after=None
[2026-05-01T13:35:48.157+0000] {logging_mixin.py:188} INFO - [2026-05-01T13:35:48.157+0000] {dag.py:3947} INFO - Setting next_dagrun for consume_1_or_2_with_dataset_expressions to None, run_after=None
[2026-05-01T13:35:48.161+0000] {logging_mixin.py:188} INFO - [2026-05-01T13:35:48.160+0000] {dag.py:3947} INFO - Setting next_dagrun for consume_1_or_both_2_and_3_with_dataset_expressions to None, run_after=None
[2026-05-01T13:35:48.165+0000] {logging_mixin.py:188} INFO - [2026-05-01T13:35:48.164+0000] {dag.py:3947} INFO - Setting next_dagrun for dataset_consumes_1 to None, run_after=None
[2026-05-01T13:35:48.168+0000] {logging_mixin.py:188} INFO - [2026-05-01T13:35:48.168+0000] {dag.py:3947} INFO - Setting next_dagrun for dataset_consumes_1_and_2 to None, run_after=None
[2026-05-01T13:35:48.173+0000] {logging_mixin.py:188} INFO - [2026-05-01T13:35:48.173+0000] {dag.py:3947} INFO - Setting next_dagrun for dataset_consumes_1_never_scheduled to None, run_after=None
[2026-05-01T13:35:48.177+0000] {logging_mixin.py:188} INFO - [2026-05-01T13:35:48.176+0000] {dag.py:3947} INFO - Setting next_dagrun for dataset_consumes_unknown_never_scheduled to None, run_after=None
[2026-05-01T13:35:48.183+0000] {logging_mixin.py:188} INFO - [2026-05-01T13:35:48.183+0000] {dag.py:3947} INFO - Setting next_dagrun for dataset_produces_1 to 2026-04-30 00:00:00+00:00, run_after=2026-05-01 00:00:00+00:00
[2026-05-01T13:35:48.187+0000] {logging_mixin.py:188} INFO - [2026-05-01T13:35:48.187+0000] {dag.py:3947} INFO - Setting next_dagrun for dataset_produces_2 to None, run_after=None
[2026-05-01T13:35:48.238+0000] {processor.py:183} INFO - Processing /home/airflow/.local/lib/python3.12/site-packages/airflow/example_dags/example_datasets.py took 0.331 seconds
[2026-05-01T13:36:18.485+0000] {processor.py:161} INFO - Started process (PID=1367) to work on /home/airflow/.local/lib/python3.12/site-packages/airflow/example_dags/example_datasets.py
[2026-05-01T13:36:18.491+0000] {processor.py:830} INFO - Processing file /home/airflow/.local/lib/python3.12/site-packages/airflow/example_dags/example_datasets.py for tasks to queue
[2026-05-01T13:36:18.501+0000] {logging_mixin.py:188} INFO - [2026-05-01T13:36:18.500+0000] {dagbag.py:545} INFO - Filling up the DagBag from /home/airflow/.local/lib/python3.12/site-packages/airflow/example_dags/example_datasets.py
[2026-05-01T13:36:18.535+0000] {processor.py:840} INFO - DAG(s) 'dataset_consumes_1_never_scheduled', 'consume_1_or_2_with_dataset_expressions', 'dataset_consumes_1', 'dataset_produces_1', 'dataset_consumes_1_and_2', 'conditional_dataset_and_time_based_timetable', 'dataset_produces_2', 'consume_1_and_2_with_dataset_expressions', 'consume_1_or_both_2_and_3_with_dataset_expressions', 'dataset_consumes_unknown_never_scheduled' retrieved from /home/airflow/.local/lib/python3.12/site-packages/airflow/example_dags/example_datasets.py
[2026-05-01T13:36:18.674+0000] {logging_mixin.py:188} INFO - [2026-05-01T13:36:18.674+0000] {dag.py:3089} INFO - Sync 10 DAGs
[2026-05-01T13:36:18.779+0000] {logging_mixin.py:188} INFO - [2026-05-01T13:36:18.779+0000] {dag.py:3947} INFO - Setting next_dagrun for conditional_dataset_and_time_based_timetable to 2026-04-29 01:00:00+00:00, run_after=2026-04-29 01:00:00+00:00
[2026-05-01T13:36:18.823+0000] {logging_mixin.py:188} INFO - [2026-05-01T13:36:18.822+0000] {dag.py:3947} INFO - Setting next_dagrun for consume_1_and_2_with_dataset_expressions to None, run_after=None
[2026-05-01T13:36:18.839+0000] {logging_mixin.py:188} INFO - [2026-05-01T13:36:18.839+0000] {dag.py:3947} INFO - Setting next_dagrun for consume_1_or_2_with_dataset_expressions to None, run_after=None
[2026-05-01T13:36:18.847+0000] {logging_mixin.py:188} INFO - [2026-05-01T13:36:18.846+0000] {dag.py:3947} INFO - Setting next_dagrun for consume_1_or_both_2_and_3_with_dataset_expressions to None, run_after=None
[2026-05-01T13:36:18.859+0000] {logging_mixin.py:188} INFO - [2026-05-01T13:36:18.858+0000] {dag.py:3947} INFO - Setting next_dagrun for dataset_consumes_1 to None, run_after=None
[2026-05-01T13:36:18.871+0000] {logging_mixin.py:188} INFO - [2026-05-01T13:36:18.871+0000] {dag.py:3947} INFO - Setting next_dagrun for dataset_consumes_1_and_2 to None, run_after=None
[2026-05-01T13:36:18.886+0000] {logging_mixin.py:188} INFO - [2026-05-01T13:36:18.884+0000] {dag.py:3947} INFO - Setting next_dagrun for dataset_consumes_1_never_scheduled to None, run_after=None
[2026-05-01T13:36:18.899+0000] {logging_mixin.py:188} INFO - [2026-05-01T13:36:18.897+0000] {dag.py:3947} INFO - Setting next_dagrun for dataset_consumes_unknown_never_scheduled to None, run_after=None
[2026-05-01T13:36:18.912+0000] {logging_mixin.py:188} INFO - [2026-05-01T13:36:18.911+0000] {dag.py:3947} INFO - Setting next_dagrun for dataset_produces_1 to 2026-04-30 00:00:00+00:00, run_after=2026-05-01 00:00:00+00:00
[2026-05-01T13:36:18.919+0000] {logging_mixin.py:188} INFO - [2026-05-01T13:36:18.918+0000] {dag.py:3947} INFO - Setting next_dagrun for dataset_produces_2 to None, run_after=None
[2026-05-01T13:36:19.073+0000] {processor.py:183} INFO - Processing /home/airflow/.local/lib/python3.12/site-packages/airflow/example_dags/example_datasets.py took 0.654 seconds
[2026-05-01T13:36:49.272+0000] {processor.py:161} INFO - Started process (PID=1426) to work on /home/airflow/.local/lib/python3.12/site-packages/airflow/example_dags/example_datasets.py
[2026-05-01T13:36:49.274+0000] {processor.py:830} INFO - Processing file /home/airflow/.local/lib/python3.12/site-packages/airflow/example_dags/example_datasets.py for tasks to queue
[2026-05-01T13:36:49.278+0000] {logging_mixin.py:188} INFO - [2026-05-01T13:36:49.278+0000] {dagbag.py:545} INFO - Filling up the DagBag from /home/airflow/.local/lib/python3.12/site-packages/airflow/example_dags/example_datasets.py
[2026-05-01T13:36:49.299+0000] {processor.py:840} INFO - DAG(s) 'dataset_consumes_1', 'consume_1_and_2_with_dataset_expressions', 'conditional_dataset_and_time_based_timetable', 'dataset_produces_2', 'consume_1_or_2_with_dataset_expressions', 'dataset_consumes_1_and_2', 'dataset_produces_1', 'dataset_consumes_1_never_scheduled', 'consume_1_or_both_2_and_3_with_dataset_expressions', 'dataset_consumes_unknown_never_scheduled' retrieved from /home/airflow/.local/lib/python3.12/site-packages/airflow/example_dags/example_datasets.py
[2026-05-01T13:36:49.368+0000] {logging_mixin.py:188} INFO - [2026-05-01T13:36:49.367+0000] {dag.py:3089} INFO - Sync 10 DAGs
[2026-05-01T13:36:49.399+0000] {logging_mixin.py:188} INFO - [2026-05-01T13:36:49.399+0000] {dag.py:3947} INFO - Setting next_dagrun for conditional_dataset_and_time_based_timetable to 2026-04-29 01:00:00+00:00, run_after=2026-04-29 01:00:00+00:00
[2026-05-01T13:36:49.407+0000] {logging_mixin.py:188} INFO - [2026-05-01T13:36:49.407+0000] {dag.py:3947} INFO - Setting next_dagrun for consume_1_and_2_with_dataset_expressions to None, run_after=None
[2026-05-01T13:36:49.411+0000] {logging_mixin.py:188} INFO - [2026-05-01T13:36:49.410+0000] {dag.py:3947} INFO - Setting next_dagrun for consume_1_or_2_with_dataset_expressions to None, run_after=None
[2026-05-01T13:36:49.414+0000] {logging_mixin.py:188} INFO - [2026-05-01T13:36:49.414+0000] {dag.py:3947} INFO - Setting next_dagrun for consume_1_or_both_2_and_3_with_dataset_expressions to None, run_after=None
[2026-05-01T13:36:49.419+0000] {logging_mixin.py:188} INFO - [2026-05-01T13:36:49.418+0000] {dag.py:3947} INFO - Setting next_dagrun for dataset_consumes_1 to None, run_after=None
[2026-05-01T13:36:49.423+0000] {logging_mixin.py:188} INFO - [2026-05-01T13:36:49.422+0000] {dag.py:3947} INFO - Setting next_dagrun for dataset_consumes_1_and_2 to None, run_after=None
[2026-05-01T13:36:49.426+0000] {logging_mixin.py:188} INFO - [2026-05-01T13:36:49.426+0000] {dag.py:3947} INFO - Setting next_dagrun for dataset_consumes_1_never_scheduled to None, run_after=None
[2026-05-01T13:36:49.430+0000] {logging_mixin.py:188} INFO - [2026-05-01T13:36:49.429+0000] {dag.py:3947} INFO - Setting next_dagrun for dataset_consumes_unknown_never_scheduled to None, run_after=None
[2026-05-01T13:36:49.436+0000] {logging_mixin.py:188} INFO - [2026-05-01T13:36:49.436+0000] {dag.py:3947} INFO - Setting next_dagrun for dataset_produces_1 to 2026-04-30 00:00:00+00:00, run_after=2026-05-01 00:00:00+00:00
[2026-05-01T13:36:49.440+0000] {logging_mixin.py:188} INFO - [2026-05-01T13:36:49.439+0000] {dag.py:3947} INFO - Setting next_dagrun for dataset_produces_2 to None, run_after=None
[2026-05-01T13:36:49.483+0000] {processor.py:183} INFO - Processing /home/airflow/.local/lib/python3.12/site-packages/airflow/example_dags/example_datasets.py took 0.223 seconds
[2026-05-01T13:37:19.854+0000] {processor.py:161} INFO - Started process (PID=1482) to work on /home/airflow/.local/lib/python3.12/site-packages/airflow/example_dags/example_datasets.py
[2026-05-01T13:37:19.858+0000] {processor.py:830} INFO - Processing file /home/airflow/.local/lib/python3.12/site-packages/airflow/example_dags/example_datasets.py for tasks to queue
[2026-05-01T13:37:19.864+0000] {logging_mixin.py:188} INFO - [2026-05-01T13:37:19.863+0000] {dagbag.py:545} INFO - Filling up the DagBag from /home/airflow/.local/lib/python3.12/site-packages/airflow/example_dags/example_datasets.py
[2026-05-01T13:37:19.887+0000] {processor.py:840} INFO - DAG(s) 'consume_1_or_both_2_and_3_with_dataset_expressions', 'dataset_consumes_1_and_2', 'dataset_produces_1', 'dataset_consumes_1_never_scheduled', 'consume_1_and_2_with_dataset_expressions', 'conditional_dataset_and_time_based_timetable', 'dataset_consumes_1', 'dataset_produces_2', 'consume_1_or_2_with_dataset_expressions', 'dataset_consumes_unknown_never_scheduled' retrieved from /home/airflow/.local/lib/python3.12/site-packages/airflow/example_dags/example_datasets.py
[2026-05-01T13:37:19.970+0000] {logging_mixin.py:188} INFO - [2026-05-01T13:37:19.970+0000] {dag.py:3089} INFO - Sync 10 DAGs
[2026-05-01T13:37:20.179+0000] {logging_mixin.py:188} INFO - [2026-05-01T13:37:20.179+0000] {dag.py:3947} INFO - Setting next_dagrun for conditional_dataset_and_time_based_timetable to 2026-04-29 01:00:00+00:00, run_after=2026-04-29 01:00:00+00:00
[2026-05-01T13:37:20.187+0000] {logging_mixin.py:188} INFO - [2026-05-01T13:37:20.187+0000] {dag.py:3947} INFO - Setting next_dagrun for consume_1_and_2_with_dataset_expressions to None, run_after=None
[2026-05-01T13:37:20.191+0000] {logging_mixin.py:188} INFO - [2026-05-01T13:37:20.191+0000] {dag.py:3947} INFO - Setting next_dagrun for consume_1_or_2_with_dataset_expressions to None, run_after=None
[2026-05-01T13:37:20.195+0000] {logging_mixin.py:188} INFO - [2026-05-01T13:37:20.195+0000] {dag.py:3947} INFO - Setting next_dagrun for consume_1_or_both_2_and_3_with_dataset_expressions to None, run_after=None
[2026-05-01T13:37:20.199+0000] {logging_mixin.py:188} INFO - [2026-05-01T13:37:20.199+0000] {dag.py:3947} INFO - Setting next_dagrun for dataset_consumes_1 to None, run_after=None
[2026-05-01T13:37:20.204+0000] {logging_mixin.py:188} INFO - [2026-05-01T13:37:20.204+0000] {dag.py:3947} INFO - Setting next_dagrun for dataset_consumes_1_and_2 to None, run_after=None
[2026-05-01T13:37:20.208+0000] {logging_mixin.py:188} INFO - [2026-05-01T13:37:20.208+0000] {dag.py:3947} INFO - Setting next_dagrun for dataset_consumes_1_never_scheduled to None, run_after=None
[2026-05-01T13:37:20.212+0000] {logging_mixin.py:188} INFO - [2026-05-01T13:37:20.211+0000] {dag.py:3947} INFO - Setting next_dagrun for dataset_consumes_unknown_never_scheduled to None, run_after=None
[2026-05-01T13:37:20.216+0000] {logging_mixin.py:188} INFO - [2026-05-01T13:37:20.216+0000] {dag.py:3947} INFO - Setting next_dagrun for dataset_produces_1 to 2026-04-30 00:00:00+00:00, run_after=2026-05-01 00:00:00+00:00
[2026-05-01T13:37:20.219+0000] {logging_mixin.py:188} INFO - [2026-05-01T13:37:20.219+0000] {dag.py:3947} INFO - Setting next_dagrun for dataset_produces_2 to None, run_after=None
[2026-05-01T13:37:20.266+0000] {processor.py:183} INFO - Processing /home/airflow/.local/lib/python3.12/site-packages/airflow/example_dags/example_datasets.py took 0.431 seconds
[2026-05-01T13:37:50.418+0000] {processor.py:161} INFO - Started process (PID=1540) to work on /home/airflow/.local/lib/python3.12/site-packages/airflow/example_dags/example_datasets.py
[2026-05-01T13:37:50.424+0000] {processor.py:830} INFO - Processing file /home/airflow/.local/lib/python3.12/site-packages/airflow/example_dags/example_datasets.py for tasks to queue
[2026-05-01T13:37:50.431+0000] {logging_mixin.py:188} INFO - [2026-05-01T13:37:50.430+0000] {dagbag.py:545} INFO - Filling up the DagBag from /home/airflow/.local/lib/python3.12/site-packages/airflow/example_dags/example_datasets.py
[2026-05-01T13:37:50.483+0000] {processor.py:840} INFO - DAG(s) 'dataset_consumes_1_never_scheduled', 'dataset_consumes_1_and_2', 'dataset_consumes_unknown_never_scheduled', 'dataset_produces_2', 'consume_1_or_2_with_dataset_expressions', 'conditional_dataset_and_time_based_timetable', 'dataset_consumes_1', 'consume_1_or_both_2_and_3_with_dataset_expressions', 'dataset_produces_1', 'consume_1_and_2_with_dataset_expressions' retrieved from /home/airflow/.local/lib/python3.12/site-packages/airflow/example_dags/example_datasets.py
[2026-05-01T13:37:50.568+0000] {logging_mixin.py:188} INFO - [2026-05-01T13:37:50.567+0000] {dag.py:3089} INFO - Sync 10 DAGs
[2026-05-01T13:37:50.616+0000] {logging_mixin.py:188} INFO - [2026-05-01T13:37:50.616+0000] {dag.py:3947} INFO - Setting next_dagrun for conditional_dataset_and_time_based_timetable to 2026-04-29 01:00:00+00:00, run_after=2026-04-29 01:00:00+00:00
[2026-05-01T13:37:50.626+0000] {logging_mixin.py:188} INFO - [2026-05-01T13:37:50.626+0000] {dag.py:3947} INFO - Setting next_dagrun for consume_1_and_2_with_dataset_expressions to None, run_after=None
[2026-05-01T13:37:50.628+0000] {logging_mixin.py:188} INFO - [2026-05-01T13:37:50.628+0000] {dag.py:3947} INFO - Setting next_dagrun for consume_1_or_2_with_dataset_expressions to None, run_after=None
[2026-05-01T13:37:50.631+0000] {logging_mixin.py:188} INFO - [2026-05-01T13:37:50.631+0000] {dag.py:3947} INFO - Setting next_dagrun for consume_1_or_both_2_and_3_with_dataset_expressions to None, run_after=None
[2026-05-01T13:37:50.634+0000] {logging_mixin.py:188} INFO - [2026-05-01T13:37:50.634+0000] {dag.py:3947} INFO - Setting next_dagrun for dataset_consumes_1 to None, run_after=None
[2026-05-01T13:37:50.638+0000] {logging_mixin.py:188} INFO - [2026-05-01T13:37:50.638+0000] {dag.py:3947} INFO - Setting next_dagrun for dataset_consumes_1_and_2 to None, run_after=None
[2026-05-01T13:37:50.642+0000] {logging_mixin.py:188} INFO - [2026-05-01T13:37:50.642+0000] {dag.py:3947} INFO - Setting next_dagrun for dataset_consumes_1_never_scheduled to None, run_after=None
[2026-05-01T13:37:50.647+0000] {logging_mixin.py:188} INFO - [2026-05-01T13:37:50.646+0000] {dag.py:3947} INFO - Setting next_dagrun for dataset_consumes_unknown_never_scheduled to None, run_after=None
[2026-05-01T13:37:50.654+0000] {logging_mixin.py:188} INFO - [2026-05-01T13:37:50.654+0000] {dag.py:3947} INFO - Setting next_dagrun for dataset_produces_1 to 2026-04-30 00:00:00+00:00, run_after=2026-05-01 00:00:00+00:00
[2026-05-01T13:37:50.657+0000] {logging_mixin.py:188} INFO - [2026-05-01T13:37:50.657+0000] {dag.py:3947} INFO - Setting next_dagrun for dataset_produces_2 to None, run_after=None
[2026-05-01T13:37:50.994+0000] {processor.py:183} INFO - Processing /home/airflow/.local/lib/python3.12/site-packages/airflow/example_dags/example_datasets.py took 0.601 seconds
[2026-05-01T13:38:21.153+0000] {processor.py:161} INFO - Started process (PID=1598) to work on /home/airflow/.local/lib/python3.12/site-packages/airflow/example_dags/example_datasets.py
[2026-05-01T13:38:21.155+0000] {processor.py:830} INFO - Processing file /home/airflow/.local/lib/python3.12/site-packages/airflow/example_dags/example_datasets.py for tasks to queue
[2026-05-01T13:38:21.160+0000] {logging_mixin.py:188} INFO - [2026-05-01T13:38:21.159+0000] {dagbag.py:545} INFO - Filling up the DagBag from /home/airflow/.local/lib/python3.12/site-packages/airflow/example_dags/example_datasets.py
[2026-05-01T13:38:21.181+0000] {processor.py:840} INFO - DAG(s) 'dataset_produces_1', 'dataset_consumes_unknown_never_scheduled', 'dataset_consumes_1_never_scheduled', 'consume_1_or_2_with_dataset_expressions', 'consume_1_or_both_2_and_3_with_dataset_expressions', 'dataset_consumes_1', 'dataset_produces_2', 'conditional_dataset_and_time_based_timetable', 'dataset_consumes_1_and_2', 'consume_1_and_2_with_dataset_expressions' retrieved from /home/airflow/.local/lib/python3.12/site-packages/airflow/example_dags/example_datasets.py
[2026-05-01T13:38:21.258+0000] {logging_mixin.py:188} INFO - [2026-05-01T13:38:21.258+0000] {dag.py:3089} INFO - Sync 10 DAGs
[2026-05-01T13:38:21.299+0000] {logging_mixin.py:188} INFO - [2026-05-01T13:38:21.298+0000] {dag.py:3947} INFO - Setting next_dagrun for conditional_dataset_and_time_based_timetable to 2026-04-29 01:00:00+00:00, run_after=2026-04-29 01:00:00+00:00
[2026-05-01T13:38:21.310+0000] {logging_mixin.py:188} INFO - [2026-05-01T13:38:21.310+0000] {dag.py:3947} INFO - Setting next_dagrun for consume_1_and_2_with_dataset_expressions to None, run_after=None
[2026-05-01T13:38:21.313+0000] {logging_mixin.py:188} INFO - [2026-05-01T13:38:21.313+0000] {dag.py:3947} INFO - Setting next_dagrun for consume_1_or_2_with_dataset_expressions to None, run_after=None
[2026-05-01T13:38:21.317+0000] {logging_mixin.py:188} INFO - [2026-05-01T13:38:21.316+0000] {dag.py:3947} INFO - Setting next_dagrun for consume_1_or_both_2_and_3_with_dataset_expressions to None, run_after=None
[2026-05-01T13:38:21.321+0000] {logging_mixin.py:188} INFO - [2026-05-01T13:38:21.321+0000] {dag.py:3947} INFO - Setting next_dagrun for dataset_consumes_1 to None, run_after=None
[2026-05-01T13:38:21.326+0000] {logging_mixin.py:188} INFO - [2026-05-01T13:38:21.325+0000] {dag.py:3947} INFO - Setting next_dagrun for dataset_consumes_1_and_2 to None, run_after=None
[2026-05-01T13:38:21.330+0000] {logging_mixin.py:188} INFO - [2026-05-01T13:38:21.330+0000] {dag.py:3947} INFO - Setting next_dagrun for dataset_consumes_1_never_scheduled to None, run_after=None
[2026-05-01T13:38:21.334+0000] {logging_mixin.py:188} INFO - [2026-05-01T13:38:21.334+0000] {dag.py:3947} INFO - Setting next_dagrun for dataset_consumes_unknown_never_scheduled to None, run_after=None
[2026-05-01T13:38:21.341+0000] {logging_mixin.py:188} INFO - [2026-05-01T13:38:21.341+0000] {dag.py:3947} INFO - Setting next_dagrun for dataset_produces_1 to 2026-04-30 00:00:00+00:00, run_after=2026-05-01 00:00:00+00:00
[2026-05-01T13:38:21.345+0000] {logging_mixin.py:188} INFO - [2026-05-01T13:38:21.345+0000] {dag.py:3947} INFO - Setting next_dagrun for dataset_produces_2 to None, run_after=None
[2026-05-01T13:38:21.402+0000] {processor.py:183} INFO - Processing /home/airflow/.local/lib/python3.12/site-packages/airflow/example_dags/example_datasets.py took 0.278 seconds
[2026-05-01T13:38:51.523+0000] {processor.py:161} INFO - Started process (PID=1656) to work on /home/airflow/.local/lib/python3.12/site-packages/airflow/example_dags/example_datasets.py
[2026-05-01T13:38:51.525+0000] {processor.py:830} INFO - Processing file /home/airflow/.local/lib/python3.12/site-packages/airflow/example_dags/example_datasets.py for tasks to queue
[2026-05-01T13:38:51.530+0000] {logging_mixin.py:188} INFO - [2026-05-01T13:38:51.529+0000] {dagbag.py:545} INFO - Filling up the DagBag from /home/airflow/.local/lib/python3.12/site-packages/airflow/example_dags/example_datasets.py
[2026-05-01T13:38:51.555+0000] {processor.py:840} INFO - DAG(s) 'consume_1_or_both_2_and_3_with_dataset_expressions', 'dataset_produces_2', 'dataset_consumes_unknown_never_scheduled', 'dataset_consumes_1_never_scheduled', 'dataset_consumes_1', 'dataset_produces_1', 'consume_1_and_2_with_dataset_expressions', 'conditional_dataset_and_time_based_timetable', 'dataset_consumes_1_and_2', 'consume_1_or_2_with_dataset_expressions' retrieved from /home/airflow/.local/lib/python3.12/site-packages/airflow/example_dags/example_datasets.py
[2026-05-01T13:38:51.684+0000] {logging_mixin.py:188} INFO - [2026-05-01T13:38:51.684+0000] {dag.py:3089} INFO - Sync 10 DAGs
[2026-05-01T13:38:51.730+0000] {logging_mixin.py:188} INFO - [2026-05-01T13:38:51.730+0000] {dag.py:3947} INFO - Setting next_dagrun for conditional_dataset_and_time_based_timetable to 2026-04-29 01:00:00+00:00, run_after=2026-04-29 01:00:00+00:00
[2026-05-01T13:38:51.741+0000] {logging_mixin.py:188} INFO - [2026-05-01T13:38:51.740+0000] {dag.py:3947} INFO - Setting next_dagrun for consume_1_and_2_with_dataset_expressions to None, run_after=None
[2026-05-01T13:38:51.744+0000] {logging_mixin.py:188} INFO - [2026-05-01T13:38:51.744+0000] {dag.py:3947} INFO - Setting next_dagrun for consume_1_or_2_with_dataset_expressions to None, run_after=None
[2026-05-01T13:38:51.748+0000] {logging_mixin.py:188} INFO - [2026-05-01T13:38:51.748+0000] {dag.py:3947} INFO - Setting next_dagrun for consume_1_or_both_2_and_3_with_dataset_expressions to None, run_after=None
[2026-05-01T13:38:51.752+0000] {logging_mixin.py:188} INFO - [2026-05-01T13:38:51.752+0000] {dag.py:3947} INFO - Setting next_dagrun for dataset_consumes_1 to None, run_after=None
[2026-05-01T13:38:51.756+0000] {logging_mixin.py:188} INFO - [2026-05-01T13:38:51.755+0000] {dag.py:3947} INFO - Setting next_dagrun for dataset_consumes_1_and_2 to None, run_after=None
[2026-05-01T13:38:51.760+0000] {logging_mixin.py:188} INFO - [2026-05-01T13:38:51.760+0000] {dag.py:3947} INFO - Setting next_dagrun for dataset_consumes_1_never_scheduled to None, run_after=None
[2026-05-01T13:38:51.763+0000] {logging_mixin.py:188} INFO - [2026-05-01T13:38:51.763+0000] {dag.py:3947} INFO - Setting next_dagrun for dataset_consumes_unknown_never_scheduled to None, run_after=None
[2026-05-01T13:38:51.770+0000] {logging_mixin.py:188} INFO - [2026-05-01T13:38:51.769+0000] {dag.py:3947} INFO - Setting next_dagrun for dataset_produces_1 to 2026-04-30 00:00:00+00:00, run_after=2026-05-01 00:00:00+00:00
[2026-05-01T13:38:51.774+0000] {logging_mixin.py:188} INFO - [2026-05-01T13:38:51.773+0000] {dag.py:3947} INFO - Setting next_dagrun for dataset_produces_2 to None, run_after=None
[2026-05-01T13:38:51.822+0000] {processor.py:183} INFO - Processing /home/airflow/.local/lib/python3.12/site-packages/airflow/example_dags/example_datasets.py took 0.307 seconds
[2026-05-01T13:39:22.019+0000] {processor.py:161} INFO - Started process (PID=1713) to work on /home/airflow/.local/lib/python3.12/site-packages/airflow/example_dags/example_datasets.py
[2026-05-01T13:39:22.021+0000] {processor.py:830} INFO - Processing file /home/airflow/.local/lib/python3.12/site-packages/airflow/example_dags/example_datasets.py for tasks to queue
[2026-05-01T13:39:22.026+0000] {logging_mixin.py:188} INFO - [2026-05-01T13:39:22.025+0000] {dagbag.py:545} INFO - Filling up the DagBag from /home/airflow/.local/lib/python3.12/site-packages/airflow/example_dags/example_datasets.py
[2026-05-01T13:39:22.049+0000] {processor.py:840} INFO - DAG(s) 'conditional_dataset_and_time_based_timetable', 'dataset_consumes_1', 'dataset_produces_1', 'dataset_produces_2', 'consume_1_or_2_with_dataset_expressions', 'consume_1_and_2_with_dataset_expressions', 'dataset_consumes_unknown_never_scheduled', 'consume_1_or_both_2_and_3_with_dataset_expressions', 'dataset_consumes_1_and_2', 'dataset_consumes_1_never_scheduled' retrieved from /home/airflow/.local/lib/python3.12/site-packages/airflow/example_dags/example_datasets.py
[2026-05-01T13:39:22.123+0000] {logging_mixin.py:188} INFO - [2026-05-01T13:39:22.122+0000] {dag.py:3089} INFO - Sync 10 DAGs
[2026-05-01T13:39:22.168+0000] {logging_mixin.py:188} INFO - [2026-05-01T13:39:22.168+0000] {dag.py:3947} INFO - Setting next_dagrun for conditional_dataset_and_time_based_timetable to 2026-04-29 01:00:00+00:00, run_after=2026-04-29 01:00:00+00:00
[2026-05-01T13:39:22.178+0000] {logging_mixin.py:188} INFO - [2026-05-01T13:39:22.178+0000] {dag.py:3947} INFO - Setting next_dagrun for consume_1_and_2_with_dataset_expressions to None, run_after=None
[2026-05-01T13:39:22.183+0000] {logging_mixin.py:188} INFO - [2026-05-01T13:39:22.182+0000] {dag.py:3947} INFO - Setting next_dagrun for consume_1_or_2_with_dataset_expressions to None, run_after=None
[2026-05-01T13:39:22.187+0000] {logging_mixin.py:188} INFO - [2026-05-01T13:39:22.187+0000] {dag.py:3947} INFO - Setting next_dagrun for consume_1_or_both_2_and_3_with_dataset_expressions to None, run_after=None
[2026-05-01T13:39:22.191+0000] {logging_mixin.py:188} INFO - [2026-05-01T13:39:22.190+0000] {dag.py:3947} INFO - Setting next_dagrun for dataset_consumes_1 to None, run_after=None
[2026-05-01T13:39:22.194+0000] {logging_mixin.py:188} INFO - [2026-05-01T13:39:22.194+0000] {dag.py:3947} INFO - Setting next_dagrun for dataset_consumes_1_and_2 to None, run_after=None
[2026-05-01T13:39:22.198+0000] {logging_mixin.py:188} INFO - [2026-05-01T13:39:22.197+0000] {dag.py:3947} INFO - Setting next_dagrun for dataset_consumes_1_never_scheduled to None, run_after=None
[2026-05-01T13:39:22.205+0000] {logging_mixin.py:188} INFO - [2026-05-01T13:39:22.204+0000] {dag.py:3947} INFO - Setting next_dagrun for dataset_consumes_unknown_never_scheduled to None, run_after=None
[2026-05-01T13:39:22.212+0000] {logging_mixin.py:188} INFO - [2026-05-01T13:39:22.212+0000] {dag.py:3947} INFO - Setting next_dagrun for dataset_produces_1 to 2026-04-30 00:00:00+00:00, run_after=2026-05-01 00:00:00+00:00
[2026-05-01T13:39:22.215+0000] {logging_mixin.py:188} INFO - [2026-05-01T13:39:22.214+0000] {dag.py:3947} INFO - Setting next_dagrun for dataset_produces_2 to None, run_after=None
[2026-05-01T13:39:22.285+0000] {processor.py:183} INFO - Processing /home/airflow/.local/lib/python3.12/site-packages/airflow/example_dags/example_datasets.py took 0.282 seconds
[2026-05-01T13:39:52.937+0000] {processor.py:161} INFO - Started process (PID=1770) to work on /home/airflow/.local/lib/python3.12/site-packages/airflow/example_dags/example_datasets.py
[2026-05-01T13:39:52.941+0000] {processor.py:830} INFO - Processing file /home/airflow/.local/lib/python3.12/site-packages/airflow/example_dags/example_datasets.py for tasks to queue
[2026-05-01T13:39:52.948+0000] {logging_mixin.py:188} INFO - [2026-05-01T13:39:52.947+0000] {dagbag.py:545} INFO - Filling up the DagBag from /home/airflow/.local/lib/python3.12/site-packages/airflow/example_dags/example_datasets.py
[2026-05-01T13:39:52.987+0000] {processor.py:840} INFO - DAG(s) 'consume_1_or_both_2_and_3_with_dataset_expressions', 'conditional_dataset_and_time_based_timetable', 'dataset_consumes_unknown_never_scheduled', 'dataset_consumes_1_never_scheduled', 'consume_1_or_2_with_dataset_expressions', 'consume_1_and_2_with_dataset_expressions', 'dataset_produces_2', 'dataset_consumes_1_and_2', 'dataset_consumes_1', 'dataset_produces_1' retrieved from /home/airflow/.local/lib/python3.12/site-packages/airflow/example_dags/example_datasets.py
[2026-05-01T13:39:53.482+0000] {logging_mixin.py:188} INFO - [2026-05-01T13:39:53.481+0000] {dag.py:3089} INFO - Sync 10 DAGs
[2026-05-01T13:39:53.556+0000] {logging_mixin.py:188} INFO - [2026-05-01T13:39:53.556+0000] {dag.py:3947} INFO - Setting next_dagrun for conditional_dataset_and_time_based_timetable to 2026-04-29 01:00:00+00:00, run_after=2026-04-29 01:00:00+00:00
[2026-05-01T13:39:53.573+0000] {logging_mixin.py:188} INFO - [2026-05-01T13:39:53.573+0000] {dag.py:3947} INFO - Setting next_dagrun for consume_1_and_2_with_dataset_expressions to None, run_after=None
[2026-05-01T13:39:53.582+0000] {logging_mixin.py:188} INFO - [2026-05-01T13:39:53.581+0000] {dag.py:3947} INFO - Setting next_dagrun for consume_1_or_2_with_dataset_expressions to None, run_after=None
[2026-05-01T13:39:53.595+0000] {logging_mixin.py:188} INFO - [2026-05-01T13:39:53.594+0000] {dag.py:3947} INFO - Setting next_dagrun for consume_1_or_both_2_and_3_with_dataset_expressions to None, run_after=None
[2026-05-01T13:39:53.603+0000] {logging_mixin.py:188} INFO - [2026-05-01T13:39:53.600+0000] {dag.py:3947} INFO - Setting next_dagrun for dataset_consumes_1 to None, run_after=None
[2026-05-01T13:39:53.610+0000] {logging_mixin.py:188} INFO - [2026-05-01T13:39:53.609+0000] {dag.py:3947} INFO - Setting next_dagrun for dataset_consumes_1_and_2 to None, run_after=None
[2026-05-01T13:39:53.617+0000] {logging_mixin.py:188} INFO - [2026-05-01T13:39:53.617+0000] {dag.py:3947} INFO - Setting next_dagrun for dataset_consumes_1_never_scheduled to None, run_after=None
[2026-05-01T13:39:53.632+0000] {logging_mixin.py:188} INFO - [2026-05-01T13:39:53.631+0000] {dag.py:3947} INFO - Setting next_dagrun for dataset_consumes_unknown_never_scheduled to None, run_after=None
[2026-05-01T13:39:53.642+0000] {logging_mixin.py:188} INFO - [2026-05-01T13:39:53.642+0000] {dag.py:3947} INFO - Setting next_dagrun for dataset_produces_1 to 2026-04-30 00:00:00+00:00, run_after=2026-05-01 00:00:00+00:00
[2026-05-01T13:39:53.648+0000] {logging_mixin.py:188} INFO - [2026-05-01T13:39:53.647+0000] {dag.py:3947} INFO - Setting next_dagrun for dataset_produces_2 to None, run_after=None
[2026-05-01T13:39:53.717+0000] {processor.py:183} INFO - Processing /home/airflow/.local/lib/python3.12/site-packages/airflow/example_dags/example_datasets.py took 0.795 seconds
[2026-05-01T13:42:46.137+0000] {processor.py:161} INFO - Started process (PID=70) to work on /home/airflow/.local/lib/python3.12/site-packages/airflow/example_dags/example_datasets.py
[2026-05-01T13:42:46.141+0000] {processor.py:830} INFO - Processing file /home/airflow/.local/lib/python3.12/site-packages/airflow/example_dags/example_datasets.py for tasks to queue
[2026-05-01T13:42:46.155+0000] {logging_mixin.py:188} INFO - [2026-05-01T13:42:46.153+0000] {dagbag.py:545} INFO - Filling up the DagBag from /home/airflow/.local/lib/python3.12/site-packages/airflow/example_dags/example_datasets.py
[2026-05-01T13:42:46.198+0000] {processor.py:840} INFO - DAG(s) 'dataset_consumes_1_and_2', 'dataset_consumes_1_never_scheduled', 'dataset_consumes_1', 'dataset_produces_1', 'consume_1_or_both_2_and_3_with_dataset_expressions', 'conditional_dataset_and_time_based_timetable', 'dataset_consumes_unknown_never_scheduled', 'consume_1_and_2_with_dataset_expressions', 'dataset_produces_2', 'consume_1_or_2_with_dataset_expressions' retrieved from /home/airflow/.local/lib/python3.12/site-packages/airflow/example_dags/example_datasets.py
[2026-05-01T13:42:46.585+0000] {logging_mixin.py:188} INFO - [2026-05-01T13:42:46.584+0000] {dag.py:3089} INFO - Sync 10 DAGs
[2026-05-01T13:42:46.685+0000] {logging_mixin.py:188} INFO - [2026-05-01T13:42:46.684+0000] {dag.py:3947} INFO - Setting next_dagrun for conditional_dataset_and_time_based_timetable to 2026-04-29 01:00:00+00:00, run_after=2026-04-29 01:00:00+00:00
[2026-05-01T13:42:46.702+0000] {logging_mixin.py:188} INFO - [2026-05-01T13:42:46.702+0000] {dag.py:3947} INFO - Setting next_dagrun for consume_1_and_2_with_dataset_expressions to None, run_after=None
[2026-05-01T13:42:46.709+0000] {logging_mixin.py:188} INFO - [2026-05-01T13:42:46.708+0000] {dag.py:3947} INFO - Setting next_dagrun for consume_1_or_2_with_dataset_expressions to None, run_after=None
[2026-05-01T13:42:46.720+0000] {logging_mixin.py:188} INFO - [2026-05-01T13:42:46.718+0000] {dag.py:3947} INFO - Setting next_dagrun for consume_1_or_both_2_and_3_with_dataset_expressions to None, run_after=None
[2026-05-01T13:42:46.727+0000] {logging_mixin.py:188} INFO - [2026-05-01T13:42:46.727+0000] {dag.py:3947} INFO - Setting next_dagrun for dataset_consumes_1 to None, run_after=None
[2026-05-01T13:42:46.735+0000] {logging_mixin.py:188} INFO - [2026-05-01T13:42:46.734+0000] {dag.py:3947} INFO - Setting next_dagrun for dataset_consumes_1_and_2 to None, run_after=None
[2026-05-01T13:42:46.742+0000] {logging_mixin.py:188} INFO - [2026-05-01T13:42:46.740+0000] {dag.py:3947} INFO - Setting next_dagrun for dataset_consumes_1_never_scheduled to None, run_after=None
[2026-05-01T13:42:46.750+0000] {logging_mixin.py:188} INFO - [2026-05-01T13:42:46.749+0000] {dag.py:3947} INFO - Setting next_dagrun for dataset_consumes_unknown_never_scheduled to None, run_after=None
[2026-05-01T13:42:46.773+0000] {logging_mixin.py:188} INFO - [2026-05-01T13:42:46.772+0000] {dag.py:3947} INFO - Setting next_dagrun for dataset_produces_1 to 2026-04-30 00:00:00+00:00, run_after=2026-05-01 00:00:00+00:00
[2026-05-01T13:42:46.777+0000] {logging_mixin.py:188} INFO - [2026-05-01T13:42:46.776+0000] {dag.py:3947} INFO - Setting next_dagrun for dataset_produces_2 to None, run_after=None
[2026-05-01T13:42:46.907+0000] {processor.py:183} INFO - Processing /home/airflow/.local/lib/python3.12/site-packages/airflow/example_dags/example_datasets.py took 0.807 seconds
[2026-05-01T13:43:21.568+0000] {processor.py:161} INFO - Started process (PID=134) to work on /home/airflow/.local/lib/python3.12/site-packages/airflow/example_dags/example_datasets.py
[2026-05-01T13:43:21.585+0000] {processor.py:830} INFO - Processing file /home/airflow/.local/lib/python3.12/site-packages/airflow/example_dags/example_datasets.py for tasks to queue
[2026-05-01T13:43:21.608+0000] {logging_mixin.py:188} INFO - [2026-05-01T13:43:21.607+0000] {dagbag.py:545} INFO - Filling up the DagBag from /home/airflow/.local/lib/python3.12/site-packages/airflow/example_dags/example_datasets.py
[2026-05-01T13:43:21.740+0000] {processor.py:840} INFO - DAG(s) 'consume_1_and_2_with_dataset_expressions', 'consume_1_or_2_with_dataset_expressions', 'dataset_consumes_1', 'dataset_consumes_1_and_2', 'conditional_dataset_and_time_based_timetable', 'dataset_produces_2', 'dataset_consumes_unknown_never_scheduled', 'dataset_produces_1', 'dataset_consumes_1_never_scheduled', 'consume_1_or_both_2_and_3_with_dataset_expressions' retrieved from /home/airflow/.local/lib/python3.12/site-packages/airflow/example_dags/example_datasets.py
[2026-05-01T13:43:22.398+0000] {logging_mixin.py:188} INFO - [2026-05-01T13:43:22.397+0000] {dag.py:3089} INFO - Sync 10 DAGs
[2026-05-01T13:43:22.713+0000] {logging_mixin.py:188} INFO - [2026-05-01T13:43:22.712+0000] {dag.py:3947} INFO - Setting next_dagrun for conditional_dataset_and_time_based_timetable to 2026-04-29 01:00:00+00:00, run_after=2026-04-29 01:00:00+00:00
[2026-05-01T13:43:22.753+0000] {logging_mixin.py:188} INFO - [2026-05-01T13:43:22.747+0000] {dag.py:3947} INFO - Setting next_dagrun for consume_1_and_2_with_dataset_expressions to None, run_after=None
[2026-05-01T13:43:22.766+0000] {logging_mixin.py:188} INFO - [2026-05-01T13:43:22.765+0000] {dag.py:3947} INFO - Setting next_dagrun for consume_1_or_2_with_dataset_expressions to None, run_after=None
[2026-05-01T13:43:22.799+0000] {logging_mixin.py:188} INFO - [2026-05-01T13:43:22.798+0000] {dag.py:3947} INFO - Setting next_dagrun for consume_1_or_both_2_and_3_with_dataset_expressions to None, run_after=None
[2026-05-01T13:43:22.822+0000] {logging_mixin.py:188} INFO - [2026-05-01T13:43:22.821+0000] {dag.py:3947} INFO - Setting next_dagrun for dataset_consumes_1 to None, run_after=None
[2026-05-01T13:43:22.844+0000] {logging_mixin.py:188} INFO - [2026-05-01T13:43:22.843+0000] {dag.py:3947} INFO - Setting next_dagrun for dataset_consumes_1_and_2 to None, run_after=None
[2026-05-01T13:43:22.875+0000] {logging_mixin.py:188} INFO - [2026-05-01T13:43:22.874+0000] {dag.py:3947} INFO - Setting next_dagrun for dataset_consumes_1_never_scheduled to None, run_after=None
[2026-05-01T13:43:22.894+0000] {logging_mixin.py:188} INFO - [2026-05-01T13:43:22.894+0000] {dag.py:3947} INFO - Setting next_dagrun for dataset_consumes_unknown_never_scheduled to None, run_after=None
[2026-05-01T13:43:22.933+0000] {logging_mixin.py:188} INFO - [2026-05-01T13:43:22.932+0000] {dag.py:3947} INFO - Setting next_dagrun for dataset_produces_1 to 2026-04-30 00:00:00+00:00, run_after=2026-05-01 00:00:00+00:00
[2026-05-01T13:43:22.952+0000] {logging_mixin.py:188} INFO - [2026-05-01T13:43:22.951+0000] {dag.py:3947} INFO - Setting next_dagrun for dataset_produces_2 to None, run_after=None
[2026-05-01T13:43:23.328+0000] {processor.py:183} INFO - Processing /home/airflow/.local/lib/python3.12/site-packages/airflow/example_dags/example_datasets.py took 1.848 seconds
[2026-05-01T13:43:53.629+0000] {processor.py:161} INFO - Started process (PID=192) to work on /home/airflow/.local/lib/python3.12/site-packages/airflow/example_dags/example_datasets.py
[2026-05-01T13:43:53.645+0000] {processor.py:830} INFO - Processing file /home/airflow/.local/lib/python3.12/site-packages/airflow/example_dags/example_datasets.py for tasks to queue
[2026-05-01T13:43:53.697+0000] {logging_mixin.py:188} INFO - [2026-05-01T13:43:53.696+0000] {dagbag.py:545} INFO - Filling up the DagBag from /home/airflow/.local/lib/python3.12/site-packages/airflow/example_dags/example_datasets.py
[2026-05-01T13:43:53.903+0000] {processor.py:840} INFO - DAG(s) 'dataset_produces_2', 'dataset_consumes_unknown_never_scheduled', 'consume_1_or_2_with_dataset_expressions', 'dataset_consumes_1', 'dataset_consumes_1_never_scheduled', 'consume_1_or_both_2_and_3_with_dataset_expressions', 'dataset_consumes_1_and_2', 'dataset_produces_1', 'consume_1_and_2_with_dataset_expressions', 'conditional_dataset_and_time_based_timetable' retrieved from /home/airflow/.local/lib/python3.12/site-packages/airflow/example_dags/example_datasets.py
[2026-05-01T13:43:54.902+0000] {logging_mixin.py:188} INFO - [2026-05-01T13:43:54.902+0000] {dag.py:3089} INFO - Sync 10 DAGs
[2026-05-01T13:43:55.172+0000] {logging_mixin.py:188} INFO - [2026-05-01T13:43:55.172+0000] {dag.py:3947} INFO - Setting next_dagrun for conditional_dataset_and_time_based_timetable to 2026-04-29 01:00:00+00:00, run_after=2026-04-29 01:00:00+00:00
[2026-05-01T13:43:55.198+0000] {logging_mixin.py:188} INFO - [2026-05-01T13:43:55.197+0000] {dag.py:3947} INFO - Setting next_dagrun for consume_1_and_2_with_dataset_expressions to None, run_after=None
[2026-05-01T13:43:55.201+0000] {logging_mixin.py:188} INFO - [2026-05-01T13:43:55.201+0000] {dag.py:3947} INFO - Setting next_dagrun for consume_1_or_2_with_dataset_expressions to None, run_after=None
[2026-05-01T13:43:55.215+0000] {logging_mixin.py:188} INFO - [2026-05-01T13:43:55.215+0000] {dag.py:3947} INFO - Setting next_dagrun for consume_1_or_both_2_and_3_with_dataset_expressions to None, run_after=None
[2026-05-01T13:43:55.219+0000] {logging_mixin.py:188} INFO - [2026-05-01T13:43:55.218+0000] {dag.py:3947} INFO - Setting next_dagrun for dataset_consumes_1 to None, run_after=None
[2026-05-01T13:43:55.222+0000] {logging_mixin.py:188} INFO - [2026-05-01T13:43:55.221+0000] {dag.py:3947} INFO - Setting next_dagrun for dataset_consumes_1_and_2 to None, run_after=None
[2026-05-01T13:43:55.230+0000] {logging_mixin.py:188} INFO - [2026-05-01T13:43:55.230+0000] {dag.py:3947} INFO - Setting next_dagrun for dataset_consumes_1_never_scheduled to None, run_after=None
[2026-05-01T13:43:55.235+0000] {logging_mixin.py:188} INFO - [2026-05-01T13:43:55.235+0000] {dag.py:3947} INFO - Setting next_dagrun for dataset_consumes_unknown_never_scheduled to None, run_after=None
[2026-05-01T13:43:55.250+0000] {logging_mixin.py:188} INFO - [2026-05-01T13:43:55.250+0000] {dag.py:3947} INFO - Setting next_dagrun for dataset_produces_1 to 2026-04-30 00:00:00+00:00, run_after=2026-05-01 00:00:00+00:00
[2026-05-01T13:43:55.263+0000] {logging_mixin.py:188} INFO - [2026-05-01T13:43:55.263+0000] {dag.py:3947} INFO - Setting next_dagrun for dataset_produces_2 to None, run_after=None
[2026-05-01T13:43:55.406+0000] {processor.py:183} INFO - Processing /home/airflow/.local/lib/python3.12/site-packages/airflow/example_dags/example_datasets.py took 1.808 seconds
[2026-05-01T13:44:25.558+0000] {processor.py:161} INFO - Started process (PID=250) to work on /home/airflow/.local/lib/python3.12/site-packages/airflow/example_dags/example_datasets.py
[2026-05-01T13:44:25.560+0000] {processor.py:830} INFO - Processing file /home/airflow/.local/lib/python3.12/site-packages/airflow/example_dags/example_datasets.py for tasks to queue
[2026-05-01T13:44:25.566+0000] {logging_mixin.py:188} INFO - [2026-05-01T13:44:25.565+0000] {dagbag.py:545} INFO - Filling up the DagBag from /home/airflow/.local/lib/python3.12/site-packages/airflow/example_dags/example_datasets.py
[2026-05-01T13:44:25.590+0000] {processor.py:840} INFO - DAG(s) 'consume_1_and_2_with_dataset_expressions', 'dataset_produces_1', 'consume_1_or_both_2_and_3_with_dataset_expressions', 'dataset_consumes_unknown_never_scheduled', 'consume_1_or_2_with_dataset_expressions', 'conditional_dataset_and_time_based_timetable', 'dataset_consumes_1', 'dataset_consumes_1_never_scheduled', 'dataset_produces_2', 'dataset_consumes_1_and_2' retrieved from /home/airflow/.local/lib/python3.12/site-packages/airflow/example_dags/example_datasets.py
[2026-05-01T13:44:25.656+0000] {logging_mixin.py:188} INFO - [2026-05-01T13:44:25.656+0000] {dag.py:3089} INFO - Sync 10 DAGs
[2026-05-01T13:44:25.694+0000] {logging_mixin.py:188} INFO - [2026-05-01T13:44:25.694+0000] {dag.py:3947} INFO - Setting next_dagrun for conditional_dataset_and_time_based_timetable to 2026-04-29 01:00:00+00:00, run_after=2026-04-29 01:00:00+00:00
[2026-05-01T13:44:25.705+0000] {logging_mixin.py:188} INFO - [2026-05-01T13:44:25.704+0000] {dag.py:3947} INFO - Setting next_dagrun for consume_1_and_2_with_dataset_expressions to None, run_after=None
[2026-05-01T13:44:25.708+0000] {logging_mixin.py:188} INFO - [2026-05-01T13:44:25.708+0000] {dag.py:3947} INFO - Setting next_dagrun for consume_1_or_2_with_dataset_expressions to None, run_after=None
[2026-05-01T13:44:25.714+0000] {logging_mixin.py:188} INFO - [2026-05-01T13:44:25.713+0000] {dag.py:3947} INFO - Setting next_dagrun for consume_1_or_both_2_and_3_with_dataset_expressions to None, run_after=None
[2026-05-01T13:44:25.718+0000] {logging_mixin.py:188} INFO - [2026-05-01T13:44:25.718+0000] {dag.py:3947} INFO - Setting next_dagrun for dataset_consumes_1 to None, run_after=None
[2026-05-01T13:44:25.723+0000] {logging_mixin.py:188} INFO - [2026-05-01T13:44:25.722+0000] {dag.py:3947} INFO - Setting next_dagrun for dataset_consumes_1_and_2 to None, run_after=None
[2026-05-01T13:44:25.726+0000] {logging_mixin.py:188} INFO - [2026-05-01T13:44:25.726+0000] {dag.py:3947} INFO - Setting next_dagrun for dataset_consumes_1_never_scheduled to None, run_after=None
[2026-05-01T13:44:25.730+0000] {logging_mixin.py:188} INFO - [2026-05-01T13:44:25.729+0000] {dag.py:3947} INFO - Setting next_dagrun for dataset_consumes_unknown_never_scheduled to None, run_after=None
[2026-05-01T13:44:25.737+0000] {logging_mixin.py:188} INFO - [2026-05-01T13:44:25.737+0000] {dag.py:3947} INFO - Setting next_dagrun for dataset_produces_1 to 2026-04-30 00:00:00+00:00, run_after=2026-05-01 00:00:00+00:00
[2026-05-01T13:44:25.741+0000] {logging_mixin.py:188} INFO - [2026-05-01T13:44:25.741+0000] {dag.py:3947} INFO - Setting next_dagrun for dataset_produces_2 to None, run_after=None
[2026-05-01T13:44:25.791+0000] {processor.py:183} INFO - Processing /home/airflow/.local/lib/python3.12/site-packages/airflow/example_dags/example_datasets.py took 0.244 seconds
[2026-05-01T13:44:55.945+0000] {processor.py:161} INFO - Started process (PID=307) to work on /home/airflow/.local/lib/python3.12/site-packages/airflow/example_dags/example_datasets.py
[2026-05-01T13:44:55.949+0000] {processor.py:830} INFO - Processing file /home/airflow/.local/lib/python3.12/site-packages/airflow/example_dags/example_datasets.py for tasks to queue
[2026-05-01T13:44:55.955+0000] {logging_mixin.py:188} INFO - [2026-05-01T13:44:55.955+0000] {dagbag.py:545} INFO - Filling up the DagBag from /home/airflow/.local/lib/python3.12/site-packages/airflow/example_dags/example_datasets.py
[2026-05-01T13:44:55.997+0000] {processor.py:840} INFO - DAG(s) 'dataset_produces_2', 'consume_1_or_2_with_dataset_expressions', 'dataset_consumes_unknown_never_scheduled', 'dataset_produces_1', 'conditional_dataset_and_time_based_timetable', 'dataset_consumes_1_and_2', 'dataset_consumes_1_never_scheduled', 'dataset_consumes_1', 'consume_1_or_both_2_and_3_with_dataset_expressions', 'consume_1_and_2_with_dataset_expressions' retrieved from /home/airflow/.local/lib/python3.12/site-packages/airflow/example_dags/example_datasets.py
[2026-05-01T13:44:56.139+0000] {logging_mixin.py:188} INFO - [2026-05-01T13:44:56.136+0000] {dag.py:3089} INFO - Sync 10 DAGs
[2026-05-01T13:44:56.204+0000] {logging_mixin.py:188} INFO - [2026-05-01T13:44:56.202+0000] {dag.py:3947} INFO - Setting next_dagrun for conditional_dataset_and_time_based_timetable to 2026-04-29 01:00:00+00:00, run_after=2026-04-29 01:00:00+00:00
[2026-05-01T13:44:56.225+0000] {logging_mixin.py:188} INFO - [2026-05-01T13:44:56.225+0000] {dag.py:3947} INFO - Setting next_dagrun for consume_1_and_2_with_dataset_expressions to None, run_after=None
[2026-05-01T13:44:56.231+0000] {logging_mixin.py:188} INFO - [2026-05-01T13:44:56.230+0000] {dag.py:3947} INFO - Setting next_dagrun for consume_1_or_2_with_dataset_expressions to None, run_after=None
[2026-05-01T13:44:56.242+0000] {logging_mixin.py:188} INFO - [2026-05-01T13:44:56.242+0000] {dag.py:3947} INFO - Setting next_dagrun for consume_1_or_both_2_and_3_with_dataset_expressions to None, run_after=None
[2026-05-01T13:44:56.244+0000] {logging_mixin.py:188} INFO - [2026-05-01T13:44:56.244+0000] {dag.py:3947} INFO - Setting next_dagrun for dataset_consumes_1 to None, run_after=None
[2026-05-01T13:44:56.248+0000] {logging_mixin.py:188} INFO - [2026-05-01T13:44:56.247+0000] {dag.py:3947} INFO - Setting next_dagrun for dataset_consumes_1_and_2 to None, run_after=None
[2026-05-01T13:44:56.254+0000] {logging_mixin.py:188} INFO - [2026-05-01T13:44:56.252+0000] {dag.py:3947} INFO - Setting next_dagrun for dataset_consumes_1_never_scheduled to None, run_after=None
[2026-05-01T13:44:56.259+0000] {logging_mixin.py:188} INFO - [2026-05-01T13:44:56.258+0000] {dag.py:3947} INFO - Setting next_dagrun for dataset_consumes_unknown_never_scheduled to None, run_after=None
[2026-05-01T13:44:56.269+0000] {logging_mixin.py:188} INFO - [2026-05-01T13:44:56.269+0000] {dag.py:3947} INFO - Setting next_dagrun for dataset_produces_1 to 2026-04-30 00:00:00+00:00, run_after=2026-05-01 00:00:00+00:00
[2026-05-01T13:44:56.275+0000] {logging_mixin.py:188} INFO - [2026-05-01T13:44:56.274+0000] {dag.py:3947} INFO - Setting next_dagrun for dataset_produces_2 to None, run_after=None
[2026-05-01T13:44:56.364+0000] {processor.py:183} INFO - Processing /home/airflow/.local/lib/python3.12/site-packages/airflow/example_dags/example_datasets.py took 0.432 seconds
[2026-05-01T13:45:26.955+0000] {processor.py:161} INFO - Started process (PID=365) to work on /home/airflow/.local/lib/python3.12/site-packages/airflow/example_dags/example_datasets.py
[2026-05-01T13:45:26.969+0000] {processor.py:830} INFO - Processing file /home/airflow/.local/lib/python3.12/site-packages/airflow/example_dags/example_datasets.py for tasks to queue
[2026-05-01T13:45:26.975+0000] {logging_mixin.py:188} INFO - [2026-05-01T13:45:26.975+0000] {dagbag.py:545} INFO - Filling up the DagBag from /home/airflow/.local/lib/python3.12/site-packages/airflow/example_dags/example_datasets.py
[2026-05-01T13:45:27.057+0000] {processor.py:840} INFO - DAG(s) 'consume_1_or_2_with_dataset_expressions', 'dataset_consumes_1', 'dataset_consumes_1_never_scheduled', 'conditional_dataset_and_time_based_timetable', 'consume_1_or_both_2_and_3_with_dataset_expressions', 'dataset_produces_1', 'dataset_consumes_1_and_2', 'dataset_produces_2', 'dataset_consumes_unknown_never_scheduled', 'consume_1_and_2_with_dataset_expressions' retrieved from /home/airflow/.local/lib/python3.12/site-packages/airflow/example_dags/example_datasets.py
[2026-05-01T13:45:27.250+0000] {logging_mixin.py:188} INFO - [2026-05-01T13:45:27.249+0000] {dag.py:3089} INFO - Sync 10 DAGs
[2026-05-01T13:45:27.342+0000] {logging_mixin.py:188} INFO - [2026-05-01T13:45:27.341+0000] {dag.py:3947} INFO - Setting next_dagrun for conditional_dataset_and_time_based_timetable to 2026-04-29 01:00:00+00:00, run_after=2026-04-29 01:00:00+00:00
[2026-05-01T13:45:27.349+0000] {logging_mixin.py:188} INFO - [2026-05-01T13:45:27.349+0000] {dag.py:3947} INFO - Setting next_dagrun for consume_1_and_2_with_dataset_expressions to None, run_after=None
[2026-05-01T13:45:27.355+0000] {logging_mixin.py:188} INFO - [2026-05-01T13:45:27.354+0000] {dag.py:3947} INFO - Setting next_dagrun for consume_1_or_2_with_dataset_expressions to None, run_after=None
[2026-05-01T13:45:27.359+0000] {logging_mixin.py:188} INFO - [2026-05-01T13:45:27.359+0000] {dag.py:3947} INFO - Setting next_dagrun for consume_1_or_both_2_and_3_with_dataset_expressions to None, run_after=None
[2026-05-01T13:45:27.368+0000] {logging_mixin.py:188} INFO - [2026-05-01T13:45:27.368+0000] {dag.py:3947} INFO - Setting next_dagrun for dataset_consumes_1 to None, run_after=None
[2026-05-01T13:45:27.376+0000] {logging_mixin.py:188} INFO - [2026-05-01T13:45:27.375+0000] {dag.py:3947} INFO - Setting next_dagrun for dataset_consumes_1_and_2 to None, run_after=None
[2026-05-01T13:45:27.382+0000] {logging_mixin.py:188} INFO - [2026-05-01T13:45:27.381+0000] {dag.py:3947} INFO - Setting next_dagrun for dataset_consumes_1_never_scheduled to None, run_after=None
[2026-05-01T13:45:27.398+0000] {logging_mixin.py:188} INFO - [2026-05-01T13:45:27.396+0000] {dag.py:3947} INFO - Setting next_dagrun for dataset_consumes_unknown_never_scheduled to None, run_after=None
[2026-05-01T13:45:27.411+0000] {logging_mixin.py:188} INFO - [2026-05-01T13:45:27.411+0000] {dag.py:3947} INFO - Setting next_dagrun for dataset_produces_1 to 2026-04-30 00:00:00+00:00, run_after=2026-05-01 00:00:00+00:00
[2026-05-01T13:45:27.423+0000] {logging_mixin.py:188} INFO - [2026-05-01T13:45:27.421+0000] {dag.py:3947} INFO - Setting next_dagrun for dataset_produces_2 to None, run_after=None
[2026-05-01T13:45:27.598+0000] {processor.py:183} INFO - Processing /home/airflow/.local/lib/python3.12/site-packages/airflow/example_dags/example_datasets.py took 0.678 seconds
[2026-05-01T13:45:57.714+0000] {processor.py:161} INFO - Started process (PID=423) to work on /home/airflow/.local/lib/python3.12/site-packages/airflow/example_dags/example_datasets.py
[2026-05-01T13:45:57.717+0000] {processor.py:830} INFO - Processing file /home/airflow/.local/lib/python3.12/site-packages/airflow/example_dags/example_datasets.py for tasks to queue
[2026-05-01T13:45:57.721+0000] {logging_mixin.py:188} INFO - [2026-05-01T13:45:57.721+0000] {dagbag.py:545} INFO - Filling up the DagBag from /home/airflow/.local/lib/python3.12/site-packages/airflow/example_dags/example_datasets.py
[2026-05-01T13:45:57.742+0000] {processor.py:840} INFO - DAG(s) 'consume_1_and_2_with_dataset_expressions', 'dataset_consumes_1_never_scheduled', 'conditional_dataset_and_time_based_timetable', 'consume_1_or_2_with_dataset_expressions', 'dataset_consumes_1_and_2', 'dataset_consumes_1', 'dataset_produces_1', 'consume_1_or_both_2_and_3_with_dataset_expressions', 'dataset_consumes_unknown_never_scheduled', 'dataset_produces_2' retrieved from /home/airflow/.local/lib/python3.12/site-packages/airflow/example_dags/example_datasets.py
[2026-05-01T13:45:57.807+0000] {logging_mixin.py:188} INFO - [2026-05-01T13:45:57.807+0000] {dag.py:3089} INFO - Sync 10 DAGs
[2026-05-01T13:45:57.856+0000] {logging_mixin.py:188} INFO - [2026-05-01T13:45:57.855+0000] {dag.py:3947} INFO - Setting next_dagrun for conditional_dataset_and_time_based_timetable to 2026-04-29 01:00:00+00:00, run_after=2026-04-29 01:00:00+00:00
[2026-05-01T13:45:57.872+0000] {logging_mixin.py:188} INFO - [2026-05-01T13:45:57.872+0000] {dag.py:3947} INFO - Setting next_dagrun for consume_1_and_2_with_dataset_expressions to None, run_after=None
[2026-05-01T13:45:57.882+0000] {logging_mixin.py:188} INFO - [2026-05-01T13:45:57.881+0000] {dag.py:3947} INFO - Setting next_dagrun for consume_1_or_2_with_dataset_expressions to None, run_after=None
[2026-05-01T13:45:57.891+0000] {logging_mixin.py:188} INFO - [2026-05-01T13:45:57.891+0000] {dag.py:3947} INFO - Setting next_dagrun for consume_1_or_both_2_and_3_with_dataset_expressions to None, run_after=None
[2026-05-01T13:45:57.904+0000] {logging_mixin.py:188} INFO - [2026-05-01T13:45:57.902+0000] {dag.py:3947} INFO - Setting next_dagrun for dataset_consumes_1 to None, run_after=None
[2026-05-01T13:45:57.923+0000] {logging_mixin.py:188} INFO - [2026-05-01T13:45:57.921+0000] {dag.py:3947} INFO - Setting next_dagrun for dataset_consumes_1_and_2 to None, run_after=None
[2026-05-01T13:45:57.930+0000] {logging_mixin.py:188} INFO - [2026-05-01T13:45:57.929+0000] {dag.py:3947} INFO - Setting next_dagrun for dataset_consumes_1_never_scheduled to None, run_after=None
[2026-05-01T13:45:57.933+0000] {logging_mixin.py:188} INFO - [2026-05-01T13:45:57.933+0000] {dag.py:3947} INFO - Setting next_dagrun for dataset_consumes_unknown_never_scheduled to None, run_after=None
[2026-05-01T13:45:57.939+0000] {logging_mixin.py:188} INFO - [2026-05-01T13:45:57.939+0000] {dag.py:3947} INFO - Setting next_dagrun for dataset_produces_1 to 2026-04-30 00:00:00+00:00, run_after=2026-05-01 00:00:00+00:00
[2026-05-01T13:45:57.943+0000] {logging_mixin.py:188} INFO - [2026-05-01T13:45:57.943+0000] {dag.py:3947} INFO - Setting next_dagrun for dataset_produces_2 to None, run_after=None
[2026-05-01T13:45:57.994+0000] {processor.py:183} INFO - Processing /home/airflow/.local/lib/python3.12/site-packages/airflow/example_dags/example_datasets.py took 0.288 seconds
[2026-05-01T13:46:28.272+0000] {processor.py:161} INFO - Started process (PID=481) to work on /home/airflow/.local/lib/python3.12/site-packages/airflow/example_dags/example_datasets.py
[2026-05-01T13:46:28.275+0000] {processor.py:830} INFO - Processing file /home/airflow/.local/lib/python3.12/site-packages/airflow/example_dags/example_datasets.py for tasks to queue
[2026-05-01T13:46:28.281+0000] {logging_mixin.py:188} INFO - [2026-05-01T13:46:28.280+0000] {dagbag.py:545} INFO - Filling up the DagBag from /home/airflow/.local/lib/python3.12/site-packages/airflow/example_dags/example_datasets.py
[2026-05-01T13:46:28.303+0000] {processor.py:840} INFO - DAG(s) 'dataset_produces_1', 'consume_1_and_2_with_dataset_expressions', 'conditional_dataset_and_time_based_timetable', 'dataset_consumes_unknown_never_scheduled', 'dataset_consumes_1_and_2', 'consume_1_or_2_with_dataset_expressions', 'consume_1_or_both_2_and_3_with_dataset_expressions', 'dataset_consumes_1', 'dataset_consumes_1_never_scheduled', 'dataset_produces_2' retrieved from /home/airflow/.local/lib/python3.12/site-packages/airflow/example_dags/example_datasets.py
[2026-05-01T13:46:28.377+0000] {logging_mixin.py:188} INFO - [2026-05-01T13:46:28.376+0000] {dag.py:3089} INFO - Sync 10 DAGs
[2026-05-01T13:46:28.438+0000] {logging_mixin.py:188} INFO - [2026-05-01T13:46:28.437+0000] {dag.py:3947} INFO - Setting next_dagrun for conditional_dataset_and_time_based_timetable to 2026-04-29 01:00:00+00:00, run_after=2026-04-29 01:00:00+00:00
[2026-05-01T13:46:28.448+0000] {logging_mixin.py:188} INFO - [2026-05-01T13:46:28.447+0000] {dag.py:3947} INFO - Setting next_dagrun for consume_1_and_2_with_dataset_expressions to None, run_after=None
[2026-05-01T13:46:28.452+0000] {logging_mixin.py:188} INFO - [2026-05-01T13:46:28.451+0000] {dag.py:3947} INFO - Setting next_dagrun for consume_1_or_2_with_dataset_expressions to None, run_after=None
[2026-05-01T13:46:28.456+0000] {logging_mixin.py:188} INFO - [2026-05-01T13:46:28.455+0000] {dag.py:3947} INFO - Setting next_dagrun for consume_1_or_both_2_and_3_with_dataset_expressions to None, run_after=None
[2026-05-01T13:46:28.459+0000] {logging_mixin.py:188} INFO - [2026-05-01T13:46:28.459+0000] {dag.py:3947} INFO - Setting next_dagrun for dataset_consumes_1 to None, run_after=None
[2026-05-01T13:46:28.464+0000] {logging_mixin.py:188} INFO - [2026-05-01T13:46:28.463+0000] {dag.py:3947} INFO - Setting next_dagrun for dataset_consumes_1_and_2 to None, run_after=None
[2026-05-01T13:46:28.469+0000] {logging_mixin.py:188} INFO - [2026-05-01T13:46:28.469+0000] {dag.py:3947} INFO - Setting next_dagrun for dataset_consumes_1_never_scheduled to None, run_after=None
[2026-05-01T13:46:28.480+0000] {logging_mixin.py:188} INFO - [2026-05-01T13:46:28.479+0000] {dag.py:3947} INFO - Setting next_dagrun for dataset_consumes_unknown_never_scheduled to None, run_after=None
[2026-05-01T13:46:28.484+0000] {logging_mixin.py:188} INFO - [2026-05-01T13:46:28.484+0000] {dag.py:3947} INFO - Setting next_dagrun for dataset_produces_1 to 2026-04-30 00:00:00+00:00, run_after=2026-05-01 00:00:00+00:00
[2026-05-01T13:46:28.487+0000] {logging_mixin.py:188} INFO - [2026-05-01T13:46:28.487+0000] {dag.py:3947} INFO - Setting next_dagrun for dataset_produces_2 to None, run_after=None
[2026-05-01T13:46:28.531+0000] {processor.py:183} INFO - Processing /home/airflow/.local/lib/python3.12/site-packages/airflow/example_dags/example_datasets.py took 0.273 seconds
[2026-05-01T13:46:58.800+0000] {processor.py:161} INFO - Started process (PID=539) to work on /home/airflow/.local/lib/python3.12/site-packages/airflow/example_dags/example_datasets.py
[2026-05-01T13:46:58.803+0000] {processor.py:830} INFO - Processing file /home/airflow/.local/lib/python3.12/site-packages/airflow/example_dags/example_datasets.py for tasks to queue
[2026-05-01T13:46:58.807+0000] {logging_mixin.py:188} INFO - [2026-05-01T13:46:58.807+0000] {dagbag.py:545} INFO - Filling up the DagBag from /home/airflow/.local/lib/python3.12/site-packages/airflow/example_dags/example_datasets.py
[2026-05-01T13:46:58.833+0000] {processor.py:840} INFO - DAG(s) 'dataset_consumes_unknown_never_scheduled', 'dataset_produces_2', 'dataset_consumes_1', 'consume_1_or_2_with_dataset_expressions', 'conditional_dataset_and_time_based_timetable', 'dataset_consumes_1_and_2', 'dataset_consumes_1_never_scheduled', 'consume_1_or_both_2_and_3_with_dataset_expressions', 'dataset_produces_1', 'consume_1_and_2_with_dataset_expressions' retrieved from /home/airflow/.local/lib/python3.12/site-packages/airflow/example_dags/example_datasets.py
[2026-05-01T13:46:58.992+0000] {logging_mixin.py:188} INFO - [2026-05-01T13:46:58.992+0000] {dag.py:3089} INFO - Sync 10 DAGs
[2026-05-01T13:46:59.061+0000] {logging_mixin.py:188} INFO - [2026-05-01T13:46:59.061+0000] {dag.py:3947} INFO - Setting next_dagrun for conditional_dataset_and_time_based_timetable to 2026-04-29 01:00:00+00:00, run_after=2026-04-29 01:00:00+00:00
[2026-05-01T13:46:59.071+0000] {logging_mixin.py:188} INFO - [2026-05-01T13:46:59.071+0000] {dag.py:3947} INFO - Setting next_dagrun for consume_1_and_2_with_dataset_expressions to None, run_after=None
[2026-05-01T13:46:59.074+0000] {logging_mixin.py:188} INFO - [2026-05-01T13:46:59.074+0000] {dag.py:3947} INFO - Setting next_dagrun for consume_1_or_2_with_dataset_expressions to None, run_after=None
[2026-05-01T13:46:59.077+0000] {logging_mixin.py:188} INFO - [2026-05-01T13:46:59.077+0000] {dag.py:3947} INFO - Setting next_dagrun for consume_1_or_both_2_and_3_with_dataset_expressions to None, run_after=None
[2026-05-01T13:46:59.082+0000] {logging_mixin.py:188} INFO - [2026-05-01T13:46:59.081+0000] {dag.py:3947} INFO - Setting next_dagrun for dataset_consumes_1 to None, run_after=None
[2026-05-01T13:46:59.086+0000] {logging_mixin.py:188} INFO - [2026-05-01T13:46:59.085+0000] {dag.py:3947} INFO - Setting next_dagrun for dataset_consumes_1_and_2 to None, run_after=None
[2026-05-01T13:46:59.090+0000] {logging_mixin.py:188} INFO - [2026-05-01T13:46:59.089+0000] {dag.py:3947} INFO - Setting next_dagrun for dataset_consumes_1_never_scheduled to None, run_after=None
[2026-05-01T13:46:59.096+0000] {logging_mixin.py:188} INFO - [2026-05-01T13:46:59.095+0000] {dag.py:3947} INFO - Setting next_dagrun for dataset_consumes_unknown_never_scheduled to None, run_after=None
[2026-05-01T13:46:59.103+0000] {logging_mixin.py:188} INFO - [2026-05-01T13:46:59.102+0000] {dag.py:3947} INFO - Setting next_dagrun for dataset_produces_1 to 2026-04-30 00:00:00+00:00, run_after=2026-05-01 00:00:00+00:00
[2026-05-01T13:46:59.110+0000] {logging_mixin.py:188} INFO - [2026-05-01T13:46:59.110+0000] {dag.py:3947} INFO - Setting next_dagrun for dataset_produces_2 to None, run_after=None
[2026-05-01T13:46:59.169+0000] {processor.py:183} INFO - Processing /home/airflow/.local/lib/python3.12/site-packages/airflow/example_dags/example_datasets.py took 0.387 seconds
[2026-05-01T13:47:29.681+0000] {processor.py:161} INFO - Started process (PID=597) to work on /home/airflow/.local/lib/python3.12/site-packages/airflow/example_dags/example_datasets.py
[2026-05-01T13:47:29.684+0000] {processor.py:830} INFO - Processing file /home/airflow/.local/lib/python3.12/site-packages/airflow/example_dags/example_datasets.py for tasks to queue
[2026-05-01T13:47:29.694+0000] {logging_mixin.py:188} INFO - [2026-05-01T13:47:29.692+0000] {dagbag.py:545} INFO - Filling up the DagBag from /home/airflow/.local/lib/python3.12/site-packages/airflow/example_dags/example_datasets.py
[2026-05-01T13:47:29.818+0000] {processor.py:840} INFO - DAG(s) 'conditional_dataset_and_time_based_timetable', 'dataset_produces_2', 'dataset_produces_1', 'dataset_consumes_unknown_never_scheduled', 'dataset_consumes_1_and_2', 'consume_1_or_2_with_dataset_expressions', 'consume_1_and_2_with_dataset_expressions', 'dataset_consumes_1_never_scheduled', 'dataset_consumes_1', 'consume_1_or_both_2_and_3_with_dataset_expressions' retrieved from /home/airflow/.local/lib/python3.12/site-packages/airflow/example_dags/example_datasets.py
[2026-05-01T13:47:30.252+0000] {logging_mixin.py:188} INFO - [2026-05-01T13:47:30.252+0000] {dag.py:3089} INFO - Sync 10 DAGs
[2026-05-01T13:47:30.402+0000] {logging_mixin.py:188} INFO - [2026-05-01T13:47:30.402+0000] {dag.py:3947} INFO - Setting next_dagrun for conditional_dataset_and_time_based_timetable to 2026-04-29 01:00:00+00:00, run_after=2026-04-29 01:00:00+00:00
[2026-05-01T13:47:30.421+0000] {logging_mixin.py:188} INFO - [2026-05-01T13:47:30.421+0000] {dag.py:3947} INFO - Setting next_dagrun for consume_1_and_2_with_dataset_expressions to None, run_after=None
[2026-05-01T13:47:30.429+0000] {logging_mixin.py:188} INFO - [2026-05-01T13:47:30.429+0000] {dag.py:3947} INFO - Setting next_dagrun for consume_1_or_2_with_dataset_expressions to None, run_after=None
[2026-05-01T13:47:30.439+0000] {logging_mixin.py:188} INFO - [2026-05-01T13:47:30.439+0000] {dag.py:3947} INFO - Setting next_dagrun for consume_1_or_both_2_and_3_with_dataset_expressions to None, run_after=None
[2026-05-01T13:47:30.465+0000] {logging_mixin.py:188} INFO - [2026-05-01T13:47:30.464+0000] {dag.py:3947} INFO - Setting next_dagrun for dataset_consumes_1 to None, run_after=None
[2026-05-01T13:47:30.471+0000] {logging_mixin.py:188} INFO - [2026-05-01T13:47:30.470+0000] {dag.py:3947} INFO - Setting next_dagrun for dataset_consumes_1_and_2 to None, run_after=None
[2026-05-01T13:47:30.477+0000] {logging_mixin.py:188} INFO - [2026-05-01T13:47:30.477+0000] {dag.py:3947} INFO - Setting next_dagrun for dataset_consumes_1_never_scheduled to None, run_after=None
[2026-05-01T13:47:30.489+0000] {logging_mixin.py:188} INFO - [2026-05-01T13:47:30.488+0000] {dag.py:3947} INFO - Setting next_dagrun for dataset_consumes_unknown_never_scheduled to None, run_after=None
[2026-05-01T13:47:30.500+0000] {logging_mixin.py:188} INFO - [2026-05-01T13:47:30.499+0000] {dag.py:3947} INFO - Setting next_dagrun for dataset_produces_1 to 2026-04-30 00:00:00+00:00, run_after=2026-05-01 00:00:00+00:00
[2026-05-01T13:47:30.515+0000] {logging_mixin.py:188} INFO - [2026-05-01T13:47:30.514+0000] {dag.py:3947} INFO - Setting next_dagrun for dataset_produces_2 to None, run_after=None
[2026-05-01T13:47:30.686+0000] {processor.py:183} INFO - Processing /home/airflow/.local/lib/python3.12/site-packages/airflow/example_dags/example_datasets.py took 1.045 seconds
[2026-05-01T13:48:01.716+0000] {processor.py:161} INFO - Started process (PID=656) to work on /home/airflow/.local/lib/python3.12/site-packages/airflow/example_dags/example_datasets.py
[2026-05-01T13:48:01.719+0000] {processor.py:830} INFO - Processing file /home/airflow/.local/lib/python3.12/site-packages/airflow/example_dags/example_datasets.py for tasks to queue
[2026-05-01T13:48:01.724+0000] {logging_mixin.py:188} INFO - [2026-05-01T13:48:01.723+0000] {dagbag.py:545} INFO - Filling up the DagBag from /home/airflow/.local/lib/python3.12/site-packages/airflow/example_dags/example_datasets.py
[2026-05-01T13:48:01.745+0000] {processor.py:840} INFO - DAG(s) 'dataset_produces_1', 'dataset_consumes_1_and_2', 'conditional_dataset_and_time_based_timetable', 'consume_1_or_2_with_dataset_expressions', 'consume_1_or_both_2_and_3_with_dataset_expressions', 'dataset_produces_2', 'dataset_consumes_1', 'dataset_consumes_1_never_scheduled', 'consume_1_and_2_with_dataset_expressions', 'dataset_consumes_unknown_never_scheduled' retrieved from /home/airflow/.local/lib/python3.12/site-packages/airflow/example_dags/example_datasets.py
[2026-05-01T13:48:01.818+0000] {logging_mixin.py:188} INFO - [2026-05-01T13:48:01.818+0000] {dag.py:3089} INFO - Sync 10 DAGs
[2026-05-01T13:48:01.863+0000] {logging_mixin.py:188} INFO - [2026-05-01T13:48:01.863+0000] {dag.py:3947} INFO - Setting next_dagrun for conditional_dataset_and_time_based_timetable to 2026-04-29 01:00:00+00:00, run_after=2026-04-29 01:00:00+00:00
[2026-05-01T13:48:01.870+0000] {logging_mixin.py:188} INFO - [2026-05-01T13:48:01.870+0000] {dag.py:3947} INFO - Setting next_dagrun for consume_1_and_2_with_dataset_expressions to None, run_after=None
[2026-05-01T13:48:01.874+0000] {logging_mixin.py:188} INFO - [2026-05-01T13:48:01.874+0000] {dag.py:3947} INFO - Setting next_dagrun for consume_1_or_2_with_dataset_expressions to None, run_after=None
[2026-05-01T13:48:01.879+0000] {logging_mixin.py:188} INFO - [2026-05-01T13:48:01.879+0000] {dag.py:3947} INFO - Setting next_dagrun for consume_1_or_both_2_and_3_with_dataset_expressions to None, run_after=None
[2026-05-01T13:48:01.887+0000] {logging_mixin.py:188} INFO - [2026-05-01T13:48:01.887+0000] {dag.py:3947} INFO - Setting next_dagrun for dataset_consumes_1 to None, run_after=None
[2026-05-01T13:48:01.890+0000] {logging_mixin.py:188} INFO - [2026-05-01T13:48:01.890+0000] {dag.py:3947} INFO - Setting next_dagrun for dataset_consumes_1_and_2 to None, run_after=None
[2026-05-01T13:48:01.899+0000] {logging_mixin.py:188} INFO - [2026-05-01T13:48:01.899+0000] {dag.py:3947} INFO - Setting next_dagrun for dataset_consumes_1_never_scheduled to None, run_after=None
[2026-05-01T13:48:01.903+0000] {logging_mixin.py:188} INFO - [2026-05-01T13:48:01.903+0000] {dag.py:3947} INFO - Setting next_dagrun for dataset_consumes_unknown_never_scheduled to None, run_after=None
[2026-05-01T13:48:01.908+0000] {logging_mixin.py:188} INFO - [2026-05-01T13:48:01.908+0000] {dag.py:3947} INFO - Setting next_dagrun for dataset_produces_1 to 2026-04-30 00:00:00+00:00, run_after=2026-05-01 00:00:00+00:00
[2026-05-01T13:48:01.912+0000] {logging_mixin.py:188} INFO - [2026-05-01T13:48:01.911+0000] {dag.py:3947} INFO - Setting next_dagrun for dataset_produces_2 to None, run_after=None
[2026-05-01T13:48:01.953+0000] {processor.py:183} INFO - Processing /home/airflow/.local/lib/python3.12/site-packages/airflow/example_dags/example_datasets.py took 0.253 seconds
[2026-05-01T13:48:32.255+0000] {processor.py:161} INFO - Started process (PID=713) to work on /home/airflow/.local/lib/python3.12/site-packages/airflow/example_dags/example_datasets.py
[2026-05-01T13:48:32.259+0000] {processor.py:830} INFO - Processing file /home/airflow/.local/lib/python3.12/site-packages/airflow/example_dags/example_datasets.py for tasks to queue
[2026-05-01T13:48:32.264+0000] {logging_mixin.py:188} INFO - [2026-05-01T13:48:32.264+0000] {dagbag.py:545} INFO - Filling up the DagBag from /home/airflow/.local/lib/python3.12/site-packages/airflow/example_dags/example_datasets.py
[2026-05-01T13:48:32.297+0000] {processor.py:840} INFO - DAG(s) 'dataset_consumes_1_never_scheduled', 'consume_1_or_both_2_and_3_with_dataset_expressions', 'dataset_consumes_1_and_2', 'consume_1_and_2_with_dataset_expressions', 'dataset_produces_2', 'consume_1_or_2_with_dataset_expressions', 'dataset_consumes_1', 'dataset_produces_1', 'conditional_dataset_and_time_based_timetable', 'dataset_consumes_unknown_never_scheduled' retrieved from /home/airflow/.local/lib/python3.12/site-packages/airflow/example_dags/example_datasets.py
[2026-05-01T13:48:32.364+0000] {logging_mixin.py:188} INFO - [2026-05-01T13:48:32.364+0000] {dag.py:3089} INFO - Sync 10 DAGs
[2026-05-01T13:48:32.394+0000] {logging_mixin.py:188} INFO - [2026-05-01T13:48:32.394+0000] {dag.py:3947} INFO - Setting next_dagrun for conditional_dataset_and_time_based_timetable to 2026-04-29 01:00:00+00:00, run_after=2026-04-29 01:00:00+00:00
[2026-05-01T13:48:32.402+0000] {logging_mixin.py:188} INFO - [2026-05-01T13:48:32.402+0000] {dag.py:3947} INFO - Setting next_dagrun for consume_1_and_2_with_dataset_expressions to None, run_after=None
[2026-05-01T13:48:32.405+0000] {logging_mixin.py:188} INFO - [2026-05-01T13:48:32.405+0000] {dag.py:3947} INFO - Setting next_dagrun for consume_1_or_2_with_dataset_expressions to None, run_after=None
[2026-05-01T13:48:32.408+0000] {logging_mixin.py:188} INFO - [2026-05-01T13:48:32.408+0000] {dag.py:3947} INFO - Setting next_dagrun for consume_1_or_both_2_and_3_with_dataset_expressions to None, run_after=None
[2026-05-01T13:48:32.411+0000] {logging_mixin.py:188} INFO - [2026-05-01T13:48:32.411+0000] {dag.py:3947} INFO - Setting next_dagrun for dataset_consumes_1 to None, run_after=None
[2026-05-01T13:48:32.415+0000] {logging_mixin.py:188} INFO - [2026-05-01T13:48:32.414+0000] {dag.py:3947} INFO - Setting next_dagrun for dataset_consumes_1_and_2 to None, run_after=None
[2026-05-01T13:48:32.418+0000] {logging_mixin.py:188} INFO - [2026-05-01T13:48:32.418+0000] {dag.py:3947} INFO - Setting next_dagrun for dataset_consumes_1_never_scheduled to None, run_after=None
[2026-05-01T13:48:32.421+0000] {logging_mixin.py:188} INFO - [2026-05-01T13:48:32.421+0000] {dag.py:3947} INFO - Setting next_dagrun for dataset_consumes_unknown_never_scheduled to None, run_after=None
[2026-05-01T13:48:32.427+0000] {logging_mixin.py:188} INFO - [2026-05-01T13:48:32.427+0000] {dag.py:3947} INFO - Setting next_dagrun for dataset_produces_1 to 2026-04-30 00:00:00+00:00, run_after=2026-05-01 00:00:00+00:00
[2026-05-01T13:48:32.431+0000] {logging_mixin.py:188} INFO - [2026-05-01T13:48:32.430+0000] {dag.py:3947} INFO - Setting next_dagrun for dataset_produces_2 to None, run_after=None
[2026-05-01T13:48:32.481+0000] {processor.py:183} INFO - Processing /home/airflow/.local/lib/python3.12/site-packages/airflow/example_dags/example_datasets.py took 0.237 seconds
[2026-05-01T13:49:02.887+0000] {processor.py:161} INFO - Started process (PID=771) to work on /home/airflow/.local/lib/python3.12/site-packages/airflow/example_dags/example_datasets.py
[2026-05-01T13:49:02.891+0000] {processor.py:830} INFO - Processing file /home/airflow/.local/lib/python3.12/site-packages/airflow/example_dags/example_datasets.py for tasks to queue
[2026-05-01T13:49:02.897+0000] {logging_mixin.py:188} INFO - [2026-05-01T13:49:02.896+0000] {dagbag.py:545} INFO - Filling up the DagBag from /home/airflow/.local/lib/python3.12/site-packages/airflow/example_dags/example_datasets.py
[2026-05-01T13:49:02.936+0000] {processor.py:840} INFO - DAG(s) 'consume_1_and_2_with_dataset_expressions', 'dataset_consumes_1_and_2', 'dataset_produces_1', 'dataset_consumes_1_never_scheduled', 'dataset_consumes_1', 'consume_1_or_2_with_dataset_expressions', 'dataset_consumes_unknown_never_scheduled', 'conditional_dataset_and_time_based_timetable', 'dataset_produces_2', 'consume_1_or_both_2_and_3_with_dataset_expressions' retrieved from /home/airflow/.local/lib/python3.12/site-packages/airflow/example_dags/example_datasets.py
[2026-05-01T13:49:03.066+0000] {logging_mixin.py:188} INFO - [2026-05-01T13:49:03.066+0000] {dag.py:3089} INFO - Sync 10 DAGs
[2026-05-01T13:49:03.114+0000] {logging_mixin.py:188} INFO - [2026-05-01T13:49:03.114+0000] {dag.py:3947} INFO - Setting next_dagrun for conditional_dataset_and_time_based_timetable to 2026-04-29 01:00:00+00:00, run_after=2026-04-29 01:00:00+00:00
[2026-05-01T13:49:03.125+0000] {logging_mixin.py:188} INFO - [2026-05-01T13:49:03.125+0000] {dag.py:3947} INFO - Setting next_dagrun for consume_1_and_2_with_dataset_expressions to None, run_after=None
[2026-05-01T13:49:03.128+0000] {logging_mixin.py:188} INFO - [2026-05-01T13:49:03.128+0000] {dag.py:3947} INFO - Setting next_dagrun for consume_1_or_2_with_dataset_expressions to None, run_after=None
[2026-05-01T13:49:03.132+0000] {logging_mixin.py:188} INFO - [2026-05-01T13:49:03.131+0000] {dag.py:3947} INFO - Setting next_dagrun for consume_1_or_both_2_and_3_with_dataset_expressions to None, run_after=None
[2026-05-01T13:49:03.134+0000] {logging_mixin.py:188} INFO - [2026-05-01T13:49:03.134+0000] {dag.py:3947} INFO - Setting next_dagrun for dataset_consumes_1 to None, run_after=None
[2026-05-01T13:49:03.140+0000] {logging_mixin.py:188} INFO - [2026-05-01T13:49:03.139+0000] {dag.py:3947} INFO - Setting next_dagrun for dataset_consumes_1_and_2 to None, run_after=None
[2026-05-01T13:49:03.144+0000] {logging_mixin.py:188} INFO - [2026-05-01T13:49:03.143+0000] {dag.py:3947} INFO - Setting next_dagrun for dataset_consumes_1_never_scheduled to None, run_after=None
[2026-05-01T13:49:03.150+0000] {logging_mixin.py:188} INFO - [2026-05-01T13:49:03.149+0000] {dag.py:3947} INFO - Setting next_dagrun for dataset_consumes_unknown_never_scheduled to None, run_after=None
[2026-05-01T13:49:03.157+0000] {logging_mixin.py:188} INFO - [2026-05-01T13:49:03.157+0000] {dag.py:3947} INFO - Setting next_dagrun for dataset_produces_1 to 2026-04-30 00:00:00+00:00, run_after=2026-05-01 00:00:00+00:00
[2026-05-01T13:49:03.161+0000] {logging_mixin.py:188} INFO - [2026-05-01T13:49:03.160+0000] {dag.py:3947} INFO - Setting next_dagrun for dataset_produces_2 to None, run_after=None
[2026-05-01T13:49:03.217+0000] {processor.py:183} INFO - Processing /home/airflow/.local/lib/python3.12/site-packages/airflow/example_dags/example_datasets.py took 0.343 seconds
[2026-05-01T13:49:33.369+0000] {processor.py:161} INFO - Started process (PID=829) to work on /home/airflow/.local/lib/python3.12/site-packages/airflow/example_dags/example_datasets.py
[2026-05-01T13:49:33.375+0000] {processor.py:830} INFO - Processing file /home/airflow/.local/lib/python3.12/site-packages/airflow/example_dags/example_datasets.py for tasks to queue
[2026-05-01T13:49:33.383+0000] {logging_mixin.py:188} INFO - [2026-05-01T13:49:33.382+0000] {dagbag.py:545} INFO - Filling up the DagBag from /home/airflow/.local/lib/python3.12/site-packages/airflow/example_dags/example_datasets.py
[2026-05-01T13:49:33.413+0000] {processor.py:840} INFO - DAG(s) 'consume_1_or_both_2_and_3_with_dataset_expressions', 'dataset_consumes_unknown_never_scheduled', 'consume_1_and_2_with_dataset_expressions', 'dataset_consumes_1', 'dataset_consumes_1_and_2', 'conditional_dataset_and_time_based_timetable', 'dataset_consumes_1_never_scheduled', 'consume_1_or_2_with_dataset_expressions', 'dataset_produces_1', 'dataset_produces_2' retrieved from /home/airflow/.local/lib/python3.12/site-packages/airflow/example_dags/example_datasets.py
[2026-05-01T13:49:33.536+0000] {logging_mixin.py:188} INFO - [2026-05-01T13:49:33.535+0000] {dag.py:3089} INFO - Sync 10 DAGs
[2026-05-01T13:49:33.582+0000] {logging_mixin.py:188} INFO - [2026-05-01T13:49:33.582+0000] {dag.py:3947} INFO - Setting next_dagrun for conditional_dataset_and_time_based_timetable to 2026-04-29 01:00:00+00:00, run_after=2026-04-29 01:00:00+00:00
[2026-05-01T13:49:33.599+0000] {logging_mixin.py:188} INFO - [2026-05-01T13:49:33.599+0000] {dag.py:3947} INFO - Setting next_dagrun for consume_1_and_2_with_dataset_expressions to None, run_after=None
[2026-05-01T13:49:33.603+0000] {logging_mixin.py:188} INFO - [2026-05-01T13:49:33.602+0000] {dag.py:3947} INFO - Setting next_dagrun for consume_1_or_2_with_dataset_expressions to None, run_after=None
[2026-05-01T13:49:33.609+0000] {logging_mixin.py:188} INFO - [2026-05-01T13:49:33.608+0000] {dag.py:3947} INFO - Setting next_dagrun for consume_1_or_both_2_and_3_with_dataset_expressions to None, run_after=None
[2026-05-01T13:49:33.612+0000] {logging_mixin.py:188} INFO - [2026-05-01T13:49:33.612+0000] {dag.py:3947} INFO - Setting next_dagrun for dataset_consumes_1 to None, run_after=None
[2026-05-01T13:49:33.616+0000] {logging_mixin.py:188} INFO - [2026-05-01T13:49:33.616+0000] {dag.py:3947} INFO - Setting next_dagrun for dataset_consumes_1_and_2 to None, run_after=None
[2026-05-01T13:49:33.620+0000] {logging_mixin.py:188} INFO - [2026-05-01T13:49:33.620+0000] {dag.py:3947} INFO - Setting next_dagrun for dataset_consumes_1_never_scheduled to None, run_after=None
[2026-05-01T13:49:33.626+0000] {logging_mixin.py:188} INFO - [2026-05-01T13:49:33.626+0000] {dag.py:3947} INFO - Setting next_dagrun for dataset_consumes_unknown_never_scheduled to None, run_after=None
[2026-05-01T13:49:33.635+0000] {logging_mixin.py:188} INFO - [2026-05-01T13:49:33.634+0000] {dag.py:3947} INFO - Setting next_dagrun for dataset_produces_1 to 2026-04-30 00:00:00+00:00, run_after=2026-05-01 00:00:00+00:00
[2026-05-01T13:49:33.644+0000] {logging_mixin.py:188} INFO - [2026-05-01T13:49:33.643+0000] {dag.py:3947} INFO - Setting next_dagrun for dataset_produces_2 to None, run_after=None
[2026-05-01T13:49:33.711+0000] {processor.py:183} INFO - Processing /home/airflow/.local/lib/python3.12/site-packages/airflow/example_dags/example_datasets.py took 0.362 seconds
[2026-05-01T13:50:03.866+0000] {processor.py:161} INFO - Started process (PID=886) to work on /home/airflow/.local/lib/python3.12/site-packages/airflow/example_dags/example_datasets.py
[2026-05-01T13:50:03.875+0000] {processor.py:830} INFO - Processing file /home/airflow/.local/lib/python3.12/site-packages/airflow/example_dags/example_datasets.py for tasks to queue
[2026-05-01T13:50:03.887+0000] {logging_mixin.py:188} INFO - [2026-05-01T13:50:03.886+0000] {dagbag.py:545} INFO - Filling up the DagBag from /home/airflow/.local/lib/python3.12/site-packages/airflow/example_dags/example_datasets.py
[2026-05-01T13:50:03.974+0000] {processor.py:840} INFO - DAG(s) 'dataset_produces_1', 'dataset_consumes_1_never_scheduled', 'dataset_consumes_1', 'dataset_consumes_unknown_never_scheduled', 'conditional_dataset_and_time_based_timetable', 'dataset_produces_2', 'consume_1_or_2_with_dataset_expressions', 'consume_1_or_both_2_and_3_with_dataset_expressions', 'dataset_consumes_1_and_2', 'consume_1_and_2_with_dataset_expressions' retrieved from /home/airflow/.local/lib/python3.12/site-packages/airflow/example_dags/example_datasets.py
[2026-05-01T13:50:04.072+0000] {logging_mixin.py:188} INFO - [2026-05-01T13:50:04.071+0000] {dag.py:3089} INFO - Sync 10 DAGs
[2026-05-01T13:50:04.114+0000] {logging_mixin.py:188} INFO - [2026-05-01T13:50:04.113+0000] {dag.py:3947} INFO - Setting next_dagrun for conditional_dataset_and_time_based_timetable to 2026-04-29 01:00:00+00:00, run_after=2026-04-29 01:00:00+00:00
[2026-05-01T13:50:04.122+0000] {logging_mixin.py:188} INFO - [2026-05-01T13:50:04.122+0000] {dag.py:3947} INFO - Setting next_dagrun for consume_1_and_2_with_dataset_expressions to None, run_after=None
[2026-05-01T13:50:04.127+0000] {logging_mixin.py:188} INFO - [2026-05-01T13:50:04.126+0000] {dag.py:3947} INFO - Setting next_dagrun for consume_1_or_2_with_dataset_expressions to None, run_after=None
[2026-05-01T13:50:04.130+0000] {logging_mixin.py:188} INFO - [2026-05-01T13:50:04.129+0000] {dag.py:3947} INFO - Setting next_dagrun for consume_1_or_both_2_and_3_with_dataset_expressions to None, run_after=None
[2026-05-01T13:50:04.137+0000] {logging_mixin.py:188} INFO - [2026-05-01T13:50:04.137+0000] {dag.py:3947} INFO - Setting next_dagrun for dataset_consumes_1 to None, run_after=None
[2026-05-01T13:50:04.142+0000] {logging_mixin.py:188} INFO - [2026-05-01T13:50:04.142+0000] {dag.py:3947} INFO - Setting next_dagrun for dataset_consumes_1_and_2 to None, run_after=None
[2026-05-01T13:50:04.145+0000] {logging_mixin.py:188} INFO - [2026-05-01T13:50:04.145+0000] {dag.py:3947} INFO - Setting next_dagrun for dataset_consumes_1_never_scheduled to None, run_after=None
[2026-05-01T13:50:04.155+0000] {logging_mixin.py:188} INFO - [2026-05-01T13:50:04.155+0000] {dag.py:3947} INFO - Setting next_dagrun for dataset_consumes_unknown_never_scheduled to None, run_after=None
[2026-05-01T13:50:04.171+0000] {logging_mixin.py:188} INFO - [2026-05-01T13:50:04.171+0000] {dag.py:3947} INFO - Setting next_dagrun for dataset_produces_1 to 2026-04-30 00:00:00+00:00, run_after=2026-05-01 00:00:00+00:00
[2026-05-01T13:50:04.178+0000] {logging_mixin.py:188} INFO - [2026-05-01T13:50:04.178+0000] {dag.py:3947} INFO - Setting next_dagrun for dataset_produces_2 to None, run_after=None
[2026-05-01T13:50:04.322+0000] {processor.py:183} INFO - Processing /home/airflow/.local/lib/python3.12/site-packages/airflow/example_dags/example_datasets.py took 0.497 seconds
[2026-05-01T13:50:35.323+0000] {processor.py:161} INFO - Started process (PID=944) to work on /home/airflow/.local/lib/python3.12/site-packages/airflow/example_dags/example_datasets.py
[2026-05-01T13:50:35.326+0000] {processor.py:830} INFO - Processing file /home/airflow/.local/lib/python3.12/site-packages/airflow/example_dags/example_datasets.py for tasks to queue
[2026-05-01T13:50:35.332+0000] {logging_mixin.py:188} INFO - [2026-05-01T13:50:35.331+0000] {dagbag.py:545} INFO - Filling up the DagBag from /home/airflow/.local/lib/python3.12/site-packages/airflow/example_dags/example_datasets.py
[2026-05-01T13:50:35.352+0000] {processor.py:840} INFO - DAG(s) 'consume_1_and_2_with_dataset_expressions', 'dataset_consumes_1_and_2', 'dataset_produces_2', 'consume_1_or_both_2_and_3_with_dataset_expressions', 'dataset_consumes_1_never_scheduled', 'dataset_produces_1', 'dataset_consumes_unknown_never_scheduled', 'conditional_dataset_and_time_based_timetable', 'consume_1_or_2_with_dataset_expressions', 'dataset_consumes_1' retrieved from /home/airflow/.local/lib/python3.12/site-packages/airflow/example_dags/example_datasets.py
[2026-05-01T13:50:35.420+0000] {logging_mixin.py:188} INFO - [2026-05-01T13:50:35.419+0000] {dag.py:3089} INFO - Sync 10 DAGs
[2026-05-01T13:50:35.455+0000] {logging_mixin.py:188} INFO - [2026-05-01T13:50:35.454+0000] {dag.py:3947} INFO - Setting next_dagrun for conditional_dataset_and_time_based_timetable to 2026-04-29 01:00:00+00:00, run_after=2026-04-29 01:00:00+00:00
[2026-05-01T13:50:35.461+0000] {logging_mixin.py:188} INFO - [2026-05-01T13:50:35.461+0000] {dag.py:3947} INFO - Setting next_dagrun for consume_1_and_2_with_dataset_expressions to None, run_after=None
[2026-05-01T13:50:35.465+0000] {logging_mixin.py:188} INFO - [2026-05-01T13:50:35.465+0000] {dag.py:3947} INFO - Setting next_dagrun for consume_1_or_2_with_dataset_expressions to None, run_after=None
[2026-05-01T13:50:35.468+0000] {logging_mixin.py:188} INFO - [2026-05-01T13:50:35.468+0000] {dag.py:3947} INFO - Setting next_dagrun for consume_1_or_both_2_and_3_with_dataset_expressions to None, run_after=None
[2026-05-01T13:50:35.472+0000] {logging_mixin.py:188} INFO - [2026-05-01T13:50:35.472+0000] {dag.py:3947} INFO - Setting next_dagrun for dataset_consumes_1 to None, run_after=None
[2026-05-01T13:50:35.475+0000] {logging_mixin.py:188} INFO - [2026-05-01T13:50:35.475+0000] {dag.py:3947} INFO - Setting next_dagrun for dataset_consumes_1_and_2 to None, run_after=None
[2026-05-01T13:50:35.479+0000] {logging_mixin.py:188} INFO - [2026-05-01T13:50:35.478+0000] {dag.py:3947} INFO - Setting next_dagrun for dataset_consumes_1_never_scheduled to None, run_after=None
[2026-05-01T13:50:35.482+0000] {logging_mixin.py:188} INFO - [2026-05-01T13:50:35.482+0000] {dag.py:3947} INFO - Setting next_dagrun for dataset_consumes_unknown_never_scheduled to None, run_after=None
[2026-05-01T13:50:35.487+0000] {logging_mixin.py:188} INFO - [2026-05-01T13:50:35.487+0000] {dag.py:3947} INFO - Setting next_dagrun for dataset_produces_1 to 2026-04-30 00:00:00+00:00, run_after=2026-05-01 00:00:00+00:00
[2026-05-01T13:50:35.491+0000] {logging_mixin.py:188} INFO - [2026-05-01T13:50:35.490+0000] {dag.py:3947} INFO - Setting next_dagrun for dataset_produces_2 to None, run_after=None
[2026-05-01T13:50:35.540+0000] {processor.py:183} INFO - Processing /home/airflow/.local/lib/python3.12/site-packages/airflow/example_dags/example_datasets.py took 0.228 seconds
[2026-05-01T13:51:05.819+0000] {processor.py:161} INFO - Started process (PID=1001) to work on /home/airflow/.local/lib/python3.12/site-packages/airflow/example_dags/example_datasets.py
[2026-05-01T13:51:05.825+0000] {processor.py:830} INFO - Processing file /home/airflow/.local/lib/python3.12/site-packages/airflow/example_dags/example_datasets.py for tasks to queue
[2026-05-01T13:51:05.837+0000] {logging_mixin.py:188} INFO - [2026-05-01T13:51:05.836+0000] {dagbag.py:545} INFO - Filling up the DagBag from /home/airflow/.local/lib/python3.12/site-packages/airflow/example_dags/example_datasets.py
[2026-05-01T13:51:05.887+0000] {processor.py:840} INFO - DAG(s) 'conditional_dataset_and_time_based_timetable', 'dataset_consumes_1_never_scheduled', 'consume_1_or_both_2_and_3_with_dataset_expressions', 'dataset_consumes_1_and_2', 'dataset_consumes_unknown_never_scheduled', 'consume_1_or_2_with_dataset_expressions', 'dataset_produces_1', 'dataset_consumes_1', 'consume_1_and_2_with_dataset_expressions', 'dataset_produces_2' retrieved from /home/airflow/.local/lib/python3.12/site-packages/airflow/example_dags/example_datasets.py
[2026-05-01T13:51:06.128+0000] {logging_mixin.py:188} INFO - [2026-05-01T13:51:06.127+0000] {dag.py:3089} INFO - Sync 10 DAGs
[2026-05-01T13:51:06.319+0000] {logging_mixin.py:188} INFO - [2026-05-01T13:51:06.307+0000] {dag.py:3947} INFO - Setting next_dagrun for conditional_dataset_and_time_based_timetable to 2026-04-29 01:00:00+00:00, run_after=2026-04-29 01:00:00+00:00
[2026-05-01T13:51:06.359+0000] {logging_mixin.py:188} INFO - [2026-05-01T13:51:06.359+0000] {dag.py:3947} INFO - Setting next_dagrun for consume_1_and_2_with_dataset_expressions to None, run_after=None
[2026-05-01T13:51:06.370+0000] {logging_mixin.py:188} INFO - [2026-05-01T13:51:06.370+0000] {dag.py:3947} INFO - Setting next_dagrun for consume_1_or_2_with_dataset_expressions to None, run_after=None
[2026-05-01T13:51:06.378+0000] {logging_mixin.py:188} INFO - [2026-05-01T13:51:06.378+0000] {dag.py:3947} INFO - Setting next_dagrun for consume_1_or_both_2_and_3_with_dataset_expressions to None, run_after=None
[2026-05-01T13:51:06.383+0000] {logging_mixin.py:188} INFO - [2026-05-01T13:51:06.381+0000] {dag.py:3947} INFO - Setting next_dagrun for dataset_consumes_1 to None, run_after=None
[2026-05-01T13:51:06.393+0000] {logging_mixin.py:188} INFO - [2026-05-01T13:51:06.393+0000] {dag.py:3947} INFO - Setting next_dagrun for dataset_consumes_1_and_2 to None, run_after=None
[2026-05-01T13:51:06.401+0000] {logging_mixin.py:188} INFO - [2026-05-01T13:51:06.401+0000] {dag.py:3947} INFO - Setting next_dagrun for dataset_consumes_1_never_scheduled to None, run_after=None
[2026-05-01T13:51:06.404+0000] {logging_mixin.py:188} INFO - [2026-05-01T13:51:06.404+0000] {dag.py:3947} INFO - Setting next_dagrun for dataset_consumes_unknown_never_scheduled to None, run_after=None
[2026-05-01T13:51:06.413+0000] {logging_mixin.py:188} INFO - [2026-05-01T13:51:06.413+0000] {dag.py:3947} INFO - Setting next_dagrun for dataset_produces_1 to 2026-04-30 00:00:00+00:00, run_after=2026-05-01 00:00:00+00:00
[2026-05-01T13:51:06.420+0000] {logging_mixin.py:188} INFO - [2026-05-01T13:51:06.420+0000] {dag.py:3947} INFO - Setting next_dagrun for dataset_produces_2 to None, run_after=None
[2026-05-01T13:51:06.510+0000] {processor.py:183} INFO - Processing /home/airflow/.local/lib/python3.12/site-packages/airflow/example_dags/example_datasets.py took 0.719 seconds
[2026-05-01T13:51:37.058+0000] {processor.py:161} INFO - Started process (PID=1059) to work on /home/airflow/.local/lib/python3.12/site-packages/airflow/example_dags/example_datasets.py
[2026-05-01T13:51:37.072+0000] {processor.py:830} INFO - Processing file /home/airflow/.local/lib/python3.12/site-packages/airflow/example_dags/example_datasets.py for tasks to queue
[2026-05-01T13:51:37.084+0000] {logging_mixin.py:188} INFO - [2026-05-01T13:51:37.083+0000] {dagbag.py:545} INFO - Filling up the DagBag from /home/airflow/.local/lib/python3.12/site-packages/airflow/example_dags/example_datasets.py
[2026-05-01T13:51:37.169+0000] {processor.py:840} INFO - DAG(s) 'dataset_consumes_1_and_2', 'consume_1_and_2_with_dataset_expressions', 'dataset_produces_1', 'consume_1_or_2_with_dataset_expressions', 'conditional_dataset_and_time_based_timetable', 'dataset_consumes_1', 'dataset_consumes_unknown_never_scheduled', 'dataset_consumes_1_never_scheduled', 'dataset_produces_2', 'consume_1_or_both_2_and_3_with_dataset_expressions' retrieved from /home/airflow/.local/lib/python3.12/site-packages/airflow/example_dags/example_datasets.py
[2026-05-01T13:51:37.348+0000] {logging_mixin.py:188} INFO - [2026-05-01T13:51:37.347+0000] {dag.py:3089} INFO - Sync 10 DAGs
[2026-05-01T13:51:37.416+0000] {logging_mixin.py:188} INFO - [2026-05-01T13:51:37.415+0000] {dag.py:3947} INFO - Setting next_dagrun for conditional_dataset_and_time_based_timetable to 2026-04-29 01:00:00+00:00, run_after=2026-04-29 01:00:00+00:00
[2026-05-01T13:51:37.425+0000] {logging_mixin.py:188} INFO - [2026-05-01T13:51:37.424+0000] {dag.py:3947} INFO - Setting next_dagrun for consume_1_and_2_with_dataset_expressions to None, run_after=None
[2026-05-01T13:51:37.430+0000] {logging_mixin.py:188} INFO - [2026-05-01T13:51:37.430+0000] {dag.py:3947} INFO - Setting next_dagrun for consume_1_or_2_with_dataset_expressions to None, run_after=None
[2026-05-01T13:51:37.435+0000] {logging_mixin.py:188} INFO - [2026-05-01T13:51:37.434+0000] {dag.py:3947} INFO - Setting next_dagrun for consume_1_or_both_2_and_3_with_dataset_expressions to None, run_after=None
[2026-05-01T13:51:37.439+0000] {logging_mixin.py:188} INFO - [2026-05-01T13:51:37.438+0000] {dag.py:3947} INFO - Setting next_dagrun for dataset_consumes_1 to None, run_after=None
[2026-05-01T13:51:37.443+0000] {logging_mixin.py:188} INFO - [2026-05-01T13:51:37.442+0000] {dag.py:3947} INFO - Setting next_dagrun for dataset_consumes_1_and_2 to None, run_after=None
[2026-05-01T13:51:37.448+0000] {logging_mixin.py:188} INFO - [2026-05-01T13:51:37.448+0000] {dag.py:3947} INFO - Setting next_dagrun for dataset_consumes_1_never_scheduled to None, run_after=None
[2026-05-01T13:51:37.453+0000] {logging_mixin.py:188} INFO - [2026-05-01T13:51:37.453+0000] {dag.py:3947} INFO - Setting next_dagrun for dataset_consumes_unknown_never_scheduled to None, run_after=None
[2026-05-01T13:51:37.459+0000] {logging_mixin.py:188} INFO - [2026-05-01T13:51:37.458+0000] {dag.py:3947} INFO - Setting next_dagrun for dataset_produces_1 to 2026-04-30 00:00:00+00:00, run_after=2026-05-01 00:00:00+00:00
[2026-05-01T13:51:37.466+0000] {logging_mixin.py:188} INFO - [2026-05-01T13:51:37.465+0000] {dag.py:3947} INFO - Setting next_dagrun for dataset_produces_2 to None, run_after=None
[2026-05-01T13:51:37.536+0000] {processor.py:183} INFO - Processing /home/airflow/.local/lib/python3.12/site-packages/airflow/example_dags/example_datasets.py took 0.511 seconds
[2026-05-01T13:52:07.715+0000] {processor.py:161} INFO - Started process (PID=1117) to work on /home/airflow/.local/lib/python3.12/site-packages/airflow/example_dags/example_datasets.py
[2026-05-01T13:52:07.730+0000] {processor.py:830} INFO - Processing file /home/airflow/.local/lib/python3.12/site-packages/airflow/example_dags/example_datasets.py for tasks to queue
[2026-05-01T13:52:07.735+0000] {logging_mixin.py:188} INFO - [2026-05-01T13:52:07.734+0000] {dagbag.py:545} INFO - Filling up the DagBag from /home/airflow/.local/lib/python3.12/site-packages/airflow/example_dags/example_datasets.py
[2026-05-01T13:52:07.784+0000] {processor.py:840} INFO - DAG(s) 'consume_1_and_2_with_dataset_expressions', 'dataset_consumes_unknown_never_scheduled', 'conditional_dataset_and_time_based_timetable', 'dataset_produces_2', 'dataset_consumes_1_never_scheduled', 'consume_1_or_both_2_and_3_with_dataset_expressions', 'dataset_consumes_1', 'dataset_produces_1', 'dataset_consumes_1_and_2', 'consume_1_or_2_with_dataset_expressions' retrieved from /home/airflow/.local/lib/python3.12/site-packages/airflow/example_dags/example_datasets.py
[2026-05-01T13:52:07.956+0000] {logging_mixin.py:188} INFO - [2026-05-01T13:52:07.955+0000] {dag.py:3089} INFO - Sync 10 DAGs
[2026-05-01T13:52:08.016+0000] {logging_mixin.py:188} INFO - [2026-05-01T13:52:08.013+0000] {dag.py:3947} INFO - Setting next_dagrun for conditional_dataset_and_time_based_timetable to 2026-04-29 01:00:00+00:00, run_after=2026-04-29 01:00:00+00:00
[2026-05-01T13:52:08.035+0000] {logging_mixin.py:188} INFO - [2026-05-01T13:52:08.035+0000] {dag.py:3947} INFO - Setting next_dagrun for consume_1_and_2_with_dataset_expressions to None, run_after=None
[2026-05-01T13:52:08.041+0000] {logging_mixin.py:188} INFO - [2026-05-01T13:52:08.040+0000] {dag.py:3947} INFO - Setting next_dagrun for consume_1_or_2_with_dataset_expressions to None, run_after=None
[2026-05-01T13:52:08.046+0000] {logging_mixin.py:188} INFO - [2026-05-01T13:52:08.046+0000] {dag.py:3947} INFO - Setting next_dagrun for consume_1_or_both_2_and_3_with_dataset_expressions to None, run_after=None
[2026-05-01T13:52:08.049+0000] {logging_mixin.py:188} INFO - [2026-05-01T13:52:08.049+0000] {dag.py:3947} INFO - Setting next_dagrun for dataset_consumes_1 to None, run_after=None
[2026-05-01T13:52:08.062+0000] {logging_mixin.py:188} INFO - [2026-05-01T13:52:08.060+0000] {dag.py:3947} INFO - Setting next_dagrun for dataset_consumes_1_and_2 to None, run_after=None
[2026-05-01T13:52:08.069+0000] {logging_mixin.py:188} INFO - [2026-05-01T13:52:08.068+0000] {dag.py:3947} INFO - Setting next_dagrun for dataset_consumes_1_never_scheduled to None, run_after=None
[2026-05-01T13:52:08.075+0000] {logging_mixin.py:188} INFO - [2026-05-01T13:52:08.073+0000] {dag.py:3947} INFO - Setting next_dagrun for dataset_consumes_unknown_never_scheduled to None, run_after=None
[2026-05-01T13:52:08.084+0000] {logging_mixin.py:188} INFO - [2026-05-01T13:52:08.083+0000] {dag.py:3947} INFO - Setting next_dagrun for dataset_produces_1 to 2026-04-30 00:00:00+00:00, run_after=2026-05-01 00:00:00+00:00
[2026-05-01T13:52:08.092+0000] {logging_mixin.py:188} INFO - [2026-05-01T13:52:08.092+0000] {dag.py:3947} INFO - Setting next_dagrun for dataset_produces_2 to None, run_after=None
[2026-05-01T13:52:08.197+0000] {processor.py:183} INFO - Processing /home/airflow/.local/lib/python3.12/site-packages/airflow/example_dags/example_datasets.py took 0.498 seconds
[2026-05-01T13:52:38.864+0000] {processor.py:161} INFO - Started process (PID=1175) to work on /home/airflow/.local/lib/python3.12/site-packages/airflow/example_dags/example_datasets.py
[2026-05-01T13:52:38.868+0000] {processor.py:830} INFO - Processing file /home/airflow/.local/lib/python3.12/site-packages/airflow/example_dags/example_datasets.py for tasks to queue
[2026-05-01T13:52:38.878+0000] {logging_mixin.py:188} INFO - [2026-05-01T13:52:38.877+0000] {dagbag.py:545} INFO - Filling up the DagBag from /home/airflow/.local/lib/python3.12/site-packages/airflow/example_dags/example_datasets.py
[2026-05-01T13:52:38.984+0000] {processor.py:840} INFO - DAG(s) 'dataset_consumes_unknown_never_scheduled', 'consume_1_and_2_with_dataset_expressions', 'dataset_consumes_1_never_scheduled', 'dataset_consumes_1_and_2', 'consume_1_or_both_2_and_3_with_dataset_expressions', 'dataset_produces_1', 'dataset_produces_2', 'dataset_consumes_1', 'consume_1_or_2_with_dataset_expressions', 'conditional_dataset_and_time_based_timetable' retrieved from /home/airflow/.local/lib/python3.12/site-packages/airflow/example_dags/example_datasets.py
[2026-05-01T13:52:39.101+0000] {logging_mixin.py:188} INFO - [2026-05-01T13:52:39.100+0000] {dag.py:3089} INFO - Sync 10 DAGs
[2026-05-01T13:52:39.168+0000] {logging_mixin.py:188} INFO - [2026-05-01T13:52:39.168+0000] {dag.py:3947} INFO - Setting next_dagrun for conditional_dataset_and_time_based_timetable to 2026-04-29 01:00:00+00:00, run_after=2026-04-29 01:00:00+00:00
[2026-05-01T13:52:39.176+0000] {logging_mixin.py:188} INFO - [2026-05-01T13:52:39.175+0000] {dag.py:3947} INFO - Setting next_dagrun for consume_1_and_2_with_dataset_expressions to None, run_after=None
[2026-05-01T13:52:39.180+0000] {logging_mixin.py:188} INFO - [2026-05-01T13:52:39.179+0000] {dag.py:3947} INFO - Setting next_dagrun for consume_1_or_2_with_dataset_expressions to None, run_after=None
[2026-05-01T13:52:39.184+0000] {logging_mixin.py:188} INFO - [2026-05-01T13:52:39.183+0000] {dag.py:3947} INFO - Setting next_dagrun for consume_1_or_both_2_and_3_with_dataset_expressions to None, run_after=None
[2026-05-01T13:52:39.187+0000] {logging_mixin.py:188} INFO - [2026-05-01T13:52:39.187+0000] {dag.py:3947} INFO - Setting next_dagrun for dataset_consumes_1 to None, run_after=None
[2026-05-01T13:52:39.190+0000] {logging_mixin.py:188} INFO - [2026-05-01T13:52:39.190+0000] {dag.py:3947} INFO - Setting next_dagrun for dataset_consumes_1_and_2 to None, run_after=None
[2026-05-01T13:52:39.194+0000] {logging_mixin.py:188} INFO - [2026-05-01T13:52:39.193+0000] {dag.py:3947} INFO - Setting next_dagrun for dataset_consumes_1_never_scheduled to None, run_after=None
[2026-05-01T13:52:39.198+0000] {logging_mixin.py:188} INFO - [2026-05-01T13:52:39.198+0000] {dag.py:3947} INFO - Setting next_dagrun for dataset_consumes_unknown_never_scheduled to None, run_after=None
[2026-05-01T13:52:39.205+0000] {logging_mixin.py:188} INFO - [2026-05-01T13:52:39.204+0000] {dag.py:3947} INFO - Setting next_dagrun for dataset_produces_1 to 2026-04-30 00:00:00+00:00, run_after=2026-05-01 00:00:00+00:00
[2026-05-01T13:52:39.208+0000] {logging_mixin.py:188} INFO - [2026-05-01T13:52:39.208+0000] {dag.py:3947} INFO - Setting next_dagrun for dataset_produces_2 to None, run_after=None
[2026-05-01T13:52:39.259+0000] {processor.py:183} INFO - Processing /home/airflow/.local/lib/python3.12/site-packages/airflow/example_dags/example_datasets.py took 0.425 seconds
[2026-05-01T13:53:09.674+0000] {processor.py:161} INFO - Started process (PID=1233) to work on /home/airflow/.local/lib/python3.12/site-packages/airflow/example_dags/example_datasets.py
[2026-05-01T13:53:09.680+0000] {processor.py:830} INFO - Processing file /home/airflow/.local/lib/python3.12/site-packages/airflow/example_dags/example_datasets.py for tasks to queue
[2026-05-01T13:53:09.687+0000] {logging_mixin.py:188} INFO - [2026-05-01T13:53:09.686+0000] {dagbag.py:545} INFO - Filling up the DagBag from /home/airflow/.local/lib/python3.12/site-packages/airflow/example_dags/example_datasets.py
[2026-05-01T13:53:09.729+0000] {processor.py:840} INFO - DAG(s) 'dataset_consumes_1_and_2', 'consume_1_and_2_with_dataset_expressions', 'dataset_consumes_unknown_never_scheduled', 'dataset_produces_1', 'dataset_produces_2', 'conditional_dataset_and_time_based_timetable', 'consume_1_or_2_with_dataset_expressions', 'dataset_consumes_1', 'dataset_consumes_1_never_scheduled', 'consume_1_or_both_2_and_3_with_dataset_expressions' retrieved from /home/airflow/.local/lib/python3.12/site-packages/airflow/example_dags/example_datasets.py
[2026-05-01T13:53:09.910+0000] {logging_mixin.py:188} INFO - [2026-05-01T13:53:09.910+0000] {dag.py:3089} INFO - Sync 10 DAGs
[2026-05-01T13:53:09.989+0000] {logging_mixin.py:188} INFO - [2026-05-01T13:53:09.987+0000] {dag.py:3947} INFO - Setting next_dagrun for conditional_dataset_and_time_based_timetable to 2026-04-29 01:00:00+00:00, run_after=2026-04-29 01:00:00+00:00
[2026-05-01T13:53:10.003+0000] {logging_mixin.py:188} INFO - [2026-05-01T13:53:10.002+0000] {dag.py:3947} INFO - Setting next_dagrun for consume_1_and_2_with_dataset_expressions to None, run_after=None
[2026-05-01T13:53:10.009+0000] {logging_mixin.py:188} INFO - [2026-05-01T13:53:10.008+0000] {dag.py:3947} INFO - Setting next_dagrun for consume_1_or_2_with_dataset_expressions to None, run_after=None
[2026-05-01T13:53:10.015+0000] {logging_mixin.py:188} INFO - [2026-05-01T13:53:10.014+0000] {dag.py:3947} INFO - Setting next_dagrun for consume_1_or_both_2_and_3_with_dataset_expressions to None, run_after=None
[2026-05-01T13:53:10.022+0000] {logging_mixin.py:188} INFO - [2026-05-01T13:53:10.021+0000] {dag.py:3947} INFO - Setting next_dagrun for dataset_consumes_1 to None, run_after=None
[2026-05-01T13:53:10.033+0000] {logging_mixin.py:188} INFO - [2026-05-01T13:53:10.032+0000] {dag.py:3947} INFO - Setting next_dagrun for dataset_consumes_1_and_2 to None, run_after=None
[2026-05-01T13:53:10.041+0000] {logging_mixin.py:188} INFO - [2026-05-01T13:53:10.039+0000] {dag.py:3947} INFO - Setting next_dagrun for dataset_consumes_1_never_scheduled to None, run_after=None
[2026-05-01T13:53:10.048+0000] {logging_mixin.py:188} INFO - [2026-05-01T13:53:10.047+0000] {dag.py:3947} INFO - Setting next_dagrun for dataset_consumes_unknown_never_scheduled to None, run_after=None
[2026-05-01T13:53:10.054+0000] {logging_mixin.py:188} INFO - [2026-05-01T13:53:10.054+0000] {dag.py:3947} INFO - Setting next_dagrun for dataset_produces_1 to 2026-04-30 00:00:00+00:00, run_after=2026-05-01 00:00:00+00:00
[2026-05-01T13:53:10.059+0000] {logging_mixin.py:188} INFO - [2026-05-01T13:53:10.059+0000] {dag.py:3947} INFO - Setting next_dagrun for dataset_produces_2 to None, run_after=None
[2026-05-01T13:53:10.121+0000] {processor.py:183} INFO - Processing /home/airflow/.local/lib/python3.12/site-packages/airflow/example_dags/example_datasets.py took 0.480 seconds
