[2026-05-01T13:24:59.699+0000] {processor.py:161} INFO - Started process (PID=94) to work on /home/airflow/.local/lib/python3.12/site-packages/airflow/example_dags/example_branch_datetime_operator.py
[2026-05-01T13:24:59.701+0000] {processor.py:830} INFO - Processing file /home/airflow/.local/lib/python3.12/site-packages/airflow/example_dags/example_branch_datetime_operator.py for tasks to queue
[2026-05-01T13:24:59.726+0000] {logging_mixin.py:188} INFO - [2026-05-01T13:24:59.716+0000] {dagbag.py:545} INFO - Filling up the DagBag from /home/airflow/.local/lib/python3.12/site-packages/airflow/example_dags/example_branch_datetime_operator.py
[2026-05-01T13:24:59.849+0000] {processor.py:840} INFO - DAG(s) 'example_branch_datetime_operator', 'example_branch_datetime_operator_3', 'example_branch_datetime_operator_2' retrieved from /home/airflow/.local/lib/python3.12/site-packages/airflow/example_dags/example_branch_datetime_operator.py
[2026-05-01T13:24:59.936+0000] {logging_mixin.py:188} INFO - [2026-05-01T13:24:59.936+0000] {dag.py:3089} INFO - Sync 3 DAGs
[2026-05-01T13:25:00.102+0000] {logging_mixin.py:188} INFO - [2026-05-01T13:25:00.102+0000] {dag.py:3111} INFO - Creating ORM DAG for example_branch_datetime_operator_3
[2026-05-01T13:25:00.107+0000] {logging_mixin.py:188} INFO - [2026-05-01T13:25:00.106+0000] {dag.py:3111} INFO - Creating ORM DAG for example_branch_datetime_operator
[2026-05-01T13:25:00.117+0000] {logging_mixin.py:188} INFO - [2026-05-01T13:25:00.113+0000] {dag.py:3111} INFO - Creating ORM DAG for example_branch_datetime_operator_2
[2026-05-01T13:25:00.224+0000] {logging_mixin.py:188} INFO - [2026-05-01T13:25:00.223+0000] {dag.py:3947} INFO - Setting next_dagrun for example_branch_datetime_operator to 2026-04-30 00:00:00+00:00, run_after=2026-05-01 00:00:00+00:00
[2026-05-01T13:25:00.251+0000] {logging_mixin.py:188} INFO - [2026-05-01T13:25:00.251+0000] {dag.py:3947} INFO - Setting next_dagrun for example_branch_datetime_operator_2 to 2026-04-30 00:00:00+00:00, run_after=2026-05-01 00:00:00+00:00
[2026-05-01T13:25:00.272+0000] {logging_mixin.py:188} INFO - [2026-05-01T13:25:00.271+0000] {dag.py:3947} INFO - Setting next_dagrun for example_branch_datetime_operator_3 to 2026-04-30 00:00:00+00:00, run_after=2026-05-01 00:00:00+00:00
[2026-05-01T13:25:00.547+0000] {processor.py:183} INFO - Processing /home/airflow/.local/lib/python3.12/site-packages/airflow/example_dags/example_branch_datetime_operator.py took 0.897 seconds
[2026-05-01T13:25:37.389+0000] {processor.py:161} INFO - Started process (PID=152) to work on /home/airflow/.local/lib/python3.12/site-packages/airflow/example_dags/example_branch_datetime_operator.py
[2026-05-01T13:25:37.402+0000] {processor.py:830} INFO - Processing file /home/airflow/.local/lib/python3.12/site-packages/airflow/example_dags/example_branch_datetime_operator.py for tasks to queue
[2026-05-01T13:25:37.412+0000] {logging_mixin.py:188} INFO - [2026-05-01T13:25:37.409+0000] {dagbag.py:545} INFO - Filling up the DagBag from /home/airflow/.local/lib/python3.12/site-packages/airflow/example_dags/example_branch_datetime_operator.py
[2026-05-01T13:25:37.463+0000] {processor.py:840} INFO - DAG(s) 'example_branch_datetime_operator_2', 'example_branch_datetime_operator_3', 'example_branch_datetime_operator' retrieved from /home/airflow/.local/lib/python3.12/site-packages/airflow/example_dags/example_branch_datetime_operator.py
[2026-05-01T13:25:37.827+0000] {logging_mixin.py:188} INFO - [2026-05-01T13:25:37.825+0000] {dag.py:3089} INFO - Sync 3 DAGs
[2026-05-01T13:25:37.900+0000] {logging_mixin.py:188} INFO - [2026-05-01T13:25:37.900+0000] {dag.py:3947} INFO - Setting next_dagrun for example_branch_datetime_operator to 2026-04-30 00:00:00+00:00, run_after=2026-05-01 00:00:00+00:00
[2026-05-01T13:25:37.923+0000] {logging_mixin.py:188} INFO - [2026-05-01T13:25:37.923+0000] {dag.py:3947} INFO - Setting next_dagrun for example_branch_datetime_operator_2 to 2026-04-30 00:00:00+00:00, run_after=2026-05-01 00:00:00+00:00
[2026-05-01T13:25:37.934+0000] {logging_mixin.py:188} INFO - [2026-05-01T13:25:37.934+0000] {dag.py:3947} INFO - Setting next_dagrun for example_branch_datetime_operator_3 to 2026-04-30 00:00:00+00:00, run_after=2026-05-01 00:00:00+00:00
[2026-05-01T13:25:37.995+0000] {processor.py:183} INFO - Processing /home/airflow/.local/lib/python3.12/site-packages/airflow/example_dags/example_branch_datetime_operator.py took 0.622 seconds
[2026-05-01T13:26:08.156+0000] {processor.py:161} INFO - Started process (PID=210) to work on /home/airflow/.local/lib/python3.12/site-packages/airflow/example_dags/example_branch_datetime_operator.py
[2026-05-01T13:26:08.160+0000] {processor.py:830} INFO - Processing file /home/airflow/.local/lib/python3.12/site-packages/airflow/example_dags/example_branch_datetime_operator.py for tasks to queue
[2026-05-01T13:26:08.170+0000] {logging_mixin.py:188} INFO - [2026-05-01T13:26:08.169+0000] {dagbag.py:545} INFO - Filling up the DagBag from /home/airflow/.local/lib/python3.12/site-packages/airflow/example_dags/example_branch_datetime_operator.py
[2026-05-01T13:26:08.199+0000] {processor.py:840} INFO - DAG(s) 'example_branch_datetime_operator', 'example_branch_datetime_operator_3', 'example_branch_datetime_operator_2' retrieved from /home/airflow/.local/lib/python3.12/site-packages/airflow/example_dags/example_branch_datetime_operator.py
[2026-05-01T13:26:08.265+0000] {logging_mixin.py:188} INFO - [2026-05-01T13:26:08.264+0000] {dag.py:3089} INFO - Sync 3 DAGs
[2026-05-01T13:26:08.333+0000] {logging_mixin.py:188} INFO - [2026-05-01T13:26:08.333+0000] {dag.py:3947} INFO - Setting next_dagrun for example_branch_datetime_operator to 2026-04-30 00:00:00+00:00, run_after=2026-05-01 00:00:00+00:00
[2026-05-01T13:26:08.342+0000] {logging_mixin.py:188} INFO - [2026-05-01T13:26:08.342+0000] {dag.py:3947} INFO - Setting next_dagrun for example_branch_datetime_operator_2 to 2026-04-30 00:00:00+00:00, run_after=2026-05-01 00:00:00+00:00
[2026-05-01T13:26:08.349+0000] {logging_mixin.py:188} INFO - [2026-05-01T13:26:08.349+0000] {dag.py:3947} INFO - Setting next_dagrun for example_branch_datetime_operator_3 to 2026-04-30 00:00:00+00:00, run_after=2026-05-01 00:00:00+00:00
[2026-05-01T13:26:08.375+0000] {processor.py:183} INFO - Processing /home/airflow/.local/lib/python3.12/site-packages/airflow/example_dags/example_branch_datetime_operator.py took 0.236 seconds
[2026-05-01T13:26:39.911+0000] {processor.py:161} INFO - Started process (PID=268) to work on /home/airflow/.local/lib/python3.12/site-packages/airflow/example_dags/example_branch_datetime_operator.py
[2026-05-01T13:26:39.917+0000] {processor.py:830} INFO - Processing file /home/airflow/.local/lib/python3.12/site-packages/airflow/example_dags/example_branch_datetime_operator.py for tasks to queue
[2026-05-01T13:26:39.934+0000] {logging_mixin.py:188} INFO - [2026-05-01T13:26:39.930+0000] {dagbag.py:545} INFO - Filling up the DagBag from /home/airflow/.local/lib/python3.12/site-packages/airflow/example_dags/example_branch_datetime_operator.py
[2026-05-01T13:26:39.989+0000] {processor.py:840} INFO - DAG(s) 'example_branch_datetime_operator_3', 'example_branch_datetime_operator', 'example_branch_datetime_operator_2' retrieved from /home/airflow/.local/lib/python3.12/site-packages/airflow/example_dags/example_branch_datetime_operator.py
[2026-05-01T13:26:40.136+0000] {logging_mixin.py:188} INFO - [2026-05-01T13:26:40.135+0000] {dag.py:3089} INFO - Sync 3 DAGs
[2026-05-01T13:26:40.330+0000] {logging_mixin.py:188} INFO - [2026-05-01T13:26:40.330+0000] {dag.py:3947} INFO - Setting next_dagrun for example_branch_datetime_operator to 2026-04-30 00:00:00+00:00, run_after=2026-05-01 00:00:00+00:00
[2026-05-01T13:26:40.356+0000] {logging_mixin.py:188} INFO - [2026-05-01T13:26:40.356+0000] {dag.py:3947} INFO - Setting next_dagrun for example_branch_datetime_operator_2 to 2026-04-30 00:00:00+00:00, run_after=2026-05-01 00:00:00+00:00
[2026-05-01T13:26:40.370+0000] {logging_mixin.py:188} INFO - [2026-05-01T13:26:40.370+0000] {dag.py:3947} INFO - Setting next_dagrun for example_branch_datetime_operator_3 to 2026-04-30 00:00:00+00:00, run_after=2026-05-01 00:00:00+00:00
[2026-05-01T13:26:40.439+0000] {processor.py:183} INFO - Processing /home/airflow/.local/lib/python3.12/site-packages/airflow/example_dags/example_branch_datetime_operator.py took 0.559 seconds
[2026-05-01T13:27:11.230+0000] {processor.py:161} INFO - Started process (PID=326) to work on /home/airflow/.local/lib/python3.12/site-packages/airflow/example_dags/example_branch_datetime_operator.py
[2026-05-01T13:27:11.233+0000] {processor.py:830} INFO - Processing file /home/airflow/.local/lib/python3.12/site-packages/airflow/example_dags/example_branch_datetime_operator.py for tasks to queue
[2026-05-01T13:27:11.239+0000] {logging_mixin.py:188} INFO - [2026-05-01T13:27:11.237+0000] {dagbag.py:545} INFO - Filling up the DagBag from /home/airflow/.local/lib/python3.12/site-packages/airflow/example_dags/example_branch_datetime_operator.py
[2026-05-01T13:27:11.255+0000] {processor.py:840} INFO - DAG(s) 'example_branch_datetime_operator', 'example_branch_datetime_operator_2', 'example_branch_datetime_operator_3' retrieved from /home/airflow/.local/lib/python3.12/site-packages/airflow/example_dags/example_branch_datetime_operator.py
[2026-05-01T13:27:11.295+0000] {logging_mixin.py:188} INFO - [2026-05-01T13:27:11.295+0000] {dag.py:3089} INFO - Sync 3 DAGs
[2026-05-01T13:27:11.337+0000] {logging_mixin.py:188} INFO - [2026-05-01T13:27:11.336+0000] {dag.py:3947} INFO - Setting next_dagrun for example_branch_datetime_operator to 2026-04-30 00:00:00+00:00, run_after=2026-05-01 00:00:00+00:00
[2026-05-01T13:27:11.348+0000] {logging_mixin.py:188} INFO - [2026-05-01T13:27:11.348+0000] {dag.py:3947} INFO - Setting next_dagrun for example_branch_datetime_operator_2 to 2026-04-30 00:00:00+00:00, run_after=2026-05-01 00:00:00+00:00
[2026-05-01T13:27:11.354+0000] {logging_mixin.py:188} INFO - [2026-05-01T13:27:11.354+0000] {dag.py:3947} INFO - Setting next_dagrun for example_branch_datetime_operator_3 to 2026-04-30 00:00:00+00:00, run_after=2026-05-01 00:00:00+00:00
[2026-05-01T13:27:11.384+0000] {processor.py:183} INFO - Processing /home/airflow/.local/lib/python3.12/site-packages/airflow/example_dags/example_branch_datetime_operator.py took 0.168 seconds
[2026-05-01T13:27:41.497+0000] {processor.py:161} INFO - Started process (PID=384) to work on /home/airflow/.local/lib/python3.12/site-packages/airflow/example_dags/example_branch_datetime_operator.py
[2026-05-01T13:27:41.501+0000] {processor.py:830} INFO - Processing file /home/airflow/.local/lib/python3.12/site-packages/airflow/example_dags/example_branch_datetime_operator.py for tasks to queue
[2026-05-01T13:27:41.508+0000] {logging_mixin.py:188} INFO - [2026-05-01T13:27:41.506+0000] {dagbag.py:545} INFO - Filling up the DagBag from /home/airflow/.local/lib/python3.12/site-packages/airflow/example_dags/example_branch_datetime_operator.py
[2026-05-01T13:27:41.528+0000] {processor.py:840} INFO - DAG(s) 'example_branch_datetime_operator_3', 'example_branch_datetime_operator_2', 'example_branch_datetime_operator' retrieved from /home/airflow/.local/lib/python3.12/site-packages/airflow/example_dags/example_branch_datetime_operator.py
[2026-05-01T13:27:41.567+0000] {logging_mixin.py:188} INFO - [2026-05-01T13:27:41.566+0000] {dag.py:3089} INFO - Sync 3 DAGs
[2026-05-01T13:27:41.612+0000] {logging_mixin.py:188} INFO - [2026-05-01T13:27:41.612+0000] {dag.py:3947} INFO - Setting next_dagrun for example_branch_datetime_operator to 2026-04-30 00:00:00+00:00, run_after=2026-05-01 00:00:00+00:00
[2026-05-01T13:27:41.629+0000] {logging_mixin.py:188} INFO - [2026-05-01T13:27:41.629+0000] {dag.py:3947} INFO - Setting next_dagrun for example_branch_datetime_operator_2 to 2026-04-30 00:00:00+00:00, run_after=2026-05-01 00:00:00+00:00
[2026-05-01T13:27:41.638+0000] {logging_mixin.py:188} INFO - [2026-05-01T13:27:41.637+0000] {dag.py:3947} INFO - Setting next_dagrun for example_branch_datetime_operator_3 to 2026-04-30 00:00:00+00:00, run_after=2026-05-01 00:00:00+00:00
[2026-05-01T13:27:41.680+0000] {processor.py:183} INFO - Processing /home/airflow/.local/lib/python3.12/site-packages/airflow/example_dags/example_branch_datetime_operator.py took 0.199 seconds
[2026-05-01T13:28:12.580+0000] {processor.py:161} INFO - Started process (PID=443) to work on /home/airflow/.local/lib/python3.12/site-packages/airflow/example_dags/example_branch_datetime_operator.py
[2026-05-01T13:28:12.586+0000] {processor.py:830} INFO - Processing file /home/airflow/.local/lib/python3.12/site-packages/airflow/example_dags/example_branch_datetime_operator.py for tasks to queue
[2026-05-01T13:28:12.591+0000] {logging_mixin.py:188} INFO - [2026-05-01T13:28:12.590+0000] {dagbag.py:545} INFO - Filling up the DagBag from /home/airflow/.local/lib/python3.12/site-packages/airflow/example_dags/example_branch_datetime_operator.py
[2026-05-01T13:28:12.609+0000] {processor.py:840} INFO - DAG(s) 'example_branch_datetime_operator_3', 'example_branch_datetime_operator', 'example_branch_datetime_operator_2' retrieved from /home/airflow/.local/lib/python3.12/site-packages/airflow/example_dags/example_branch_datetime_operator.py
[2026-05-01T13:28:12.654+0000] {logging_mixin.py:188} INFO - [2026-05-01T13:28:12.654+0000] {dag.py:3089} INFO - Sync 3 DAGs
[2026-05-01T13:28:12.692+0000] {logging_mixin.py:188} INFO - [2026-05-01T13:28:12.692+0000] {dag.py:3947} INFO - Setting next_dagrun for example_branch_datetime_operator to 2026-04-30 00:00:00+00:00, run_after=2026-05-01 00:00:00+00:00
[2026-05-01T13:28:12.703+0000] {logging_mixin.py:188} INFO - [2026-05-01T13:28:12.703+0000] {dag.py:3947} INFO - Setting next_dagrun for example_branch_datetime_operator_2 to 2026-04-30 00:00:00+00:00, run_after=2026-05-01 00:00:00+00:00
[2026-05-01T13:28:12.708+0000] {logging_mixin.py:188} INFO - [2026-05-01T13:28:12.708+0000] {dag.py:3947} INFO - Setting next_dagrun for example_branch_datetime_operator_3 to 2026-04-30 00:00:00+00:00, run_after=2026-05-01 00:00:00+00:00
[2026-05-01T13:28:12.739+0000] {processor.py:183} INFO - Processing /home/airflow/.local/lib/python3.12/site-packages/airflow/example_dags/example_branch_datetime_operator.py took 0.173 seconds
[2026-05-01T13:28:43.394+0000] {processor.py:161} INFO - Started process (PID=501) to work on /home/airflow/.local/lib/python3.12/site-packages/airflow/example_dags/example_branch_datetime_operator.py
[2026-05-01T13:28:43.398+0000] {processor.py:830} INFO - Processing file /home/airflow/.local/lib/python3.12/site-packages/airflow/example_dags/example_branch_datetime_operator.py for tasks to queue
[2026-05-01T13:28:43.402+0000] {logging_mixin.py:188} INFO - [2026-05-01T13:28:43.402+0000] {dagbag.py:545} INFO - Filling up the DagBag from /home/airflow/.local/lib/python3.12/site-packages/airflow/example_dags/example_branch_datetime_operator.py
[2026-05-01T13:28:43.423+0000] {processor.py:840} INFO - DAG(s) 'example_branch_datetime_operator_3', 'example_branch_datetime_operator_2', 'example_branch_datetime_operator' retrieved from /home/airflow/.local/lib/python3.12/site-packages/airflow/example_dags/example_branch_datetime_operator.py
[2026-05-01T13:28:43.492+0000] {logging_mixin.py:188} INFO - [2026-05-01T13:28:43.492+0000] {dag.py:3089} INFO - Sync 3 DAGs
[2026-05-01T13:28:43.531+0000] {logging_mixin.py:188} INFO - [2026-05-01T13:28:43.531+0000] {dag.py:3947} INFO - Setting next_dagrun for example_branch_datetime_operator to 2026-04-30 00:00:00+00:00, run_after=2026-05-01 00:00:00+00:00
[2026-05-01T13:28:43.548+0000] {logging_mixin.py:188} INFO - [2026-05-01T13:28:43.548+0000] {dag.py:3947} INFO - Setting next_dagrun for example_branch_datetime_operator_2 to 2026-04-30 00:00:00+00:00, run_after=2026-05-01 00:00:00+00:00
[2026-05-01T13:28:43.553+0000] {logging_mixin.py:188} INFO - [2026-05-01T13:28:43.553+0000] {dag.py:3947} INFO - Setting next_dagrun for example_branch_datetime_operator_3 to 2026-04-30 00:00:00+00:00, run_after=2026-05-01 00:00:00+00:00
[2026-05-01T13:28:43.592+0000] {processor.py:183} INFO - Processing /home/airflow/.local/lib/python3.12/site-packages/airflow/example_dags/example_branch_datetime_operator.py took 0.217 seconds
[2026-05-01T13:29:15.058+0000] {processor.py:161} INFO - Started process (PID=565) to work on /home/airflow/.local/lib/python3.12/site-packages/airflow/example_dags/example_branch_datetime_operator.py
[2026-05-01T13:29:15.061+0000] {processor.py:830} INFO - Processing file /home/airflow/.local/lib/python3.12/site-packages/airflow/example_dags/example_branch_datetime_operator.py for tasks to queue
[2026-05-01T13:29:15.064+0000] {logging_mixin.py:188} INFO - [2026-05-01T13:29:15.063+0000] {dagbag.py:545} INFO - Filling up the DagBag from /home/airflow/.local/lib/python3.12/site-packages/airflow/example_dags/example_branch_datetime_operator.py
[2026-05-01T13:29:15.089+0000] {processor.py:840} INFO - DAG(s) 'example_branch_datetime_operator', 'example_branch_datetime_operator_2', 'example_branch_datetime_operator_3' retrieved from /home/airflow/.local/lib/python3.12/site-packages/airflow/example_dags/example_branch_datetime_operator.py
[2026-05-01T13:29:15.138+0000] {logging_mixin.py:188} INFO - [2026-05-01T13:29:15.137+0000] {dag.py:3089} INFO - Sync 3 DAGs
[2026-05-01T13:29:15.174+0000] {logging_mixin.py:188} INFO - [2026-05-01T13:29:15.173+0000] {dag.py:3947} INFO - Setting next_dagrun for example_branch_datetime_operator to 2026-04-30 00:00:00+00:00, run_after=2026-05-01 00:00:00+00:00
[2026-05-01T13:29:15.191+0000] {logging_mixin.py:188} INFO - [2026-05-01T13:29:15.190+0000] {dag.py:3947} INFO - Setting next_dagrun for example_branch_datetime_operator_2 to 2026-04-30 00:00:00+00:00, run_after=2026-05-01 00:00:00+00:00
[2026-05-01T13:29:15.199+0000] {logging_mixin.py:188} INFO - [2026-05-01T13:29:15.199+0000] {dag.py:3947} INFO - Setting next_dagrun for example_branch_datetime_operator_3 to 2026-04-30 00:00:00+00:00, run_after=2026-05-01 00:00:00+00:00
[2026-05-01T13:29:15.243+0000] {processor.py:183} INFO - Processing /home/airflow/.local/lib/python3.12/site-packages/airflow/example_dags/example_branch_datetime_operator.py took 0.319 seconds
[2026-05-01T13:29:46.476+0000] {processor.py:161} INFO - Started process (PID=626) to work on /home/airflow/.local/lib/python3.12/site-packages/airflow/example_dags/example_branch_datetime_operator.py
[2026-05-01T13:29:46.479+0000] {processor.py:830} INFO - Processing file /home/airflow/.local/lib/python3.12/site-packages/airflow/example_dags/example_branch_datetime_operator.py for tasks to queue
[2026-05-01T13:29:46.484+0000] {logging_mixin.py:188} INFO - [2026-05-01T13:29:46.484+0000] {dagbag.py:545} INFO - Filling up the DagBag from /home/airflow/.local/lib/python3.12/site-packages/airflow/example_dags/example_branch_datetime_operator.py
[2026-05-01T13:29:46.501+0000] {processor.py:840} INFO - DAG(s) 'example_branch_datetime_operator_3', 'example_branch_datetime_operator', 'example_branch_datetime_operator_2' retrieved from /home/airflow/.local/lib/python3.12/site-packages/airflow/example_dags/example_branch_datetime_operator.py
[2026-05-01T13:29:46.541+0000] {logging_mixin.py:188} INFO - [2026-05-01T13:29:46.541+0000] {dag.py:3089} INFO - Sync 3 DAGs
[2026-05-01T13:29:46.576+0000] {logging_mixin.py:188} INFO - [2026-05-01T13:29:46.576+0000] {dag.py:3947} INFO - Setting next_dagrun for example_branch_datetime_operator to 2026-04-30 00:00:00+00:00, run_after=2026-05-01 00:00:00+00:00
[2026-05-01T13:29:46.585+0000] {logging_mixin.py:188} INFO - [2026-05-01T13:29:46.585+0000] {dag.py:3947} INFO - Setting next_dagrun for example_branch_datetime_operator_2 to 2026-04-30 00:00:00+00:00, run_after=2026-05-01 00:00:00+00:00
[2026-05-01T13:29:46.591+0000] {logging_mixin.py:188} INFO - [2026-05-01T13:29:46.590+0000] {dag.py:3947} INFO - Setting next_dagrun for example_branch_datetime_operator_3 to 2026-04-30 00:00:00+00:00, run_after=2026-05-01 00:00:00+00:00
[2026-05-01T13:29:46.616+0000] {processor.py:183} INFO - Processing /home/airflow/.local/lib/python3.12/site-packages/airflow/example_dags/example_branch_datetime_operator.py took 0.156 seconds
[2026-05-01T13:30:16.815+0000] {processor.py:161} INFO - Started process (PID=684) to work on /home/airflow/.local/lib/python3.12/site-packages/airflow/example_dags/example_branch_datetime_operator.py
[2026-05-01T13:30:16.817+0000] {processor.py:830} INFO - Processing file /home/airflow/.local/lib/python3.12/site-packages/airflow/example_dags/example_branch_datetime_operator.py for tasks to queue
[2026-05-01T13:30:16.825+0000] {logging_mixin.py:188} INFO - [2026-05-01T13:30:16.824+0000] {dagbag.py:545} INFO - Filling up the DagBag from /home/airflow/.local/lib/python3.12/site-packages/airflow/example_dags/example_branch_datetime_operator.py
[2026-05-01T13:30:16.846+0000] {processor.py:840} INFO - DAG(s) 'example_branch_datetime_operator_3', 'example_branch_datetime_operator', 'example_branch_datetime_operator_2' retrieved from /home/airflow/.local/lib/python3.12/site-packages/airflow/example_dags/example_branch_datetime_operator.py
[2026-05-01T13:30:16.900+0000] {logging_mixin.py:188} INFO - [2026-05-01T13:30:16.900+0000] {dag.py:3089} INFO - Sync 3 DAGs
[2026-05-01T13:30:16.946+0000] {logging_mixin.py:188} INFO - [2026-05-01T13:30:16.946+0000] {dag.py:3947} INFO - Setting next_dagrun for example_branch_datetime_operator to 2026-04-30 00:00:00+00:00, run_after=2026-05-01 00:00:00+00:00
[2026-05-01T13:30:16.960+0000] {logging_mixin.py:188} INFO - [2026-05-01T13:30:16.960+0000] {dag.py:3947} INFO - Setting next_dagrun for example_branch_datetime_operator_2 to 2026-04-30 00:00:00+00:00, run_after=2026-05-01 00:00:00+00:00
[2026-05-01T13:30:16.967+0000] {logging_mixin.py:188} INFO - [2026-05-01T13:30:16.967+0000] {dag.py:3947} INFO - Setting next_dagrun for example_branch_datetime_operator_3 to 2026-04-30 00:00:00+00:00, run_after=2026-05-01 00:00:00+00:00
[2026-05-01T13:30:16.999+0000] {processor.py:183} INFO - Processing /home/airflow/.local/lib/python3.12/site-packages/airflow/example_dags/example_branch_datetime_operator.py took 0.194 seconds
[2026-05-01T13:30:48.193+0000] {processor.py:161} INFO - Started process (PID=742) to work on /home/airflow/.local/lib/python3.12/site-packages/airflow/example_dags/example_branch_datetime_operator.py
[2026-05-01T13:30:48.202+0000] {processor.py:830} INFO - Processing file /home/airflow/.local/lib/python3.12/site-packages/airflow/example_dags/example_branch_datetime_operator.py for tasks to queue
[2026-05-01T13:30:48.214+0000] {logging_mixin.py:188} INFO - [2026-05-01T13:30:48.212+0000] {dagbag.py:545} INFO - Filling up the DagBag from /home/airflow/.local/lib/python3.12/site-packages/airflow/example_dags/example_branch_datetime_operator.py
[2026-05-01T13:30:48.284+0000] {processor.py:840} INFO - DAG(s) 'example_branch_datetime_operator_3', 'example_branch_datetime_operator_2', 'example_branch_datetime_operator' retrieved from /home/airflow/.local/lib/python3.12/site-packages/airflow/example_dags/example_branch_datetime_operator.py
[2026-05-01T13:30:48.579+0000] {logging_mixin.py:188} INFO - [2026-05-01T13:30:48.571+0000] {dag.py:3089} INFO - Sync 3 DAGs
[2026-05-01T13:30:48.749+0000] {logging_mixin.py:188} INFO - [2026-05-01T13:30:48.748+0000] {dag.py:3947} INFO - Setting next_dagrun for example_branch_datetime_operator to 2026-04-30 00:00:00+00:00, run_after=2026-05-01 00:00:00+00:00
[2026-05-01T13:30:48.788+0000] {logging_mixin.py:188} INFO - [2026-05-01T13:30:48.787+0000] {dag.py:3947} INFO - Setting next_dagrun for example_branch_datetime_operator_2 to 2026-04-30 00:00:00+00:00, run_after=2026-05-01 00:00:00+00:00
[2026-05-01T13:30:48.802+0000] {logging_mixin.py:188} INFO - [2026-05-01T13:30:48.801+0000] {dag.py:3947} INFO - Setting next_dagrun for example_branch_datetime_operator_3 to 2026-04-30 00:00:00+00:00, run_after=2026-05-01 00:00:00+00:00
[2026-05-01T13:30:48.853+0000] {processor.py:183} INFO - Processing /home/airflow/.local/lib/python3.12/site-packages/airflow/example_dags/example_branch_datetime_operator.py took 0.681 seconds
[2026-05-01T13:31:19.591+0000] {processor.py:161} INFO - Started process (PID=800) to work on /home/airflow/.local/lib/python3.12/site-packages/airflow/example_dags/example_branch_datetime_operator.py
[2026-05-01T13:31:19.594+0000] {processor.py:830} INFO - Processing file /home/airflow/.local/lib/python3.12/site-packages/airflow/example_dags/example_branch_datetime_operator.py for tasks to queue
[2026-05-01T13:31:19.612+0000] {logging_mixin.py:188} INFO - [2026-05-01T13:31:19.609+0000] {dagbag.py:545} INFO - Filling up the DagBag from /home/airflow/.local/lib/python3.12/site-packages/airflow/example_dags/example_branch_datetime_operator.py
[2026-05-01T13:31:19.673+0000] {processor.py:840} INFO - DAG(s) 'example_branch_datetime_operator_2', 'example_branch_datetime_operator_3', 'example_branch_datetime_operator' retrieved from /home/airflow/.local/lib/python3.12/site-packages/airflow/example_dags/example_branch_datetime_operator.py
[2026-05-01T13:31:19.790+0000] {logging_mixin.py:188} INFO - [2026-05-01T13:31:19.790+0000] {dag.py:3089} INFO - Sync 3 DAGs
[2026-05-01T13:31:19.861+0000] {logging_mixin.py:188} INFO - [2026-05-01T13:31:19.860+0000] {dag.py:3947} INFO - Setting next_dagrun for example_branch_datetime_operator to 2026-04-30 00:00:00+00:00, run_after=2026-05-01 00:00:00+00:00
[2026-05-01T13:31:19.875+0000] {logging_mixin.py:188} INFO - [2026-05-01T13:31:19.875+0000] {dag.py:3947} INFO - Setting next_dagrun for example_branch_datetime_operator_2 to 2026-04-30 00:00:00+00:00, run_after=2026-05-01 00:00:00+00:00
[2026-05-01T13:31:19.883+0000] {logging_mixin.py:188} INFO - [2026-05-01T13:31:19.882+0000] {dag.py:3947} INFO - Setting next_dagrun for example_branch_datetime_operator_3 to 2026-04-30 00:00:00+00:00, run_after=2026-05-01 00:00:00+00:00
[2026-05-01T13:31:19.972+0000] {processor.py:183} INFO - Processing /home/airflow/.local/lib/python3.12/site-packages/airflow/example_dags/example_branch_datetime_operator.py took 0.406 seconds
[2026-05-01T13:31:50.575+0000] {processor.py:161} INFO - Started process (PID=858) to work on /home/airflow/.local/lib/python3.12/site-packages/airflow/example_dags/example_branch_datetime_operator.py
[2026-05-01T13:31:50.578+0000] {processor.py:830} INFO - Processing file /home/airflow/.local/lib/python3.12/site-packages/airflow/example_dags/example_branch_datetime_operator.py for tasks to queue
[2026-05-01T13:31:50.583+0000] {logging_mixin.py:188} INFO - [2026-05-01T13:31:50.583+0000] {dagbag.py:545} INFO - Filling up the DagBag from /home/airflow/.local/lib/python3.12/site-packages/airflow/example_dags/example_branch_datetime_operator.py
[2026-05-01T13:31:50.616+0000] {processor.py:840} INFO - DAG(s) 'example_branch_datetime_operator', 'example_branch_datetime_operator_2', 'example_branch_datetime_operator_3' retrieved from /home/airflow/.local/lib/python3.12/site-packages/airflow/example_dags/example_branch_datetime_operator.py
[2026-05-01T13:31:50.663+0000] {logging_mixin.py:188} INFO - [2026-05-01T13:31:50.663+0000] {dag.py:3089} INFO - Sync 3 DAGs
[2026-05-01T13:31:50.699+0000] {logging_mixin.py:188} INFO - [2026-05-01T13:31:50.698+0000] {dag.py:3947} INFO - Setting next_dagrun for example_branch_datetime_operator to 2026-04-30 00:00:00+00:00, run_after=2026-05-01 00:00:00+00:00
[2026-05-01T13:31:50.710+0000] {logging_mixin.py:188} INFO - [2026-05-01T13:31:50.710+0000] {dag.py:3947} INFO - Setting next_dagrun for example_branch_datetime_operator_2 to 2026-04-30 00:00:00+00:00, run_after=2026-05-01 00:00:00+00:00
[2026-05-01T13:31:50.717+0000] {logging_mixin.py:188} INFO - [2026-05-01T13:31:50.716+0000] {dag.py:3947} INFO - Setting next_dagrun for example_branch_datetime_operator_3 to 2026-04-30 00:00:00+00:00, run_after=2026-05-01 00:00:00+00:00
[2026-05-01T13:31:50.860+0000] {processor.py:183} INFO - Processing /home/airflow/.local/lib/python3.12/site-packages/airflow/example_dags/example_branch_datetime_operator.py took 0.301 seconds
[2026-05-01T13:32:21.905+0000] {processor.py:161} INFO - Started process (PID=917) to work on /home/airflow/.local/lib/python3.12/site-packages/airflow/example_dags/example_branch_datetime_operator.py
[2026-05-01T13:32:21.915+0000] {processor.py:830} INFO - Processing file /home/airflow/.local/lib/python3.12/site-packages/airflow/example_dags/example_branch_datetime_operator.py for tasks to queue
[2026-05-01T13:32:21.932+0000] {logging_mixin.py:188} INFO - [2026-05-01T13:32:21.926+0000] {dagbag.py:545} INFO - Filling up the DagBag from /home/airflow/.local/lib/python3.12/site-packages/airflow/example_dags/example_branch_datetime_operator.py
[2026-05-01T13:32:21.989+0000] {processor.py:840} INFO - DAG(s) 'example_branch_datetime_operator_3', 'example_branch_datetime_operator', 'example_branch_datetime_operator_2' retrieved from /home/airflow/.local/lib/python3.12/site-packages/airflow/example_dags/example_branch_datetime_operator.py
[2026-05-01T13:32:22.067+0000] {logging_mixin.py:188} INFO - [2026-05-01T13:32:22.067+0000] {dag.py:3089} INFO - Sync 3 DAGs
[2026-05-01T13:32:22.129+0000] {logging_mixin.py:188} INFO - [2026-05-01T13:32:22.129+0000] {dag.py:3947} INFO - Setting next_dagrun for example_branch_datetime_operator to 2026-04-30 00:00:00+00:00, run_after=2026-05-01 00:00:00+00:00
[2026-05-01T13:32:22.142+0000] {logging_mixin.py:188} INFO - [2026-05-01T13:32:22.142+0000] {dag.py:3947} INFO - Setting next_dagrun for example_branch_datetime_operator_2 to 2026-04-30 00:00:00+00:00, run_after=2026-05-01 00:00:00+00:00
[2026-05-01T13:32:22.147+0000] {logging_mixin.py:188} INFO - [2026-05-01T13:32:22.147+0000] {dag.py:3947} INFO - Setting next_dagrun for example_branch_datetime_operator_3 to 2026-04-30 00:00:00+00:00, run_after=2026-05-01 00:00:00+00:00
[2026-05-01T13:32:22.176+0000] {processor.py:183} INFO - Processing /home/airflow/.local/lib/python3.12/site-packages/airflow/example_dags/example_branch_datetime_operator.py took 0.306 seconds
[2026-05-01T13:32:53.043+0000] {processor.py:161} INFO - Started process (PID=975) to work on /home/airflow/.local/lib/python3.12/site-packages/airflow/example_dags/example_branch_datetime_operator.py
[2026-05-01T13:32:53.049+0000] {processor.py:830} INFO - Processing file /home/airflow/.local/lib/python3.12/site-packages/airflow/example_dags/example_branch_datetime_operator.py for tasks to queue
[2026-05-01T13:32:53.059+0000] {logging_mixin.py:188} INFO - [2026-05-01T13:32:53.058+0000] {dagbag.py:545} INFO - Filling up the DagBag from /home/airflow/.local/lib/python3.12/site-packages/airflow/example_dags/example_branch_datetime_operator.py
[2026-05-01T13:32:53.084+0000] {processor.py:840} INFO - DAG(s) 'example_branch_datetime_operator', 'example_branch_datetime_operator_2', 'example_branch_datetime_operator_3' retrieved from /home/airflow/.local/lib/python3.12/site-packages/airflow/example_dags/example_branch_datetime_operator.py
[2026-05-01T13:32:53.143+0000] {logging_mixin.py:188} INFO - [2026-05-01T13:32:53.143+0000] {dag.py:3089} INFO - Sync 3 DAGs
[2026-05-01T13:32:53.190+0000] {logging_mixin.py:188} INFO - [2026-05-01T13:32:53.190+0000] {dag.py:3947} INFO - Setting next_dagrun for example_branch_datetime_operator to 2026-04-30 00:00:00+00:00, run_after=2026-05-01 00:00:00+00:00
[2026-05-01T13:32:53.201+0000] {logging_mixin.py:188} INFO - [2026-05-01T13:32:53.201+0000] {dag.py:3947} INFO - Setting next_dagrun for example_branch_datetime_operator_2 to 2026-04-30 00:00:00+00:00, run_after=2026-05-01 00:00:00+00:00
[2026-05-01T13:32:53.209+0000] {logging_mixin.py:188} INFO - [2026-05-01T13:32:53.208+0000] {dag.py:3947} INFO - Setting next_dagrun for example_branch_datetime_operator_3 to 2026-04-30 00:00:00+00:00, run_after=2026-05-01 00:00:00+00:00
[2026-05-01T13:32:53.256+0000] {processor.py:183} INFO - Processing /home/airflow/.local/lib/python3.12/site-packages/airflow/example_dags/example_branch_datetime_operator.py took 0.233 seconds
[2026-05-01T13:33:24.005+0000] {processor.py:161} INFO - Started process (PID=1035) to work on /home/airflow/.local/lib/python3.12/site-packages/airflow/example_dags/example_branch_datetime_operator.py
[2026-05-01T13:33:24.009+0000] {processor.py:830} INFO - Processing file /home/airflow/.local/lib/python3.12/site-packages/airflow/example_dags/example_branch_datetime_operator.py for tasks to queue
[2026-05-01T13:33:24.020+0000] {logging_mixin.py:188} INFO - [2026-05-01T13:33:24.019+0000] {dagbag.py:545} INFO - Filling up the DagBag from /home/airflow/.local/lib/python3.12/site-packages/airflow/example_dags/example_branch_datetime_operator.py
[2026-05-01T13:33:24.058+0000] {processor.py:840} INFO - DAG(s) 'example_branch_datetime_operator_2', 'example_branch_datetime_operator', 'example_branch_datetime_operator_3' retrieved from /home/airflow/.local/lib/python3.12/site-packages/airflow/example_dags/example_branch_datetime_operator.py
[2026-05-01T13:33:24.118+0000] {logging_mixin.py:188} INFO - [2026-05-01T13:33:24.117+0000] {dag.py:3089} INFO - Sync 3 DAGs
[2026-05-01T13:33:24.158+0000] {logging_mixin.py:188} INFO - [2026-05-01T13:33:24.157+0000] {dag.py:3947} INFO - Setting next_dagrun for example_branch_datetime_operator to 2026-04-30 00:00:00+00:00, run_after=2026-05-01 00:00:00+00:00
[2026-05-01T13:33:24.167+0000] {logging_mixin.py:188} INFO - [2026-05-01T13:33:24.167+0000] {dag.py:3947} INFO - Setting next_dagrun for example_branch_datetime_operator_2 to 2026-04-30 00:00:00+00:00, run_after=2026-05-01 00:00:00+00:00
[2026-05-01T13:33:24.171+0000] {logging_mixin.py:188} INFO - [2026-05-01T13:33:24.171+0000] {dag.py:3947} INFO - Setting next_dagrun for example_branch_datetime_operator_3 to 2026-04-30 00:00:00+00:00, run_after=2026-05-01 00:00:00+00:00
[2026-05-01T13:33:24.209+0000] {processor.py:183} INFO - Processing /home/airflow/.local/lib/python3.12/site-packages/airflow/example_dags/example_branch_datetime_operator.py took 0.215 seconds
[2026-05-01T13:33:55.125+0000] {processor.py:161} INFO - Started process (PID=1093) to work on /home/airflow/.local/lib/python3.12/site-packages/airflow/example_dags/example_branch_datetime_operator.py
[2026-05-01T13:33:55.128+0000] {processor.py:830} INFO - Processing file /home/airflow/.local/lib/python3.12/site-packages/airflow/example_dags/example_branch_datetime_operator.py for tasks to queue
[2026-05-01T13:33:55.134+0000] {logging_mixin.py:188} INFO - [2026-05-01T13:33:55.133+0000] {dagbag.py:545} INFO - Filling up the DagBag from /home/airflow/.local/lib/python3.12/site-packages/airflow/example_dags/example_branch_datetime_operator.py
[2026-05-01T13:33:55.155+0000] {processor.py:840} INFO - DAG(s) 'example_branch_datetime_operator_2', 'example_branch_datetime_operator_3', 'example_branch_datetime_operator' retrieved from /home/airflow/.local/lib/python3.12/site-packages/airflow/example_dags/example_branch_datetime_operator.py
[2026-05-01T13:33:55.225+0000] {logging_mixin.py:188} INFO - [2026-05-01T13:33:55.224+0000] {dag.py:3089} INFO - Sync 3 DAGs
[2026-05-01T13:33:55.329+0000] {logging_mixin.py:188} INFO - [2026-05-01T13:33:55.329+0000] {dag.py:3947} INFO - Setting next_dagrun for example_branch_datetime_operator to 2026-04-30 00:00:00+00:00, run_after=2026-05-01 00:00:00+00:00
[2026-05-01T13:33:55.343+0000] {logging_mixin.py:188} INFO - [2026-05-01T13:33:55.343+0000] {dag.py:3947} INFO - Setting next_dagrun for example_branch_datetime_operator_2 to 2026-04-30 00:00:00+00:00, run_after=2026-05-01 00:00:00+00:00
[2026-05-01T13:33:55.352+0000] {logging_mixin.py:188} INFO - [2026-05-01T13:33:55.352+0000] {dag.py:3947} INFO - Setting next_dagrun for example_branch_datetime_operator_3 to 2026-04-30 00:00:00+00:00, run_after=2026-05-01 00:00:00+00:00
[2026-05-01T13:33:55.389+0000] {processor.py:183} INFO - Processing /home/airflow/.local/lib/python3.12/site-packages/airflow/example_dags/example_branch_datetime_operator.py took 0.277 seconds
[2026-05-01T13:34:26.612+0000] {processor.py:161} INFO - Started process (PID=1151) to work on /home/airflow/.local/lib/python3.12/site-packages/airflow/example_dags/example_branch_datetime_operator.py
[2026-05-01T13:34:26.617+0000] {processor.py:830} INFO - Processing file /home/airflow/.local/lib/python3.12/site-packages/airflow/example_dags/example_branch_datetime_operator.py for tasks to queue
[2026-05-01T13:34:26.624+0000] {logging_mixin.py:188} INFO - [2026-05-01T13:34:26.623+0000] {dagbag.py:545} INFO - Filling up the DagBag from /home/airflow/.local/lib/python3.12/site-packages/airflow/example_dags/example_branch_datetime_operator.py
[2026-05-01T13:34:26.652+0000] {processor.py:840} INFO - DAG(s) 'example_branch_datetime_operator_3', 'example_branch_datetime_operator_2', 'example_branch_datetime_operator' retrieved from /home/airflow/.local/lib/python3.12/site-packages/airflow/example_dags/example_branch_datetime_operator.py
[2026-05-01T13:34:26.746+0000] {logging_mixin.py:188} INFO - [2026-05-01T13:34:26.744+0000] {dag.py:3089} INFO - Sync 3 DAGs
[2026-05-01T13:34:26.931+0000] {logging_mixin.py:188} INFO - [2026-05-01T13:34:26.931+0000] {dag.py:3947} INFO - Setting next_dagrun for example_branch_datetime_operator to 2026-04-30 00:00:00+00:00, run_after=2026-05-01 00:00:00+00:00
[2026-05-01T13:34:26.955+0000] {logging_mixin.py:188} INFO - [2026-05-01T13:34:26.955+0000] {dag.py:3947} INFO - Setting next_dagrun for example_branch_datetime_operator_2 to 2026-04-30 00:00:00+00:00, run_after=2026-05-01 00:00:00+00:00
[2026-05-01T13:34:27.022+0000] {logging_mixin.py:188} INFO - [2026-05-01T13:34:27.022+0000] {dag.py:3947} INFO - Setting next_dagrun for example_branch_datetime_operator_3 to 2026-04-30 00:00:00+00:00, run_after=2026-05-01 00:00:00+00:00
[2026-05-01T13:34:27.074+0000] {processor.py:183} INFO - Processing /home/airflow/.local/lib/python3.12/site-packages/airflow/example_dags/example_branch_datetime_operator.py took 0.478 seconds
[2026-05-01T13:34:58.040+0000] {processor.py:161} INFO - Started process (PID=1208) to work on /home/airflow/.local/lib/python3.12/site-packages/airflow/example_dags/example_branch_datetime_operator.py
[2026-05-01T13:34:58.043+0000] {processor.py:830} INFO - Processing file /home/airflow/.local/lib/python3.12/site-packages/airflow/example_dags/example_branch_datetime_operator.py for tasks to queue
[2026-05-01T13:34:58.047+0000] {logging_mixin.py:188} INFO - [2026-05-01T13:34:58.047+0000] {dagbag.py:545} INFO - Filling up the DagBag from /home/airflow/.local/lib/python3.12/site-packages/airflow/example_dags/example_branch_datetime_operator.py
[2026-05-01T13:34:58.084+0000] {processor.py:840} INFO - DAG(s) 'example_branch_datetime_operator_3', 'example_branch_datetime_operator', 'example_branch_datetime_operator_2' retrieved from /home/airflow/.local/lib/python3.12/site-packages/airflow/example_dags/example_branch_datetime_operator.py
[2026-05-01T13:34:58.189+0000] {logging_mixin.py:188} INFO - [2026-05-01T13:34:58.189+0000] {dag.py:3089} INFO - Sync 3 DAGs
[2026-05-01T13:34:58.236+0000] {logging_mixin.py:188} INFO - [2026-05-01T13:34:58.235+0000] {dag.py:3947} INFO - Setting next_dagrun for example_branch_datetime_operator to 2026-04-30 00:00:00+00:00, run_after=2026-05-01 00:00:00+00:00
[2026-05-01T13:34:58.251+0000] {logging_mixin.py:188} INFO - [2026-05-01T13:34:58.251+0000] {dag.py:3947} INFO - Setting next_dagrun for example_branch_datetime_operator_2 to 2026-04-30 00:00:00+00:00, run_after=2026-05-01 00:00:00+00:00
[2026-05-01T13:34:58.260+0000] {logging_mixin.py:188} INFO - [2026-05-01T13:34:58.260+0000] {dag.py:3947} INFO - Setting next_dagrun for example_branch_datetime_operator_3 to 2026-04-30 00:00:00+00:00, run_after=2026-05-01 00:00:00+00:00
[2026-05-01T13:34:58.291+0000] {processor.py:183} INFO - Processing /home/airflow/.local/lib/python3.12/site-packages/airflow/example_dags/example_branch_datetime_operator.py took 0.301 seconds
[2026-05-01T13:35:28.489+0000] {processor.py:161} INFO - Started process (PID=1266) to work on /home/airflow/.local/lib/python3.12/site-packages/airflow/example_dags/example_branch_datetime_operator.py
[2026-05-01T13:35:28.492+0000] {processor.py:830} INFO - Processing file /home/airflow/.local/lib/python3.12/site-packages/airflow/example_dags/example_branch_datetime_operator.py for tasks to queue
[2026-05-01T13:35:28.495+0000] {logging_mixin.py:188} INFO - [2026-05-01T13:35:28.495+0000] {dagbag.py:545} INFO - Filling up the DagBag from /home/airflow/.local/lib/python3.12/site-packages/airflow/example_dags/example_branch_datetime_operator.py
[2026-05-01T13:35:28.512+0000] {processor.py:840} INFO - DAG(s) 'example_branch_datetime_operator_2', 'example_branch_datetime_operator_3', 'example_branch_datetime_operator' retrieved from /home/airflow/.local/lib/python3.12/site-packages/airflow/example_dags/example_branch_datetime_operator.py
[2026-05-01T13:35:28.561+0000] {logging_mixin.py:188} INFO - [2026-05-01T13:35:28.561+0000] {dag.py:3089} INFO - Sync 3 DAGs
[2026-05-01T13:35:28.599+0000] {logging_mixin.py:188} INFO - [2026-05-01T13:35:28.598+0000] {dag.py:3947} INFO - Setting next_dagrun for example_branch_datetime_operator to 2026-04-30 00:00:00+00:00, run_after=2026-05-01 00:00:00+00:00
[2026-05-01T13:35:28.609+0000] {logging_mixin.py:188} INFO - [2026-05-01T13:35:28.609+0000] {dag.py:3947} INFO - Setting next_dagrun for example_branch_datetime_operator_2 to 2026-04-30 00:00:00+00:00, run_after=2026-05-01 00:00:00+00:00
[2026-05-01T13:35:28.616+0000] {logging_mixin.py:188} INFO - [2026-05-01T13:35:28.616+0000] {dag.py:3947} INFO - Setting next_dagrun for example_branch_datetime_operator_3 to 2026-04-30 00:00:00+00:00, run_after=2026-05-01 00:00:00+00:00
[2026-05-01T13:35:28.639+0000] {processor.py:183} INFO - Processing /home/airflow/.local/lib/python3.12/site-packages/airflow/example_dags/example_branch_datetime_operator.py took 0.160 seconds
[2026-05-01T13:35:58.969+0000] {processor.py:161} INFO - Started process (PID=1324) to work on /home/airflow/.local/lib/python3.12/site-packages/airflow/example_dags/example_branch_datetime_operator.py
[2026-05-01T13:35:58.975+0000] {processor.py:830} INFO - Processing file /home/airflow/.local/lib/python3.12/site-packages/airflow/example_dags/example_branch_datetime_operator.py for tasks to queue
[2026-05-01T13:35:58.981+0000] {logging_mixin.py:188} INFO - [2026-05-01T13:35:58.981+0000] {dagbag.py:545} INFO - Filling up the DagBag from /home/airflow/.local/lib/python3.12/site-packages/airflow/example_dags/example_branch_datetime_operator.py
[2026-05-01T13:35:59.001+0000] {processor.py:840} INFO - DAG(s) 'example_branch_datetime_operator_3', 'example_branch_datetime_operator_2', 'example_branch_datetime_operator' retrieved from /home/airflow/.local/lib/python3.12/site-packages/airflow/example_dags/example_branch_datetime_operator.py
[2026-05-01T13:35:59.044+0000] {logging_mixin.py:188} INFO - [2026-05-01T13:35:59.044+0000] {dag.py:3089} INFO - Sync 3 DAGs
[2026-05-01T13:35:59.087+0000] {logging_mixin.py:188} INFO - [2026-05-01T13:35:59.087+0000] {dag.py:3947} INFO - Setting next_dagrun for example_branch_datetime_operator to 2026-04-30 00:00:00+00:00, run_after=2026-05-01 00:00:00+00:00
[2026-05-01T13:35:59.097+0000] {logging_mixin.py:188} INFO - [2026-05-01T13:35:59.097+0000] {dag.py:3947} INFO - Setting next_dagrun for example_branch_datetime_operator_2 to 2026-04-30 00:00:00+00:00, run_after=2026-05-01 00:00:00+00:00
[2026-05-01T13:35:59.101+0000] {logging_mixin.py:188} INFO - [2026-05-01T13:35:59.101+0000] {dag.py:3947} INFO - Setting next_dagrun for example_branch_datetime_operator_3 to 2026-04-30 00:00:00+00:00, run_after=2026-05-01 00:00:00+00:00
[2026-05-01T13:35:59.129+0000] {processor.py:183} INFO - Processing /home/airflow/.local/lib/python3.12/site-packages/airflow/example_dags/example_branch_datetime_operator.py took 0.183 seconds
[2026-05-01T13:36:29.578+0000] {processor.py:161} INFO - Started process (PID=1382) to work on /home/airflow/.local/lib/python3.12/site-packages/airflow/example_dags/example_branch_datetime_operator.py
[2026-05-01T13:36:29.582+0000] {processor.py:830} INFO - Processing file /home/airflow/.local/lib/python3.12/site-packages/airflow/example_dags/example_branch_datetime_operator.py for tasks to queue
[2026-05-01T13:36:29.591+0000] {logging_mixin.py:188} INFO - [2026-05-01T13:36:29.590+0000] {dagbag.py:545} INFO - Filling up the DagBag from /home/airflow/.local/lib/python3.12/site-packages/airflow/example_dags/example_branch_datetime_operator.py
[2026-05-01T13:36:29.630+0000] {processor.py:840} INFO - DAG(s) 'example_branch_datetime_operator_3', 'example_branch_datetime_operator_2', 'example_branch_datetime_operator' retrieved from /home/airflow/.local/lib/python3.12/site-packages/airflow/example_dags/example_branch_datetime_operator.py
[2026-05-01T13:36:29.751+0000] {logging_mixin.py:188} INFO - [2026-05-01T13:36:29.750+0000] {dag.py:3089} INFO - Sync 3 DAGs
[2026-05-01T13:36:29.808+0000] {logging_mixin.py:188} INFO - [2026-05-01T13:36:29.807+0000] {dag.py:3947} INFO - Setting next_dagrun for example_branch_datetime_operator to 2026-04-30 00:00:00+00:00, run_after=2026-05-01 00:00:00+00:00
[2026-05-01T13:36:29.824+0000] {logging_mixin.py:188} INFO - [2026-05-01T13:36:29.824+0000] {dag.py:3947} INFO - Setting next_dagrun for example_branch_datetime_operator_2 to 2026-04-30 00:00:00+00:00, run_after=2026-05-01 00:00:00+00:00
[2026-05-01T13:36:29.836+0000] {logging_mixin.py:188} INFO - [2026-05-01T13:36:29.836+0000] {dag.py:3947} INFO - Setting next_dagrun for example_branch_datetime_operator_3 to 2026-04-30 00:00:00+00:00, run_after=2026-05-01 00:00:00+00:00
[2026-05-01T13:36:29.905+0000] {processor.py:183} INFO - Processing /home/airflow/.local/lib/python3.12/site-packages/airflow/example_dags/example_branch_datetime_operator.py took 0.339 seconds
[2026-05-01T13:37:00.266+0000] {processor.py:161} INFO - Started process (PID=1441) to work on /home/airflow/.local/lib/python3.12/site-packages/airflow/example_dags/example_branch_datetime_operator.py
[2026-05-01T13:37:00.274+0000] {processor.py:830} INFO - Processing file /home/airflow/.local/lib/python3.12/site-packages/airflow/example_dags/example_branch_datetime_operator.py for tasks to queue
[2026-05-01T13:37:00.285+0000] {logging_mixin.py:188} INFO - [2026-05-01T13:37:00.285+0000] {dagbag.py:545} INFO - Filling up the DagBag from /home/airflow/.local/lib/python3.12/site-packages/airflow/example_dags/example_branch_datetime_operator.py
[2026-05-01T13:37:00.306+0000] {processor.py:840} INFO - DAG(s) 'example_branch_datetime_operator_2', 'example_branch_datetime_operator', 'example_branch_datetime_operator_3' retrieved from /home/airflow/.local/lib/python3.12/site-packages/airflow/example_dags/example_branch_datetime_operator.py
[2026-05-01T13:37:00.343+0000] {logging_mixin.py:188} INFO - [2026-05-01T13:37:00.343+0000] {dag.py:3089} INFO - Sync 3 DAGs
[2026-05-01T13:37:00.382+0000] {logging_mixin.py:188} INFO - [2026-05-01T13:37:00.382+0000] {dag.py:3947} INFO - Setting next_dagrun for example_branch_datetime_operator to 2026-04-30 00:00:00+00:00, run_after=2026-05-01 00:00:00+00:00
[2026-05-01T13:37:00.393+0000] {logging_mixin.py:188} INFO - [2026-05-01T13:37:00.393+0000] {dag.py:3947} INFO - Setting next_dagrun for example_branch_datetime_operator_2 to 2026-04-30 00:00:00+00:00, run_after=2026-05-01 00:00:00+00:00
[2026-05-01T13:37:00.402+0000] {logging_mixin.py:188} INFO - [2026-05-01T13:37:00.401+0000] {dag.py:3947} INFO - Setting next_dagrun for example_branch_datetime_operator_3 to 2026-04-30 00:00:00+00:00, run_after=2026-05-01 00:00:00+00:00
[2026-05-01T13:37:00.425+0000] {processor.py:183} INFO - Processing /home/airflow/.local/lib/python3.12/site-packages/airflow/example_dags/example_branch_datetime_operator.py took 0.177 seconds
[2026-05-01T13:37:30.691+0000] {processor.py:161} INFO - Started process (PID=1498) to work on /home/airflow/.local/lib/python3.12/site-packages/airflow/example_dags/example_branch_datetime_operator.py
[2026-05-01T13:37:30.697+0000] {processor.py:830} INFO - Processing file /home/airflow/.local/lib/python3.12/site-packages/airflow/example_dags/example_branch_datetime_operator.py for tasks to queue
[2026-05-01T13:37:30.703+0000] {logging_mixin.py:188} INFO - [2026-05-01T13:37:30.702+0000] {dagbag.py:545} INFO - Filling up the DagBag from /home/airflow/.local/lib/python3.12/site-packages/airflow/example_dags/example_branch_datetime_operator.py
[2026-05-01T13:37:30.722+0000] {processor.py:840} INFO - DAG(s) 'example_branch_datetime_operator_3', 'example_branch_datetime_operator', 'example_branch_datetime_operator_2' retrieved from /home/airflow/.local/lib/python3.12/site-packages/airflow/example_dags/example_branch_datetime_operator.py
[2026-05-01T13:37:30.781+0000] {logging_mixin.py:188} INFO - [2026-05-01T13:37:30.781+0000] {dag.py:3089} INFO - Sync 3 DAGs
[2026-05-01T13:37:30.851+0000] {logging_mixin.py:188} INFO - [2026-05-01T13:37:30.850+0000] {dag.py:3947} INFO - Setting next_dagrun for example_branch_datetime_operator to 2026-04-30 00:00:00+00:00, run_after=2026-05-01 00:00:00+00:00
[2026-05-01T13:37:30.865+0000] {logging_mixin.py:188} INFO - [2026-05-01T13:37:30.864+0000] {dag.py:3947} INFO - Setting next_dagrun for example_branch_datetime_operator_2 to 2026-04-30 00:00:00+00:00, run_after=2026-05-01 00:00:00+00:00
[2026-05-01T13:37:30.871+0000] {logging_mixin.py:188} INFO - [2026-05-01T13:37:30.871+0000] {dag.py:3947} INFO - Setting next_dagrun for example_branch_datetime_operator_3 to 2026-04-30 00:00:00+00:00, run_after=2026-05-01 00:00:00+00:00
[2026-05-01T13:37:30.917+0000] {processor.py:183} INFO - Processing /home/airflow/.local/lib/python3.12/site-packages/airflow/example_dags/example_branch_datetime_operator.py took 0.240 seconds
[2026-05-01T13:38:01.763+0000] {processor.py:161} INFO - Started process (PID=1554) to work on /home/airflow/.local/lib/python3.12/site-packages/airflow/example_dags/example_branch_datetime_operator.py
[2026-05-01T13:38:01.767+0000] {processor.py:830} INFO - Processing file /home/airflow/.local/lib/python3.12/site-packages/airflow/example_dags/example_branch_datetime_operator.py for tasks to queue
[2026-05-01T13:38:01.772+0000] {logging_mixin.py:188} INFO - [2026-05-01T13:38:01.771+0000] {dagbag.py:545} INFO - Filling up the DagBag from /home/airflow/.local/lib/python3.12/site-packages/airflow/example_dags/example_branch_datetime_operator.py
[2026-05-01T13:38:01.790+0000] {processor.py:840} INFO - DAG(s) 'example_branch_datetime_operator_2', 'example_branch_datetime_operator', 'example_branch_datetime_operator_3' retrieved from /home/airflow/.local/lib/python3.12/site-packages/airflow/example_dags/example_branch_datetime_operator.py
[2026-05-01T13:38:01.864+0000] {logging_mixin.py:188} INFO - [2026-05-01T13:38:01.863+0000] {dag.py:3089} INFO - Sync 3 DAGs
[2026-05-01T13:38:01.925+0000] {logging_mixin.py:188} INFO - [2026-05-01T13:38:01.925+0000] {dag.py:3947} INFO - Setting next_dagrun for example_branch_datetime_operator to 2026-04-30 00:00:00+00:00, run_after=2026-05-01 00:00:00+00:00
[2026-05-01T13:38:02.296+0000] {logging_mixin.py:188} INFO - [2026-05-01T13:38:02.296+0000] {dag.py:3947} INFO - Setting next_dagrun for example_branch_datetime_operator_2 to 2026-04-30 00:00:00+00:00, run_after=2026-05-01 00:00:00+00:00
[2026-05-01T13:38:02.305+0000] {logging_mixin.py:188} INFO - [2026-05-01T13:38:02.305+0000] {dag.py:3947} INFO - Setting next_dagrun for example_branch_datetime_operator_3 to 2026-04-30 00:00:00+00:00, run_after=2026-05-01 00:00:00+00:00
[2026-05-01T13:38:02.332+0000] {processor.py:183} INFO - Processing /home/airflow/.local/lib/python3.12/site-packages/airflow/example_dags/example_branch_datetime_operator.py took 0.580 seconds
[2026-05-01T13:38:33.282+0000] {processor.py:161} INFO - Started process (PID=1612) to work on /home/airflow/.local/lib/python3.12/site-packages/airflow/example_dags/example_branch_datetime_operator.py
[2026-05-01T13:38:33.287+0000] {processor.py:830} INFO - Processing file /home/airflow/.local/lib/python3.12/site-packages/airflow/example_dags/example_branch_datetime_operator.py for tasks to queue
[2026-05-01T13:38:33.300+0000] {logging_mixin.py:188} INFO - [2026-05-01T13:38:33.299+0000] {dagbag.py:545} INFO - Filling up the DagBag from /home/airflow/.local/lib/python3.12/site-packages/airflow/example_dags/example_branch_datetime_operator.py
[2026-05-01T13:38:33.346+0000] {processor.py:840} INFO - DAG(s) 'example_branch_datetime_operator', 'example_branch_datetime_operator_3', 'example_branch_datetime_operator_2' retrieved from /home/airflow/.local/lib/python3.12/site-packages/airflow/example_dags/example_branch_datetime_operator.py
[2026-05-01T13:38:33.417+0000] {logging_mixin.py:188} INFO - [2026-05-01T13:38:33.416+0000] {dag.py:3089} INFO - Sync 3 DAGs
[2026-05-01T13:38:33.480+0000] {logging_mixin.py:188} INFO - [2026-05-01T13:38:33.480+0000] {dag.py:3947} INFO - Setting next_dagrun for example_branch_datetime_operator to 2026-04-30 00:00:00+00:00, run_after=2026-05-01 00:00:00+00:00
[2026-05-01T13:38:33.494+0000] {logging_mixin.py:188} INFO - [2026-05-01T13:38:33.494+0000] {dag.py:3947} INFO - Setting next_dagrun for example_branch_datetime_operator_2 to 2026-04-30 00:00:00+00:00, run_after=2026-05-01 00:00:00+00:00
[2026-05-01T13:38:33.502+0000] {logging_mixin.py:188} INFO - [2026-05-01T13:38:33.502+0000] {dag.py:3947} INFO - Setting next_dagrun for example_branch_datetime_operator_3 to 2026-04-30 00:00:00+00:00, run_after=2026-05-01 00:00:00+00:00
[2026-05-01T13:38:33.535+0000] {processor.py:183} INFO - Processing /home/airflow/.local/lib/python3.12/site-packages/airflow/example_dags/example_branch_datetime_operator.py took 0.278 seconds
[2026-05-01T13:39:03.772+0000] {processor.py:161} INFO - Started process (PID=1670) to work on /home/airflow/.local/lib/python3.12/site-packages/airflow/example_dags/example_branch_datetime_operator.py
[2026-05-01T13:39:03.787+0000] {processor.py:830} INFO - Processing file /home/airflow/.local/lib/python3.12/site-packages/airflow/example_dags/example_branch_datetime_operator.py for tasks to queue
[2026-05-01T13:39:03.802+0000] {logging_mixin.py:188} INFO - [2026-05-01T13:39:03.801+0000] {dagbag.py:545} INFO - Filling up the DagBag from /home/airflow/.local/lib/python3.12/site-packages/airflow/example_dags/example_branch_datetime_operator.py
[2026-05-01T13:39:03.846+0000] {processor.py:840} INFO - DAG(s) 'example_branch_datetime_operator_3', 'example_branch_datetime_operator', 'example_branch_datetime_operator_2' retrieved from /home/airflow/.local/lib/python3.12/site-packages/airflow/example_dags/example_branch_datetime_operator.py
[2026-05-01T13:39:03.923+0000] {logging_mixin.py:188} INFO - [2026-05-01T13:39:03.923+0000] {dag.py:3089} INFO - Sync 3 DAGs
[2026-05-01T13:39:03.986+0000] {logging_mixin.py:188} INFO - [2026-05-01T13:39:03.986+0000] {dag.py:3947} INFO - Setting next_dagrun for example_branch_datetime_operator to 2026-04-30 00:00:00+00:00, run_after=2026-05-01 00:00:00+00:00
[2026-05-01T13:39:03.996+0000] {logging_mixin.py:188} INFO - [2026-05-01T13:39:03.996+0000] {dag.py:3947} INFO - Setting next_dagrun for example_branch_datetime_operator_2 to 2026-04-30 00:00:00+00:00, run_after=2026-05-01 00:00:00+00:00
[2026-05-01T13:39:04.010+0000] {logging_mixin.py:188} INFO - [2026-05-01T13:39:04.010+0000] {dag.py:3947} INFO - Setting next_dagrun for example_branch_datetime_operator_3 to 2026-04-30 00:00:00+00:00, run_after=2026-05-01 00:00:00+00:00
[2026-05-01T13:39:04.047+0000] {processor.py:183} INFO - Processing /home/airflow/.local/lib/python3.12/site-packages/airflow/example_dags/example_branch_datetime_operator.py took 0.290 seconds
[2026-05-01T13:39:34.581+0000] {processor.py:161} INFO - Started process (PID=1728) to work on /home/airflow/.local/lib/python3.12/site-packages/airflow/example_dags/example_branch_datetime_operator.py
[2026-05-01T13:39:34.584+0000] {processor.py:830} INFO - Processing file /home/airflow/.local/lib/python3.12/site-packages/airflow/example_dags/example_branch_datetime_operator.py for tasks to queue
[2026-05-01T13:39:34.590+0000] {logging_mixin.py:188} INFO - [2026-05-01T13:39:34.589+0000] {dagbag.py:545} INFO - Filling up the DagBag from /home/airflow/.local/lib/python3.12/site-packages/airflow/example_dags/example_branch_datetime_operator.py
[2026-05-01T13:39:34.611+0000] {processor.py:840} INFO - DAG(s) 'example_branch_datetime_operator_2', 'example_branch_datetime_operator', 'example_branch_datetime_operator_3' retrieved from /home/airflow/.local/lib/python3.12/site-packages/airflow/example_dags/example_branch_datetime_operator.py
[2026-05-01T13:39:34.653+0000] {logging_mixin.py:188} INFO - [2026-05-01T13:39:34.653+0000] {dag.py:3089} INFO - Sync 3 DAGs
[2026-05-01T13:39:34.687+0000] {logging_mixin.py:188} INFO - [2026-05-01T13:39:34.687+0000] {dag.py:3947} INFO - Setting next_dagrun for example_branch_datetime_operator to 2026-04-30 00:00:00+00:00, run_after=2026-05-01 00:00:00+00:00
[2026-05-01T13:39:34.697+0000] {logging_mixin.py:188} INFO - [2026-05-01T13:39:34.697+0000] {dag.py:3947} INFO - Setting next_dagrun for example_branch_datetime_operator_2 to 2026-04-30 00:00:00+00:00, run_after=2026-05-01 00:00:00+00:00
[2026-05-01T13:39:34.704+0000] {logging_mixin.py:188} INFO - [2026-05-01T13:39:34.703+0000] {dag.py:3947} INFO - Setting next_dagrun for example_branch_datetime_operator_3 to 2026-04-30 00:00:00+00:00, run_after=2026-05-01 00:00:00+00:00
[2026-05-01T13:39:34.732+0000] {processor.py:183} INFO - Processing /home/airflow/.local/lib/python3.12/site-packages/airflow/example_dags/example_branch_datetime_operator.py took 0.172 seconds
[2026-05-01T13:40:05.475+0000] {processor.py:161} INFO - Started process (PID=1786) to work on /home/airflow/.local/lib/python3.12/site-packages/airflow/example_dags/example_branch_datetime_operator.py
[2026-05-01T13:40:05.478+0000] {processor.py:830} INFO - Processing file /home/airflow/.local/lib/python3.12/site-packages/airflow/example_dags/example_branch_datetime_operator.py for tasks to queue
[2026-05-01T13:40:05.485+0000] {logging_mixin.py:188} INFO - [2026-05-01T13:40:05.484+0000] {dagbag.py:545} INFO - Filling up the DagBag from /home/airflow/.local/lib/python3.12/site-packages/airflow/example_dags/example_branch_datetime_operator.py
[2026-05-01T13:40:05.680+0000] {processor.py:840} INFO - DAG(s) 'example_branch_datetime_operator', 'example_branch_datetime_operator_2', 'example_branch_datetime_operator_3' retrieved from /home/airflow/.local/lib/python3.12/site-packages/airflow/example_dags/example_branch_datetime_operator.py
[2026-05-01T13:40:05.726+0000] {logging_mixin.py:188} INFO - [2026-05-01T13:40:05.725+0000] {dag.py:3089} INFO - Sync 3 DAGs
[2026-05-01T13:40:05.765+0000] {logging_mixin.py:188} INFO - [2026-05-01T13:40:05.765+0000] {dag.py:3947} INFO - Setting next_dagrun for example_branch_datetime_operator to 2026-04-30 00:00:00+00:00, run_after=2026-05-01 00:00:00+00:00
[2026-05-01T13:40:05.774+0000] {logging_mixin.py:188} INFO - [2026-05-01T13:40:05.774+0000] {dag.py:3947} INFO - Setting next_dagrun for example_branch_datetime_operator_2 to 2026-04-30 00:00:00+00:00, run_after=2026-05-01 00:00:00+00:00
[2026-05-01T13:40:05.780+0000] {logging_mixin.py:188} INFO - [2026-05-01T13:40:05.780+0000] {dag.py:3947} INFO - Setting next_dagrun for example_branch_datetime_operator_3 to 2026-04-30 00:00:00+00:00, run_after=2026-05-01 00:00:00+00:00
[2026-05-01T13:40:05.811+0000] {processor.py:183} INFO - Processing /home/airflow/.local/lib/python3.12/site-packages/airflow/example_dags/example_branch_datetime_operator.py took 0.348 seconds
[2026-05-01T13:42:49.860+0000] {processor.py:161} INFO - Started process (PID=84) to work on /home/airflow/.local/lib/python3.12/site-packages/airflow/example_dags/example_branch_datetime_operator.py
[2026-05-01T13:42:49.870+0000] {processor.py:830} INFO - Processing file /home/airflow/.local/lib/python3.12/site-packages/airflow/example_dags/example_branch_datetime_operator.py for tasks to queue
[2026-05-01T13:42:49.886+0000] {logging_mixin.py:188} INFO - [2026-05-01T13:42:49.885+0000] {dagbag.py:545} INFO - Filling up the DagBag from /home/airflow/.local/lib/python3.12/site-packages/airflow/example_dags/example_branch_datetime_operator.py
[2026-05-01T13:42:49.928+0000] {processor.py:840} INFO - DAG(s) 'example_branch_datetime_operator', 'example_branch_datetime_operator_3', 'example_branch_datetime_operator_2' retrieved from /home/airflow/.local/lib/python3.12/site-packages/airflow/example_dags/example_branch_datetime_operator.py
[2026-05-01T13:42:50.256+0000] {logging_mixin.py:188} INFO - [2026-05-01T13:42:50.255+0000] {dag.py:3089} INFO - Sync 3 DAGs
[2026-05-01T13:42:50.287+0000] {logging_mixin.py:188} INFO - [2026-05-01T13:42:50.286+0000] {dag.py:3947} INFO - Setting next_dagrun for example_branch_datetime_operator to 2026-04-30 00:00:00+00:00, run_after=2026-05-01 00:00:00+00:00
[2026-05-01T13:42:50.295+0000] {logging_mixin.py:188} INFO - [2026-05-01T13:42:50.295+0000] {dag.py:3947} INFO - Setting next_dagrun for example_branch_datetime_operator_2 to 2026-04-30 00:00:00+00:00, run_after=2026-05-01 00:00:00+00:00
[2026-05-01T13:42:50.299+0000] {logging_mixin.py:188} INFO - [2026-05-01T13:42:50.299+0000] {dag.py:3947} INFO - Setting next_dagrun for example_branch_datetime_operator_3 to 2026-04-30 00:00:00+00:00, run_after=2026-05-01 00:00:00+00:00
[2026-05-01T13:42:50.323+0000] {processor.py:183} INFO - Processing /home/airflow/.local/lib/python3.12/site-packages/airflow/example_dags/example_branch_datetime_operator.py took 0.474 seconds
[2026-05-01T13:43:28.262+0000] {processor.py:161} INFO - Started process (PID=154) to work on /home/airflow/.local/lib/python3.12/site-packages/airflow/example_dags/example_branch_datetime_operator.py
[2026-05-01T13:43:28.268+0000] {processor.py:830} INFO - Processing file /home/airflow/.local/lib/python3.12/site-packages/airflow/example_dags/example_branch_datetime_operator.py for tasks to queue
[2026-05-01T13:43:28.275+0000] {logging_mixin.py:188} INFO - [2026-05-01T13:43:28.274+0000] {dagbag.py:545} INFO - Filling up the DagBag from /home/airflow/.local/lib/python3.12/site-packages/airflow/example_dags/example_branch_datetime_operator.py
[2026-05-01T13:43:28.419+0000] {processor.py:840} INFO - DAG(s) 'example_branch_datetime_operator', 'example_branch_datetime_operator_2', 'example_branch_datetime_operator_3' retrieved from /home/airflow/.local/lib/python3.12/site-packages/airflow/example_dags/example_branch_datetime_operator.py
[2026-05-01T13:43:28.544+0000] {logging_mixin.py:188} INFO - [2026-05-01T13:43:28.544+0000] {dag.py:3089} INFO - Sync 3 DAGs
[2026-05-01T13:43:28.666+0000] {logging_mixin.py:188} INFO - [2026-05-01T13:43:28.665+0000] {dag.py:3947} INFO - Setting next_dagrun for example_branch_datetime_operator to 2026-04-30 00:00:00+00:00, run_after=2026-05-01 00:00:00+00:00
[2026-05-01T13:43:28.685+0000] {logging_mixin.py:188} INFO - [2026-05-01T13:43:28.685+0000] {dag.py:3947} INFO - Setting next_dagrun for example_branch_datetime_operator_2 to 2026-04-30 00:00:00+00:00, run_after=2026-05-01 00:00:00+00:00
[2026-05-01T13:43:28.700+0000] {logging_mixin.py:188} INFO - [2026-05-01T13:43:28.699+0000] {dag.py:3947} INFO - Setting next_dagrun for example_branch_datetime_operator_3 to 2026-04-30 00:00:00+00:00, run_after=2026-05-01 00:00:00+00:00
[2026-05-01T13:43:28.746+0000] {processor.py:183} INFO - Processing /home/airflow/.local/lib/python3.12/site-packages/airflow/example_dags/example_branch_datetime_operator.py took 0.503 seconds
[2026-05-01T13:43:59.209+0000] {processor.py:161} INFO - Started process (PID=212) to work on /home/airflow/.local/lib/python3.12/site-packages/airflow/example_dags/example_branch_datetime_operator.py
[2026-05-01T13:43:59.213+0000] {processor.py:830} INFO - Processing file /home/airflow/.local/lib/python3.12/site-packages/airflow/example_dags/example_branch_datetime_operator.py for tasks to queue
[2026-05-01T13:43:59.238+0000] {logging_mixin.py:188} INFO - [2026-05-01T13:43:59.222+0000] {dagbag.py:545} INFO - Filling up the DagBag from /home/airflow/.local/lib/python3.12/site-packages/airflow/example_dags/example_branch_datetime_operator.py
[2026-05-01T13:43:59.271+0000] {processor.py:840} INFO - DAG(s) 'example_branch_datetime_operator_2', 'example_branch_datetime_operator_3', 'example_branch_datetime_operator' retrieved from /home/airflow/.local/lib/python3.12/site-packages/airflow/example_dags/example_branch_datetime_operator.py
[2026-05-01T13:43:59.322+0000] {logging_mixin.py:188} INFO - [2026-05-01T13:43:59.321+0000] {dag.py:3089} INFO - Sync 3 DAGs
[2026-05-01T13:43:59.371+0000] {logging_mixin.py:188} INFO - [2026-05-01T13:43:59.371+0000] {dag.py:3947} INFO - Setting next_dagrun for example_branch_datetime_operator to 2026-04-30 00:00:00+00:00, run_after=2026-05-01 00:00:00+00:00
[2026-05-01T13:43:59.383+0000] {logging_mixin.py:188} INFO - [2026-05-01T13:43:59.382+0000] {dag.py:3947} INFO - Setting next_dagrun for example_branch_datetime_operator_2 to 2026-04-30 00:00:00+00:00, run_after=2026-05-01 00:00:00+00:00
[2026-05-01T13:43:59.393+0000] {logging_mixin.py:188} INFO - [2026-05-01T13:43:59.393+0000] {dag.py:3947} INFO - Setting next_dagrun for example_branch_datetime_operator_3 to 2026-04-30 00:00:00+00:00, run_after=2026-05-01 00:00:00+00:00
[2026-05-01T13:43:59.435+0000] {processor.py:183} INFO - Processing /home/airflow/.local/lib/python3.12/site-packages/airflow/example_dags/example_branch_datetime_operator.py took 0.245 seconds
[2026-05-01T13:44:31.034+0000] {processor.py:161} INFO - Started process (PID=269) to work on /home/airflow/.local/lib/python3.12/site-packages/airflow/example_dags/example_branch_datetime_operator.py
[2026-05-01T13:44:31.038+0000] {processor.py:830} INFO - Processing file /home/airflow/.local/lib/python3.12/site-packages/airflow/example_dags/example_branch_datetime_operator.py for tasks to queue
[2026-05-01T13:44:31.048+0000] {logging_mixin.py:188} INFO - [2026-05-01T13:44:31.045+0000] {dagbag.py:545} INFO - Filling up the DagBag from /home/airflow/.local/lib/python3.12/site-packages/airflow/example_dags/example_branch_datetime_operator.py
[2026-05-01T13:44:31.070+0000] {processor.py:840} INFO - DAG(s) 'example_branch_datetime_operator_3', 'example_branch_datetime_operator_2', 'example_branch_datetime_operator' retrieved from /home/airflow/.local/lib/python3.12/site-packages/airflow/example_dags/example_branch_datetime_operator.py
[2026-05-01T13:44:31.118+0000] {logging_mixin.py:188} INFO - [2026-05-01T13:44:31.118+0000] {dag.py:3089} INFO - Sync 3 DAGs
[2026-05-01T13:44:31.157+0000] {logging_mixin.py:188} INFO - [2026-05-01T13:44:31.156+0000] {dag.py:3947} INFO - Setting next_dagrun for example_branch_datetime_operator to 2026-04-30 00:00:00+00:00, run_after=2026-05-01 00:00:00+00:00
[2026-05-01T13:44:31.167+0000] {logging_mixin.py:188} INFO - [2026-05-01T13:44:31.167+0000] {dag.py:3947} INFO - Setting next_dagrun for example_branch_datetime_operator_2 to 2026-04-30 00:00:00+00:00, run_after=2026-05-01 00:00:00+00:00
[2026-05-01T13:44:31.173+0000] {logging_mixin.py:188} INFO - [2026-05-01T13:44:31.173+0000] {dag.py:3947} INFO - Setting next_dagrun for example_branch_datetime_operator_3 to 2026-04-30 00:00:00+00:00, run_after=2026-05-01 00:00:00+00:00
[2026-05-01T13:44:31.222+0000] {processor.py:183} INFO - Processing /home/airflow/.local/lib/python3.12/site-packages/airflow/example_dags/example_branch_datetime_operator.py took 0.206 seconds
[2026-05-01T13:45:02.591+0000] {processor.py:161} INFO - Started process (PID=327) to work on /home/airflow/.local/lib/python3.12/site-packages/airflow/example_dags/example_branch_datetime_operator.py
[2026-05-01T13:45:02.630+0000] {processor.py:830} INFO - Processing file /home/airflow/.local/lib/python3.12/site-packages/airflow/example_dags/example_branch_datetime_operator.py for tasks to queue
[2026-05-01T13:45:02.670+0000] {logging_mixin.py:188} INFO - [2026-05-01T13:45:02.668+0000] {dagbag.py:545} INFO - Filling up the DagBag from /home/airflow/.local/lib/python3.12/site-packages/airflow/example_dags/example_branch_datetime_operator.py
[2026-05-01T13:45:02.845+0000] {processor.py:840} INFO - DAG(s) 'example_branch_datetime_operator_2', 'example_branch_datetime_operator', 'example_branch_datetime_operator_3' retrieved from /home/airflow/.local/lib/python3.12/site-packages/airflow/example_dags/example_branch_datetime_operator.py
[2026-05-01T13:45:03.351+0000] {logging_mixin.py:188} INFO - [2026-05-01T13:45:03.351+0000] {dag.py:3089} INFO - Sync 3 DAGs
[2026-05-01T13:45:03.736+0000] {logging_mixin.py:188} INFO - [2026-05-01T13:45:03.735+0000] {dag.py:3947} INFO - Setting next_dagrun for example_branch_datetime_operator to 2026-04-30 00:00:00+00:00, run_after=2026-05-01 00:00:00+00:00
[2026-05-01T13:45:03.769+0000] {logging_mixin.py:188} INFO - [2026-05-01T13:45:03.769+0000] {dag.py:3947} INFO - Setting next_dagrun for example_branch_datetime_operator_2 to 2026-04-30 00:00:00+00:00, run_after=2026-05-01 00:00:00+00:00
[2026-05-01T13:45:03.842+0000] {logging_mixin.py:188} INFO - [2026-05-01T13:45:03.827+0000] {dag.py:3947} INFO - Setting next_dagrun for example_branch_datetime_operator_3 to 2026-04-30 00:00:00+00:00, run_after=2026-05-01 00:00:00+00:00
[2026-05-01T13:45:04.021+0000] {processor.py:183} INFO - Processing /home/airflow/.local/lib/python3.12/site-packages/airflow/example_dags/example_branch_datetime_operator.py took 1.488 seconds
[2026-05-01T13:45:34.258+0000] {processor.py:161} INFO - Started process (PID=385) to work on /home/airflow/.local/lib/python3.12/site-packages/airflow/example_dags/example_branch_datetime_operator.py
[2026-05-01T13:45:34.261+0000] {processor.py:830} INFO - Processing file /home/airflow/.local/lib/python3.12/site-packages/airflow/example_dags/example_branch_datetime_operator.py for tasks to queue
[2026-05-01T13:45:34.266+0000] {logging_mixin.py:188} INFO - [2026-05-01T13:45:34.265+0000] {dagbag.py:545} INFO - Filling up the DagBag from /home/airflow/.local/lib/python3.12/site-packages/airflow/example_dags/example_branch_datetime_operator.py
[2026-05-01T13:45:34.282+0000] {processor.py:840} INFO - DAG(s) 'example_branch_datetime_operator_3', 'example_branch_datetime_operator_2', 'example_branch_datetime_operator' retrieved from /home/airflow/.local/lib/python3.12/site-packages/airflow/example_dags/example_branch_datetime_operator.py
[2026-05-01T13:45:34.329+0000] {logging_mixin.py:188} INFO - [2026-05-01T13:45:34.329+0000] {dag.py:3089} INFO - Sync 3 DAGs
[2026-05-01T13:45:34.362+0000] {logging_mixin.py:188} INFO - [2026-05-01T13:45:34.361+0000] {dag.py:3947} INFO - Setting next_dagrun for example_branch_datetime_operator to 2026-04-30 00:00:00+00:00, run_after=2026-05-01 00:00:00+00:00
[2026-05-01T13:45:34.370+0000] {logging_mixin.py:188} INFO - [2026-05-01T13:45:34.369+0000] {dag.py:3947} INFO - Setting next_dagrun for example_branch_datetime_operator_2 to 2026-04-30 00:00:00+00:00, run_after=2026-05-01 00:00:00+00:00
[2026-05-01T13:45:34.375+0000] {logging_mixin.py:188} INFO - [2026-05-01T13:45:34.375+0000] {dag.py:3947} INFO - Setting next_dagrun for example_branch_datetime_operator_3 to 2026-04-30 00:00:00+00:00, run_after=2026-05-01 00:00:00+00:00
[2026-05-01T13:45:34.399+0000] {processor.py:183} INFO - Processing /home/airflow/.local/lib/python3.12/site-packages/airflow/example_dags/example_branch_datetime_operator.py took 0.155 seconds
[2026-05-01T13:46:04.770+0000] {processor.py:161} INFO - Started process (PID=443) to work on /home/airflow/.local/lib/python3.12/site-packages/airflow/example_dags/example_branch_datetime_operator.py
[2026-05-01T13:46:04.777+0000] {processor.py:830} INFO - Processing file /home/airflow/.local/lib/python3.12/site-packages/airflow/example_dags/example_branch_datetime_operator.py for tasks to queue
[2026-05-01T13:46:04.788+0000] {logging_mixin.py:188} INFO - [2026-05-01T13:46:04.787+0000] {dagbag.py:545} INFO - Filling up the DagBag from /home/airflow/.local/lib/python3.12/site-packages/airflow/example_dags/example_branch_datetime_operator.py
[2026-05-01T13:46:04.816+0000] {processor.py:840} INFO - DAG(s) 'example_branch_datetime_operator_3', 'example_branch_datetime_operator', 'example_branch_datetime_operator_2' retrieved from /home/airflow/.local/lib/python3.12/site-packages/airflow/example_dags/example_branch_datetime_operator.py
[2026-05-01T13:46:04.864+0000] {logging_mixin.py:188} INFO - [2026-05-01T13:46:04.864+0000] {dag.py:3089} INFO - Sync 3 DAGs
[2026-05-01T13:46:04.917+0000] {logging_mixin.py:188} INFO - [2026-05-01T13:46:04.917+0000] {dag.py:3947} INFO - Setting next_dagrun for example_branch_datetime_operator to 2026-04-30 00:00:00+00:00, run_after=2026-05-01 00:00:00+00:00
[2026-05-01T13:46:04.924+0000] {logging_mixin.py:188} INFO - [2026-05-01T13:46:04.924+0000] {dag.py:3947} INFO - Setting next_dagrun for example_branch_datetime_operator_2 to 2026-04-30 00:00:00+00:00, run_after=2026-05-01 00:00:00+00:00
[2026-05-01T13:46:04.929+0000] {logging_mixin.py:188} INFO - [2026-05-01T13:46:04.929+0000] {dag.py:3947} INFO - Setting next_dagrun for example_branch_datetime_operator_3 to 2026-04-30 00:00:00+00:00, run_after=2026-05-01 00:00:00+00:00
[2026-05-01T13:46:04.953+0000] {processor.py:183} INFO - Processing /home/airflow/.local/lib/python3.12/site-packages/airflow/example_dags/example_branch_datetime_operator.py took 0.203 seconds
[2026-05-01T13:46:35.289+0000] {processor.py:161} INFO - Started process (PID=501) to work on /home/airflow/.local/lib/python3.12/site-packages/airflow/example_dags/example_branch_datetime_operator.py
[2026-05-01T13:46:35.292+0000] {processor.py:830} INFO - Processing file /home/airflow/.local/lib/python3.12/site-packages/airflow/example_dags/example_branch_datetime_operator.py for tasks to queue
[2026-05-01T13:46:35.298+0000] {logging_mixin.py:188} INFO - [2026-05-01T13:46:35.297+0000] {dagbag.py:545} INFO - Filling up the DagBag from /home/airflow/.local/lib/python3.12/site-packages/airflow/example_dags/example_branch_datetime_operator.py
[2026-05-01T13:46:35.318+0000] {processor.py:840} INFO - DAG(s) 'example_branch_datetime_operator', 'example_branch_datetime_operator_2', 'example_branch_datetime_operator_3' retrieved from /home/airflow/.local/lib/python3.12/site-packages/airflow/example_dags/example_branch_datetime_operator.py
[2026-05-01T13:46:35.361+0000] {logging_mixin.py:188} INFO - [2026-05-01T13:46:35.361+0000] {dag.py:3089} INFO - Sync 3 DAGs
[2026-05-01T13:46:35.401+0000] {logging_mixin.py:188} INFO - [2026-05-01T13:46:35.401+0000] {dag.py:3947} INFO - Setting next_dagrun for example_branch_datetime_operator to 2026-04-30 00:00:00+00:00, run_after=2026-05-01 00:00:00+00:00
[2026-05-01T13:46:35.410+0000] {logging_mixin.py:188} INFO - [2026-05-01T13:46:35.410+0000] {dag.py:3947} INFO - Setting next_dagrun for example_branch_datetime_operator_2 to 2026-04-30 00:00:00+00:00, run_after=2026-05-01 00:00:00+00:00
[2026-05-01T13:46:35.420+0000] {logging_mixin.py:188} INFO - [2026-05-01T13:46:35.420+0000] {dag.py:3947} INFO - Setting next_dagrun for example_branch_datetime_operator_3 to 2026-04-30 00:00:00+00:00, run_after=2026-05-01 00:00:00+00:00
[2026-05-01T13:46:35.455+0000] {processor.py:183} INFO - Processing /home/airflow/.local/lib/python3.12/site-packages/airflow/example_dags/example_branch_datetime_operator.py took 0.178 seconds
[2026-05-01T13:47:05.971+0000] {processor.py:161} INFO - Started process (PID=559) to work on /home/airflow/.local/lib/python3.12/site-packages/airflow/example_dags/example_branch_datetime_operator.py
[2026-05-01T13:47:05.975+0000] {processor.py:830} INFO - Processing file /home/airflow/.local/lib/python3.12/site-packages/airflow/example_dags/example_branch_datetime_operator.py for tasks to queue
[2026-05-01T13:47:05.985+0000] {logging_mixin.py:188} INFO - [2026-05-01T13:47:05.983+0000] {dagbag.py:545} INFO - Filling up the DagBag from /home/airflow/.local/lib/python3.12/site-packages/airflow/example_dags/example_branch_datetime_operator.py
[2026-05-01T13:47:06.021+0000] {processor.py:840} INFO - DAG(s) 'example_branch_datetime_operator_2', 'example_branch_datetime_operator', 'example_branch_datetime_operator_3' retrieved from /home/airflow/.local/lib/python3.12/site-packages/airflow/example_dags/example_branch_datetime_operator.py
[2026-05-01T13:47:06.108+0000] {logging_mixin.py:188} INFO - [2026-05-01T13:47:06.108+0000] {dag.py:3089} INFO - Sync 3 DAGs
[2026-05-01T13:47:06.201+0000] {logging_mixin.py:188} INFO - [2026-05-01T13:47:06.200+0000] {dag.py:3947} INFO - Setting next_dagrun for example_branch_datetime_operator to 2026-04-30 00:00:00+00:00, run_after=2026-05-01 00:00:00+00:00
[2026-05-01T13:47:06.217+0000] {logging_mixin.py:188} INFO - [2026-05-01T13:47:06.216+0000] {dag.py:3947} INFO - Setting next_dagrun for example_branch_datetime_operator_2 to 2026-04-30 00:00:00+00:00, run_after=2026-05-01 00:00:00+00:00
[2026-05-01T13:47:06.228+0000] {logging_mixin.py:188} INFO - [2026-05-01T13:47:06.227+0000] {dag.py:3947} INFO - Setting next_dagrun for example_branch_datetime_operator_3 to 2026-04-30 00:00:00+00:00, run_after=2026-05-01 00:00:00+00:00
[2026-05-01T13:47:06.283+0000] {processor.py:183} INFO - Processing /home/airflow/.local/lib/python3.12/site-packages/airflow/example_dags/example_branch_datetime_operator.py took 0.343 seconds
[2026-05-01T13:47:37.215+0000] {processor.py:161} INFO - Started process (PID=617) to work on /home/airflow/.local/lib/python3.12/site-packages/airflow/example_dags/example_branch_datetime_operator.py
[2026-05-01T13:47:37.223+0000] {processor.py:830} INFO - Processing file /home/airflow/.local/lib/python3.12/site-packages/airflow/example_dags/example_branch_datetime_operator.py for tasks to queue
[2026-05-01T13:47:37.230+0000] {logging_mixin.py:188} INFO - [2026-05-01T13:47:37.229+0000] {dagbag.py:545} INFO - Filling up the DagBag from /home/airflow/.local/lib/python3.12/site-packages/airflow/example_dags/example_branch_datetime_operator.py
[2026-05-01T13:47:37.258+0000] {processor.py:840} INFO - DAG(s) 'example_branch_datetime_operator_3', 'example_branch_datetime_operator', 'example_branch_datetime_operator_2' retrieved from /home/airflow/.local/lib/python3.12/site-packages/airflow/example_dags/example_branch_datetime_operator.py
[2026-05-01T13:47:37.318+0000] {logging_mixin.py:188} INFO - [2026-05-01T13:47:37.318+0000] {dag.py:3089} INFO - Sync 3 DAGs
[2026-05-01T13:47:37.407+0000] {logging_mixin.py:188} INFO - [2026-05-01T13:47:37.407+0000] {dag.py:3947} INFO - Setting next_dagrun for example_branch_datetime_operator to 2026-04-30 00:00:00+00:00, run_after=2026-05-01 00:00:00+00:00
[2026-05-01T13:47:37.424+0000] {logging_mixin.py:188} INFO - [2026-05-01T13:47:37.424+0000] {dag.py:3947} INFO - Setting next_dagrun for example_branch_datetime_operator_2 to 2026-04-30 00:00:00+00:00, run_after=2026-05-01 00:00:00+00:00
[2026-05-01T13:47:37.431+0000] {logging_mixin.py:188} INFO - [2026-05-01T13:47:37.431+0000] {dag.py:3947} INFO - Setting next_dagrun for example_branch_datetime_operator_3 to 2026-04-30 00:00:00+00:00, run_after=2026-05-01 00:00:00+00:00
[2026-05-01T13:47:37.467+0000] {processor.py:183} INFO - Processing /home/airflow/.local/lib/python3.12/site-packages/airflow/example_dags/example_branch_datetime_operator.py took 0.266 seconds
[2026-05-01T13:48:08.624+0000] {processor.py:161} INFO - Started process (PID=674) to work on /home/airflow/.local/lib/python3.12/site-packages/airflow/example_dags/example_branch_datetime_operator.py
[2026-05-01T13:48:08.629+0000] {processor.py:830} INFO - Processing file /home/airflow/.local/lib/python3.12/site-packages/airflow/example_dags/example_branch_datetime_operator.py for tasks to queue
[2026-05-01T13:48:08.638+0000] {logging_mixin.py:188} INFO - [2026-05-01T13:48:08.637+0000] {dagbag.py:545} INFO - Filling up the DagBag from /home/airflow/.local/lib/python3.12/site-packages/airflow/example_dags/example_branch_datetime_operator.py
[2026-05-01T13:48:08.690+0000] {processor.py:840} INFO - DAG(s) 'example_branch_datetime_operator_3', 'example_branch_datetime_operator', 'example_branch_datetime_operator_2' retrieved from /home/airflow/.local/lib/python3.12/site-packages/airflow/example_dags/example_branch_datetime_operator.py
[2026-05-01T13:48:08.791+0000] {logging_mixin.py:188} INFO - [2026-05-01T13:48:08.791+0000] {dag.py:3089} INFO - Sync 3 DAGs
[2026-05-01T13:48:08.861+0000] {logging_mixin.py:188} INFO - [2026-05-01T13:48:08.860+0000] {dag.py:3947} INFO - Setting next_dagrun for example_branch_datetime_operator to 2026-04-30 00:00:00+00:00, run_after=2026-05-01 00:00:00+00:00
[2026-05-01T13:48:08.884+0000] {logging_mixin.py:188} INFO - [2026-05-01T13:48:08.884+0000] {dag.py:3947} INFO - Setting next_dagrun for example_branch_datetime_operator_2 to 2026-04-30 00:00:00+00:00, run_after=2026-05-01 00:00:00+00:00
[2026-05-01T13:48:08.895+0000] {logging_mixin.py:188} INFO - [2026-05-01T13:48:08.895+0000] {dag.py:3947} INFO - Setting next_dagrun for example_branch_datetime_operator_3 to 2026-04-30 00:00:00+00:00, run_after=2026-05-01 00:00:00+00:00
[2026-05-01T13:48:08.962+0000] {processor.py:183} INFO - Processing /home/airflow/.local/lib/python3.12/site-packages/airflow/example_dags/example_branch_datetime_operator.py took 0.391 seconds
[2026-05-01T13:48:39.346+0000] {processor.py:161} INFO - Started process (PID=731) to work on /home/airflow/.local/lib/python3.12/site-packages/airflow/example_dags/example_branch_datetime_operator.py
[2026-05-01T13:48:39.348+0000] {processor.py:830} INFO - Processing file /home/airflow/.local/lib/python3.12/site-packages/airflow/example_dags/example_branch_datetime_operator.py for tasks to queue
[2026-05-01T13:48:39.354+0000] {logging_mixin.py:188} INFO - [2026-05-01T13:48:39.354+0000] {dagbag.py:545} INFO - Filling up the DagBag from /home/airflow/.local/lib/python3.12/site-packages/airflow/example_dags/example_branch_datetime_operator.py
[2026-05-01T13:48:39.370+0000] {processor.py:840} INFO - DAG(s) 'example_branch_datetime_operator_3', 'example_branch_datetime_operator', 'example_branch_datetime_operator_2' retrieved from /home/airflow/.local/lib/python3.12/site-packages/airflow/example_dags/example_branch_datetime_operator.py
[2026-05-01T13:48:39.411+0000] {logging_mixin.py:188} INFO - [2026-05-01T13:48:39.411+0000] {dag.py:3089} INFO - Sync 3 DAGs
[2026-05-01T13:48:39.445+0000] {logging_mixin.py:188} INFO - [2026-05-01T13:48:39.444+0000] {dag.py:3947} INFO - Setting next_dagrun for example_branch_datetime_operator to 2026-04-30 00:00:00+00:00, run_after=2026-05-01 00:00:00+00:00
[2026-05-01T13:48:39.455+0000] {logging_mixin.py:188} INFO - [2026-05-01T13:48:39.455+0000] {dag.py:3947} INFO - Setting next_dagrun for example_branch_datetime_operator_2 to 2026-04-30 00:00:00+00:00, run_after=2026-05-01 00:00:00+00:00
[2026-05-01T13:48:39.459+0000] {logging_mixin.py:188} INFO - [2026-05-01T13:48:39.459+0000] {dag.py:3947} INFO - Setting next_dagrun for example_branch_datetime_operator_3 to 2026-04-30 00:00:00+00:00, run_after=2026-05-01 00:00:00+00:00
[2026-05-01T13:48:39.486+0000] {processor.py:183} INFO - Processing /home/airflow/.local/lib/python3.12/site-packages/airflow/example_dags/example_branch_datetime_operator.py took 0.150 seconds
[2026-05-01T13:49:09.728+0000] {processor.py:161} INFO - Started process (PID=789) to work on /home/airflow/.local/lib/python3.12/site-packages/airflow/example_dags/example_branch_datetime_operator.py
[2026-05-01T13:49:09.731+0000] {processor.py:830} INFO - Processing file /home/airflow/.local/lib/python3.12/site-packages/airflow/example_dags/example_branch_datetime_operator.py for tasks to queue
[2026-05-01T13:49:09.737+0000] {logging_mixin.py:188} INFO - [2026-05-01T13:49:09.736+0000] {dagbag.py:545} INFO - Filling up the DagBag from /home/airflow/.local/lib/python3.12/site-packages/airflow/example_dags/example_branch_datetime_operator.py
[2026-05-01T13:49:09.755+0000] {processor.py:840} INFO - DAG(s) 'example_branch_datetime_operator_3', 'example_branch_datetime_operator', 'example_branch_datetime_operator_2' retrieved from /home/airflow/.local/lib/python3.12/site-packages/airflow/example_dags/example_branch_datetime_operator.py
[2026-05-01T13:49:09.810+0000] {logging_mixin.py:188} INFO - [2026-05-01T13:49:09.809+0000] {dag.py:3089} INFO - Sync 3 DAGs
[2026-05-01T13:49:09.843+0000] {logging_mixin.py:188} INFO - [2026-05-01T13:49:09.843+0000] {dag.py:3947} INFO - Setting next_dagrun for example_branch_datetime_operator to 2026-04-30 00:00:00+00:00, run_after=2026-05-01 00:00:00+00:00
[2026-05-01T13:49:09.851+0000] {logging_mixin.py:188} INFO - [2026-05-01T13:49:09.851+0000] {dag.py:3947} INFO - Setting next_dagrun for example_branch_datetime_operator_2 to 2026-04-30 00:00:00+00:00, run_after=2026-05-01 00:00:00+00:00
[2026-05-01T13:49:09.857+0000] {logging_mixin.py:188} INFO - [2026-05-01T13:49:09.857+0000] {dag.py:3947} INFO - Setting next_dagrun for example_branch_datetime_operator_3 to 2026-04-30 00:00:00+00:00, run_after=2026-05-01 00:00:00+00:00
[2026-05-01T13:49:09.885+0000] {processor.py:183} INFO - Processing /home/airflow/.local/lib/python3.12/site-packages/airflow/example_dags/example_branch_datetime_operator.py took 0.167 seconds
[2026-05-01T13:49:40.546+0000] {processor.py:161} INFO - Started process (PID=847) to work on /home/airflow/.local/lib/python3.12/site-packages/airflow/example_dags/example_branch_datetime_operator.py
[2026-05-01T13:49:40.549+0000] {processor.py:830} INFO - Processing file /home/airflow/.local/lib/python3.12/site-packages/airflow/example_dags/example_branch_datetime_operator.py for tasks to queue
[2026-05-01T13:49:40.554+0000] {logging_mixin.py:188} INFO - [2026-05-01T13:49:40.553+0000] {dagbag.py:545} INFO - Filling up the DagBag from /home/airflow/.local/lib/python3.12/site-packages/airflow/example_dags/example_branch_datetime_operator.py
[2026-05-01T13:49:40.571+0000] {processor.py:840} INFO - DAG(s) 'example_branch_datetime_operator_2', 'example_branch_datetime_operator_3', 'example_branch_datetime_operator' retrieved from /home/airflow/.local/lib/python3.12/site-packages/airflow/example_dags/example_branch_datetime_operator.py
[2026-05-01T13:49:40.611+0000] {logging_mixin.py:188} INFO - [2026-05-01T13:49:40.611+0000] {dag.py:3089} INFO - Sync 3 DAGs
[2026-05-01T13:49:40.644+0000] {logging_mixin.py:188} INFO - [2026-05-01T13:49:40.643+0000] {dag.py:3947} INFO - Setting next_dagrun for example_branch_datetime_operator to 2026-04-30 00:00:00+00:00, run_after=2026-05-01 00:00:00+00:00
[2026-05-01T13:49:40.653+0000] {logging_mixin.py:188} INFO - [2026-05-01T13:49:40.652+0000] {dag.py:3947} INFO - Setting next_dagrun for example_branch_datetime_operator_2 to 2026-04-30 00:00:00+00:00, run_after=2026-05-01 00:00:00+00:00
[2026-05-01T13:49:40.658+0000] {logging_mixin.py:188} INFO - [2026-05-01T13:49:40.657+0000] {dag.py:3947} INFO - Setting next_dagrun for example_branch_datetime_operator_3 to 2026-04-30 00:00:00+00:00, run_after=2026-05-01 00:00:00+00:00
[2026-05-01T13:49:40.681+0000] {processor.py:183} INFO - Processing /home/airflow/.local/lib/python3.12/site-packages/airflow/example_dags/example_branch_datetime_operator.py took 0.142 seconds
[2026-05-01T13:50:12.583+0000] {processor.py:161} INFO - Started process (PID=904) to work on /home/airflow/.local/lib/python3.12/site-packages/airflow/example_dags/example_branch_datetime_operator.py
[2026-05-01T13:50:12.592+0000] {processor.py:830} INFO - Processing file /home/airflow/.local/lib/python3.12/site-packages/airflow/example_dags/example_branch_datetime_operator.py for tasks to queue
[2026-05-01T13:50:12.613+0000] {logging_mixin.py:188} INFO - [2026-05-01T13:50:12.597+0000] {dagbag.py:545} INFO - Filling up the DagBag from /home/airflow/.local/lib/python3.12/site-packages/airflow/example_dags/example_branch_datetime_operator.py
[2026-05-01T13:50:12.713+0000] {processor.py:840} INFO - DAG(s) 'example_branch_datetime_operator', 'example_branch_datetime_operator_3', 'example_branch_datetime_operator_2' retrieved from /home/airflow/.local/lib/python3.12/site-packages/airflow/example_dags/example_branch_datetime_operator.py
[2026-05-01T13:50:12.858+0000] {logging_mixin.py:188} INFO - [2026-05-01T13:50:12.858+0000] {dag.py:3089} INFO - Sync 3 DAGs
[2026-05-01T13:50:12.919+0000] {logging_mixin.py:188} INFO - [2026-05-01T13:50:12.918+0000] {dag.py:3947} INFO - Setting next_dagrun for example_branch_datetime_operator to 2026-04-30 00:00:00+00:00, run_after=2026-05-01 00:00:00+00:00
[2026-05-01T13:50:12.933+0000] {logging_mixin.py:188} INFO - [2026-05-01T13:50:12.933+0000] {dag.py:3947} INFO - Setting next_dagrun for example_branch_datetime_operator_2 to 2026-04-30 00:00:00+00:00, run_after=2026-05-01 00:00:00+00:00
[2026-05-01T13:50:12.941+0000] {logging_mixin.py:188} INFO - [2026-05-01T13:50:12.940+0000] {dag.py:3947} INFO - Setting next_dagrun for example_branch_datetime_operator_3 to 2026-04-30 00:00:00+00:00, run_after=2026-05-01 00:00:00+00:00
[2026-05-01T13:50:13.025+0000] {processor.py:183} INFO - Processing /home/airflow/.local/lib/python3.12/site-packages/airflow/example_dags/example_branch_datetime_operator.py took 0.473 seconds
[2026-05-01T13:50:43.987+0000] {processor.py:161} INFO - Started process (PID=961) to work on /home/airflow/.local/lib/python3.12/site-packages/airflow/example_dags/example_branch_datetime_operator.py
[2026-05-01T13:50:44.010+0000] {processor.py:830} INFO - Processing file /home/airflow/.local/lib/python3.12/site-packages/airflow/example_dags/example_branch_datetime_operator.py for tasks to queue
[2026-05-01T13:50:44.032+0000] {logging_mixin.py:188} INFO - [2026-05-01T13:50:44.031+0000] {dagbag.py:545} INFO - Filling up the DagBag from /home/airflow/.local/lib/python3.12/site-packages/airflow/example_dags/example_branch_datetime_operator.py
[2026-05-01T13:50:44.099+0000] {processor.py:840} INFO - DAG(s) 'example_branch_datetime_operator_3', 'example_branch_datetime_operator', 'example_branch_datetime_operator_2' retrieved from /home/airflow/.local/lib/python3.12/site-packages/airflow/example_dags/example_branch_datetime_operator.py
[2026-05-01T13:50:44.166+0000] {logging_mixin.py:188} INFO - [2026-05-01T13:50:44.166+0000] {dag.py:3089} INFO - Sync 3 DAGs
[2026-05-01T13:50:44.206+0000] {logging_mixin.py:188} INFO - [2026-05-01T13:50:44.206+0000] {dag.py:3947} INFO - Setting next_dagrun for example_branch_datetime_operator to 2026-04-30 00:00:00+00:00, run_after=2026-05-01 00:00:00+00:00
[2026-05-01T13:50:44.215+0000] {logging_mixin.py:188} INFO - [2026-05-01T13:50:44.215+0000] {dag.py:3947} INFO - Setting next_dagrun for example_branch_datetime_operator_2 to 2026-04-30 00:00:00+00:00, run_after=2026-05-01 00:00:00+00:00
[2026-05-01T13:50:44.221+0000] {logging_mixin.py:188} INFO - [2026-05-01T13:50:44.221+0000] {dag.py:3947} INFO - Setting next_dagrun for example_branch_datetime_operator_3 to 2026-04-30 00:00:00+00:00, run_after=2026-05-01 00:00:00+00:00
[2026-05-01T13:50:44.269+0000] {processor.py:183} INFO - Processing /home/airflow/.local/lib/python3.12/site-packages/airflow/example_dags/example_branch_datetime_operator.py took 0.351 seconds
[2026-05-01T13:51:14.386+0000] {processor.py:161} INFO - Started process (PID=1018) to work on /home/airflow/.local/lib/python3.12/site-packages/airflow/example_dags/example_branch_datetime_operator.py
[2026-05-01T13:51:14.390+0000] {processor.py:830} INFO - Processing file /home/airflow/.local/lib/python3.12/site-packages/airflow/example_dags/example_branch_datetime_operator.py for tasks to queue
[2026-05-01T13:51:14.396+0000] {logging_mixin.py:188} INFO - [2026-05-01T13:51:14.395+0000] {dagbag.py:545} INFO - Filling up the DagBag from /home/airflow/.local/lib/python3.12/site-packages/airflow/example_dags/example_branch_datetime_operator.py
[2026-05-01T13:51:14.422+0000] {processor.py:840} INFO - DAG(s) 'example_branch_datetime_operator_2', 'example_branch_datetime_operator_3', 'example_branch_datetime_operator' retrieved from /home/airflow/.local/lib/python3.12/site-packages/airflow/example_dags/example_branch_datetime_operator.py
[2026-05-01T13:51:14.472+0000] {logging_mixin.py:188} INFO - [2026-05-01T13:51:14.472+0000] {dag.py:3089} INFO - Sync 3 DAGs
[2026-05-01T13:51:14.535+0000] {logging_mixin.py:188} INFO - [2026-05-01T13:51:14.534+0000] {dag.py:3947} INFO - Setting next_dagrun for example_branch_datetime_operator to 2026-04-30 00:00:00+00:00, run_after=2026-05-01 00:00:00+00:00
[2026-05-01T13:51:14.566+0000] {logging_mixin.py:188} INFO - [2026-05-01T13:51:14.564+0000] {dag.py:3947} INFO - Setting next_dagrun for example_branch_datetime_operator_2 to 2026-04-30 00:00:00+00:00, run_after=2026-05-01 00:00:00+00:00
[2026-05-01T13:51:14.572+0000] {logging_mixin.py:188} INFO - [2026-05-01T13:51:14.572+0000] {dag.py:3947} INFO - Setting next_dagrun for example_branch_datetime_operator_3 to 2026-04-30 00:00:00+00:00, run_after=2026-05-01 00:00:00+00:00
[2026-05-01T13:51:14.658+0000] {processor.py:183} INFO - Processing /home/airflow/.local/lib/python3.12/site-packages/airflow/example_dags/example_branch_datetime_operator.py took 0.285 seconds
[2026-05-01T13:51:45.073+0000] {processor.py:161} INFO - Started process (PID=1076) to work on /home/airflow/.local/lib/python3.12/site-packages/airflow/example_dags/example_branch_datetime_operator.py
[2026-05-01T13:51:45.076+0000] {processor.py:830} INFO - Processing file /home/airflow/.local/lib/python3.12/site-packages/airflow/example_dags/example_branch_datetime_operator.py for tasks to queue
[2026-05-01T13:51:45.087+0000] {logging_mixin.py:188} INFO - [2026-05-01T13:51:45.087+0000] {dagbag.py:545} INFO - Filling up the DagBag from /home/airflow/.local/lib/python3.12/site-packages/airflow/example_dags/example_branch_datetime_operator.py
[2026-05-01T13:51:45.124+0000] {processor.py:840} INFO - DAG(s) 'example_branch_datetime_operator_2', 'example_branch_datetime_operator_3', 'example_branch_datetime_operator' retrieved from /home/airflow/.local/lib/python3.12/site-packages/airflow/example_dags/example_branch_datetime_operator.py
[2026-05-01T13:51:45.218+0000] {logging_mixin.py:188} INFO - [2026-05-01T13:51:45.217+0000] {dag.py:3089} INFO - Sync 3 DAGs
[2026-05-01T13:51:45.275+0000] {logging_mixin.py:188} INFO - [2026-05-01T13:51:45.275+0000] {dag.py:3947} INFO - Setting next_dagrun for example_branch_datetime_operator to 2026-04-30 00:00:00+00:00, run_after=2026-05-01 00:00:00+00:00
[2026-05-01T13:51:45.287+0000] {logging_mixin.py:188} INFO - [2026-05-01T13:51:45.287+0000] {dag.py:3947} INFO - Setting next_dagrun for example_branch_datetime_operator_2 to 2026-04-30 00:00:00+00:00, run_after=2026-05-01 00:00:00+00:00
[2026-05-01T13:51:45.291+0000] {logging_mixin.py:188} INFO - [2026-05-01T13:51:45.291+0000] {dag.py:3947} INFO - Setting next_dagrun for example_branch_datetime_operator_3 to 2026-04-30 00:00:00+00:00, run_after=2026-05-01 00:00:00+00:00
[2026-05-01T13:51:45.355+0000] {processor.py:183} INFO - Processing /home/airflow/.local/lib/python3.12/site-packages/airflow/example_dags/example_branch_datetime_operator.py took 0.304 seconds
[2026-05-01T13:52:16.338+0000] {processor.py:161} INFO - Started process (PID=1133) to work on /home/airflow/.local/lib/python3.12/site-packages/airflow/example_dags/example_branch_datetime_operator.py
[2026-05-01T13:52:16.342+0000] {processor.py:830} INFO - Processing file /home/airflow/.local/lib/python3.12/site-packages/airflow/example_dags/example_branch_datetime_operator.py for tasks to queue
[2026-05-01T13:52:16.349+0000] {logging_mixin.py:188} INFO - [2026-05-01T13:52:16.347+0000] {dagbag.py:545} INFO - Filling up the DagBag from /home/airflow/.local/lib/python3.12/site-packages/airflow/example_dags/example_branch_datetime_operator.py
[2026-05-01T13:52:16.385+0000] {processor.py:840} INFO - DAG(s) 'example_branch_datetime_operator_3', 'example_branch_datetime_operator', 'example_branch_datetime_operator_2' retrieved from /home/airflow/.local/lib/python3.12/site-packages/airflow/example_dags/example_branch_datetime_operator.py
[2026-05-01T13:52:16.437+0000] {logging_mixin.py:188} INFO - [2026-05-01T13:52:16.436+0000] {dag.py:3089} INFO - Sync 3 DAGs
[2026-05-01T13:52:16.484+0000] {logging_mixin.py:188} INFO - [2026-05-01T13:52:16.484+0000] {dag.py:3947} INFO - Setting next_dagrun for example_branch_datetime_operator to 2026-04-30 00:00:00+00:00, run_after=2026-05-01 00:00:00+00:00
[2026-05-01T13:52:16.496+0000] {logging_mixin.py:188} INFO - [2026-05-01T13:52:16.496+0000] {dag.py:3947} INFO - Setting next_dagrun for example_branch_datetime_operator_2 to 2026-04-30 00:00:00+00:00, run_after=2026-05-01 00:00:00+00:00
[2026-05-01T13:52:16.502+0000] {logging_mixin.py:188} INFO - [2026-05-01T13:52:16.502+0000] {dag.py:3947} INFO - Setting next_dagrun for example_branch_datetime_operator_3 to 2026-04-30 00:00:00+00:00, run_after=2026-05-01 00:00:00+00:00
[2026-05-01T13:52:16.532+0000] {processor.py:183} INFO - Processing /home/airflow/.local/lib/python3.12/site-packages/airflow/example_dags/example_branch_datetime_operator.py took 0.215 seconds
[2026-05-01T13:52:47.134+0000] {processor.py:161} INFO - Started process (PID=1191) to work on /home/airflow/.local/lib/python3.12/site-packages/airflow/example_dags/example_branch_datetime_operator.py
[2026-05-01T13:52:47.137+0000] {processor.py:830} INFO - Processing file /home/airflow/.local/lib/python3.12/site-packages/airflow/example_dags/example_branch_datetime_operator.py for tasks to queue
[2026-05-01T13:52:47.142+0000] {logging_mixin.py:188} INFO - [2026-05-01T13:52:47.141+0000] {dagbag.py:545} INFO - Filling up the DagBag from /home/airflow/.local/lib/python3.12/site-packages/airflow/example_dags/example_branch_datetime_operator.py
[2026-05-01T13:52:47.178+0000] {processor.py:840} INFO - DAG(s) 'example_branch_datetime_operator_3', 'example_branch_datetime_operator', 'example_branch_datetime_operator_2' retrieved from /home/airflow/.local/lib/python3.12/site-packages/airflow/example_dags/example_branch_datetime_operator.py
[2026-05-01T13:52:47.359+0000] {logging_mixin.py:188} INFO - [2026-05-01T13:52:47.358+0000] {dag.py:3089} INFO - Sync 3 DAGs
[2026-05-01T13:52:47.491+0000] {logging_mixin.py:188} INFO - [2026-05-01T13:52:47.490+0000] {dag.py:3947} INFO - Setting next_dagrun for example_branch_datetime_operator to 2026-04-30 00:00:00+00:00, run_after=2026-05-01 00:00:00+00:00
[2026-05-01T13:52:47.524+0000] {logging_mixin.py:188} INFO - [2026-05-01T13:52:47.524+0000] {dag.py:3947} INFO - Setting next_dagrun for example_branch_datetime_operator_2 to 2026-04-30 00:00:00+00:00, run_after=2026-05-01 00:00:00+00:00
[2026-05-01T13:52:47.531+0000] {logging_mixin.py:188} INFO - [2026-05-01T13:52:47.531+0000] {dag.py:3947} INFO - Setting next_dagrun for example_branch_datetime_operator_3 to 2026-04-30 00:00:00+00:00, run_after=2026-05-01 00:00:00+00:00
[2026-05-01T13:52:47.572+0000] {processor.py:183} INFO - Processing /home/airflow/.local/lib/python3.12/site-packages/airflow/example_dags/example_branch_datetime_operator.py took 0.449 seconds
[2026-05-01T13:53:18.075+0000] {processor.py:161} INFO - Started process (PID=1249) to work on /home/airflow/.local/lib/python3.12/site-packages/airflow/example_dags/example_branch_datetime_operator.py
[2026-05-01T13:53:18.103+0000] {processor.py:830} INFO - Processing file /home/airflow/.local/lib/python3.12/site-packages/airflow/example_dags/example_branch_datetime_operator.py for tasks to queue
[2026-05-01T13:53:18.119+0000] {logging_mixin.py:188} INFO - [2026-05-01T13:53:18.118+0000] {dagbag.py:545} INFO - Filling up the DagBag from /home/airflow/.local/lib/python3.12/site-packages/airflow/example_dags/example_branch_datetime_operator.py
[2026-05-01T13:53:18.254+0000] {processor.py:840} INFO - DAG(s) 'example_branch_datetime_operator_2', 'example_branch_datetime_operator', 'example_branch_datetime_operator_3' retrieved from /home/airflow/.local/lib/python3.12/site-packages/airflow/example_dags/example_branch_datetime_operator.py
[2026-05-01T13:53:18.357+0000] {logging_mixin.py:188} INFO - [2026-05-01T13:53:18.356+0000] {dag.py:3089} INFO - Sync 3 DAGs
[2026-05-01T13:53:18.453+0000] {logging_mixin.py:188} INFO - [2026-05-01T13:53:18.453+0000] {dag.py:3947} INFO - Setting next_dagrun for example_branch_datetime_operator to 2026-04-30 00:00:00+00:00, run_after=2026-05-01 00:00:00+00:00
[2026-05-01T13:53:18.472+0000] {logging_mixin.py:188} INFO - [2026-05-01T13:53:18.472+0000] {dag.py:3947} INFO - Setting next_dagrun for example_branch_datetime_operator_2 to 2026-04-30 00:00:00+00:00, run_after=2026-05-01 00:00:00+00:00
[2026-05-01T13:53:18.519+0000] {logging_mixin.py:188} INFO - [2026-05-01T13:53:18.516+0000] {dag.py:3947} INFO - Setting next_dagrun for example_branch_datetime_operator_3 to 2026-04-30 00:00:00+00:00, run_after=2026-05-01 00:00:00+00:00
[2026-05-01T13:53:18.635+0000] {processor.py:183} INFO - Processing /home/airflow/.local/lib/python3.12/site-packages/airflow/example_dags/example_branch_datetime_operator.py took 0.637 seconds
